Date;Produit_ID;Categorie_Produit;Region_Production;Region_Vente;Zone_Agroeco;Saisonnalite_Sin;Saisonnalite_Cos;Superficie_Cultivee_ha;Demographie_Vente;Pluie_Lag;Temperature_Moy;Pertes_PostRecolte_Pct;Prix_Intrants;Indice_Carburant;Accessibilite_Route;Cout_Transport;Taux_Naira;Inflation_Mensuelle_Pct;Restrictions_Import;Stocks_Retenus;Choc_Demande;Choc_Securitaire;Choc_Frontiere;Choc_Sanitaire;Choc_Economique;Prix_T-1;Prix_Vente_FCFA_kg
2015-01;Maïs;Céréales;Ouest;Centre;Hauts Plateaux;0.5;0.866;57589;2722904;10.5;23.0;9.6;85;600;4;45;3.0;0.2;0;0;1;0;0;0;0;165;160
2015-01;Riz;Céréales;Extrême-Nord;Centre;Soudano-sahélienne;0.5;0.866;25000;2722904;0.0;30.5;5.0;125;600;3;85;3.0;0.2;0;0;1;1;1;0;0;380;375
2015-01;Mil-Sorgho;Céréales;Nord;Extrême-Nord;Soudano-sahélienne;0.5;0.866;55000;3993000;0.0;32.0;12.5;70;600;3;35;3.0;0.2;0;0;1;1;1;0;0;170;175
2015-01;Blé;Céréales;Littoral(Import);Centre;Forêt monomodale;0.5;0.866;0;2722904;25.0;27.0;2.0;0;600;4;25;3.0;0.2;1;0;1;0;0;0;0;330;340
2015-01;Manioc;"Tubercules, Racines et Plantains";Centre;Centre;Forêt bimodale;0.5;0.866;115000;2722904;15.0;25.0;30.5;50;600;3;20;3.0;0.2;0;0;1;0;0;0;0;95;105
2015-01;Plantain;"Tubercules, Racines et Plantains";Sud-Ouest;Littoral;Forêt monomodale;0.5;0.866;35000;2800000;35.0;26.5;25.0;75;600;3;65;3.0;0.2;0;0;1;0;0;0;0;210;225
2015-01;Macabo-Taro;"Tubercules, Racines et Plantains";Littoral;Littoral;Forêt monomodale;0.5;0.866;18000;2800000;35.0;26.5;28.5;65;600;3;25;3.0;0.2;0;0;1;0;0;0;0;150;160
2015-01;Igname;"Tubercules, Racines et Plantains";Adamaoua;Centre;Savane guinéenne;0.5;0.866;21000;2722904;0.0;24.0;26.0;110;600;3;75;3.0;0.2;0;0;1;0;0;0;0;310;330
2015-01;Pomme de terre;"Tubercules, Racines et Plantains";Ouest;Littoral;Hauts Plateaux;0.5;0.866;15000;2800000;10.5;23.0;21.0;115;600;4;50;3.0;0.2;0;0;1;0;0;0;0;350;370
2015-01;Patate douce;"Tubercules, Racines et Plantains";Ouest;Centre;Hauts Plateaux;0.5;0.866;8000;2722904;10.5;23.0;23.0;65;600;4;45;3.0;0.2;0;0;1;0;0;0;0;140;150
2015-01;Tomate;Maraîchers;Ouest;Centre;Hauts Plateaux;0.5;0.866;12000;2722904;10.5;23.0;25.5;145;600;4;50;3.0;0.2;0;0;1;0;0;0;0;450;480
2015-01;Oignon;Maraîchers;Extrême-Nord;Centre;Soudano-sahélienne;0.5;0.866;22000;2722904;0.0;30.5;26.0;120;600;2;155;3.0;0.2;0;0;1;1;1;0;0;600;620
2015-01;Gombo;Maraîchers;Centre;Centre;Forêt bimodale;0.5;0.866;4000;2722904;15.0;25.0;42.0;100;600;3;20;3.0;0.2;0;0;1;0;0;0;0;350;380
2015-01;Piment;Maraîchers;Extrême-Nord;Littoral;Soudano-sahélienne;0.5;0.866;3500;2800000;0.0;30.5;32.0;175;600;2;160;3.0;0.2;0;0;1;1;1;0;0;850;880
2015-01;Poivron;Maraîchers;Extrême-Nord;Centre;Soudano-sahélienne;0.5;0.866;2800;2722904;0.0;30.5;37.0;165;600;2;150;3.0;0.2;0;0;1;1;1;0;0;950;990
2015-01;Ail;Maraîchers;Extrême-Nord;Centre;Soudano-sahélienne;0.5;0.866;1200;2722904;0.0;30.5;18.0;200;600;2;140;3.0;0.2;0;0;1;1;1;0;0;2200;2300
2015-01;Basilic;Maraîchers;Centre;Centre;Forêt bimodale;0.5;0.866;800;2722904;15.0;25.0;55.0;80;600;3;20;3.0;0.2;0;0;1;0;0;0;0;400;420
2015-01;Légumes feuilles;Maraîchers;Centre;Centre;Forêt bimodale;0.5;0.866;6500;2722904;15.0;25.0;48.0;65;600;3;20;3.0;0.2;0;0;1;0;0;0;0;250;275
2015-01;Choux;Maraîchers;Ouest;Littoral;Hauts Plateaux;0.5;0.866;4500;2800000;10.5;23.0;32.0;105;600;4;45;3.0;0.2;0;0;1;0;0;0;0;310;330
2015-01;Pastèque;Maraîchers;Extrême-Nord;Centre;Soudano-sahélienne;0.5;0.866;2500;2722904;0.0;30.5;22.0;95;600;2;145;3.0;0.2;0;0;1;1;1;0;0;180;200
2015-01;Arachide;Oléagineux et Légumineuses;Nord;Centre;Soudano-sahélienne;0.5;0.866;52000;2722904;0.0;32.0;11.0;175;600;2;110;3.0;0.2;0;0;1;1;1;0;0;580;590
2015-01;Soja;Oléagineux et Légumineuses;Adamaoua;Centre;Savane guinéenne;0.5;0.866;8500;2722904;0.0;24.0;10.5;160;600;3;85;3.0;0.2;0;0;1;0;0;0;0;520;540
2015-01;Niébé;Oléagineux et Légumineuses;Extrême-Nord;Extrême-Nord;Soudano-sahélienne;0.5;0.866;35000;3993000;0.0;30.5;12.5;180;600;3;35;3.0;0.2;0;0;1;1;1;0;0;550;570
2015-01;Haricot sec;Oléagineux et Légumineuses;Ouest;Littoral;Hauts Plateaux;0.5;0.866;32000;2800000;10.5;23.0;8.5;110;600;4;45;3.0;0.2;0;0;1;0;0;0;0;450;465
2015-01;Huile de palme;Oléagineux et Légumineuses;Littoral;Centre;Forêt monomodale;0.5;0.866;55000;2722904;25.0;27.0;6.0;235;600;4;40;3.0;0.2;0;0;1;0;0;0;0;680;710
2015-01;Ananas;Fruits;Littoral;Centre;Forêt monomodale;0.5;0.866;8500;2722904;25.0;27.0;16.5;110;600;4;45;3.0;0.2;0;0;1;0;0;0;0;280;290
2015-01;Papaye;Fruits;Centre;Centre;Forêt bimodale;0.5;0.866;3500;2722904;15.0;25.0;36.0;80;600;3;20;3.0;0.2;0;0;1;0;0;0;0;250;270
2015-01;Mangue;Fruits;Nord;Centre;Soudano-sahélienne;0.5;0.866;6500;2722904;0.0;32.0;42.0;60;600;2;135;3.0;0.2;0;0;1;1;1;0;0;280;310
2015-01;Avocat;Fruits;Ouest;Littoral;Hauts Plateaux;0.5;0.866;12000;2800000;10.5;23.0;26.0;70;600;4;45;3.0;0.2;0;0;1;0;0;0;0;200;220
2015-01;Safou;Fruits;Littoral;Centre;Forêt monomodale;0.5;0.866;4500;2722904;25.0;27.0;41.0;80;600;3;45;3.0;0.2;0;0;1;0;0;0;0;380;410
2015-01;Citron;Fruits;Centre;Centre;Forêt bimodale;0.5;0.866;2500;2722904;15.0;25.0;21.0;75;600;3;20;3.0;0.2;0;0;1;0;0;0;0;260;280
2015-01;Orange;Fruits;Centre;Centre;Forêt bimodale;0.5;0.866;4500;2722904;15.0;25.0;21.0;85;600;3;20;3.0;0.2;0;0;1;0;0;0;0;240;255
2015-01;Banane douce;Fruits;Sud-Ouest;Littoral;Forêt monomodale;0.5;0.866;18000;2800000;35.0;26.5;31.0;110;600;3;55;3.0;0.2;0;0;1;0;0;0;0;180;200
2015-01;Cacao;Cultures de Rente et Stimulants;Centre;Littoral;Forêt bimodale;0.5;0.866;210000;2800000;15.0;25.0;6.0;400;600;4;30;3.0;0.2;0;0;0;0;0;0;0;1450;1480
2015-01;Café;Cultures de Rente et Stimulants;Ouest;Littoral;Hauts Plateaux;0.5;0.866;95000;2800000;10.5;23.0;5.0;350;600;4;45;3.0;0.2;0;0;0;0;0;0;0;1650;1690
2015-02;Maïs;Céréales;Ouest;Centre;Hauts Plateaux;0.866;0.5;57589;2722904;15.5;24.0;9.6;85;600;4;45;3.0;0.2;0;0;0;0;0;0;0;160;155
2015-02;Riz;Céréales;Extrême-Nord;Centre;Soudano-sahélienne;0.866;0.5;25000;2722904;0.0;31.5;5.0;125;600;3;85;3.0;0.2;0;0;0;1;1;0;0;375;370
2015-02;Mil-Sorgho;Céréales;Nord;Extrême-Nord;Soudano-sahélienne;0.866;0.5;55000;3993000;0.0;33.0;12.5;70;600;3;35;3.0;0.2;0;0;0;1;1;0;0;175;170
2015-02;Blé;Céréales;Littoral(Import);Centre;Forêt monomodale;0.866;0.5;0;2722904;30.0;28.0;2.0;0;600;4;25;3.0;0.2;1;0;0;0;0;0;0;340;345
2015-02;Manioc;"Tubercules, Racines et Plantains";Centre;Centre;Forêt bimodale;0.866;0.5;115000;2722904;20.0;26.0;30.5;50;600;3;20;3.0;0.2;0;0;0;0;0;0;0;105;100
2015-02;Plantain;"Tubercules, Racines et Plantains";Sud-Ouest;Littoral;Forêt monomodale;0.866;0.5;35000;2800000;40.0;27.5;25.0;75;600;3;65;3.0;0.2;0;0;0;0;0;0;0;225;235
2015-02;Macabo-Taro;"Tubercules, Racines et Plantains";Littoral;Littoral;Forêt monomodale;0.866;0.5;18000;2800000;40.0;27.5;28.5;65;600;3;25;3.0;0.2;0;0;0;0;0;0;0;160;165
2015-02;Igname;"Tubercules, Racines et Plantains";Adamaoua;Centre;Savane guinéenne;0.866;0.5;21000;2722904;0.0;25.0;26.0;110;600;3;75;3.0;0.2;0;0;0;0;0;0;0;330;320
2015-02;Pomme de terre;"Tubercules, Racines et Plantains";Ouest;Littoral;Hauts Plateaux;0.866;0.5;15000;2800000;15.5;24.0;21.0;115;600;4;50;3.0;0.2;0;0;0;0;0;0;0;370;360
2015-02;Patate douce;"Tubercules, Racines et Plantains";Ouest;Centre;Hauts Plateaux;0.866;0.5;8000;2722904;15.5;24.0;23.0;65;600;4;45;3.0;0.2;0;0;0;0;0;0;0;150;145
2015-02;Tomate;Maraîchers;Ouest;Centre;Hauts Plateaux;0.866;0.5;12000;2722904;15.5;24.0;25.5;145;600;4;50;3.0;0.2;0;0;0;0;0;0;0;480;460
2015-02;Oignon;Maraîchers;Extrême-Nord;Centre;Soudano-sahélienne;0.866;0.5;22000;2722904;0.0;31.5;26.0;120;600;2;155;3.0;0.2;0;0;0;1;1;0;0;620;600
2015-02;Gombo;Maraîchers;Centre;Centre;Forêt bimodale;0.866;0.5;4000;2722904;20.0;26.0;42.0;100;600;3;20;3.0;0.2;0;0;0;0;0;0;0;380;365
2015-02;Piment;Maraîchers;Extrême-Nord;Littoral;Soudano-sahélienne;0.866;0.5;3500;2800000;0.0;31.5;32.0;175;600;2;160;3.0;0.2;0;0;0;1;1;0;0;880;860
2015-02;Poivron;Maraîchers;Extrême-Nord;Centre;Soudano-sahélienne;0.866;0.5;2800;2722904;0.0;31.5;37.0;165;600;2;150;3.0;0.2;0;0;0;1;1;0;0;990;970
2015-02;Ail;Maraîchers;Extrême-Nord;Centre;Soudano-sahélienne;0.866;0.5;1200;2722904;0.0;31.5;18.0;200;600;2;140;3.0;0.2;0;0;0;1;1;0;0;2300;2250
2015-02;Basilic;Maraîchers;Centre;Centre;Forêt bimodale;0.866;0.5;800;2722904;20.0;26.0;55.0;80;600;3;20;3.0;0.2;0;0;0;0;0;0;0;420;410
2015-02;Légumes feuilles;Maraîchers;Centre;Centre;Forêt bimodale;0.866;0.5;6500;2722904;20.0;26.0;48.0;65;600;3;20;3.0;0.2;0;0;0;0;0;0;0;275;260
2015-02;Choux;Maraîchers;Ouest;Littoral;Hauts Plateaux;0.866;0.5;4500;2800000;15.5;24.0;32.0;105;600;4;45;3.0;0.2;0;0;0;0;0;0;0;330;315
2015-02;Pastèque;Maraîchers;Extrême-Nord;Centre;Soudano-sahélienne;0.866;0.5;2500;2722904;0.0;31.5;22.0;95;600;2;145;3.0;0.2;0;0;0;1;1;0;0;200;185
2015-02;Arachide;Oléagineux et Légumineuses;Nord;Centre;Soudano-sahélienne;0.866;0.5;52000;2722904;0.0;33.0;11.0;175;600;2;110;3.0;0.2;0;0;0;1;1;0;0;590;575
2015-02;Soja;Oléagineux et Légumineuses;Adamaoua;Centre;Savane guinéenne;0.866;0.5;8500;2722904;0.0;25.0;10.5;160;600;3;85;3.0;0.2;0;0;0;0;0;0;0;540;530
2015-02;Niébé;Oléagineux et Légumineuses;Extrême-Nord;Extrême-Nord;Soudano-sahélienne;0.866;0.5;35000;3993000;0.0;31.5;12.5;180;600;3;35;3.0;0.2;0;0;0;1;1;0;0;570;560
2015-02;Haricot sec;Oléagineux et Légumineuses;Ouest;Littoral;Hauts Plateaux;0.866;0.5;32000;2800000;15.5;24.0;8.5;110;600;4;45;3.0;0.2;0;0;0;0;0;0;0;465;455
2015-02;Huile de palme;Oléagineux et Légumineuses;Littoral;Centre;Forêt monomodale;0.866;0.5;55000;2722904;30.0;28.0;6.0;235;600;4;40;3.0;0.2;0;0;0;0;0;0;0;710;700
2015-02;Ananas;Fruits;Littoral;Centre;Forêt monomodale;0.866;0.5;8500;2722904;30.0;28.0;16.5;110;600;4;45;3.0;0.2;0;0;0;0;0;0;0;290;275
2015-02;Papaye;Fruits;Centre;Centre;Forêt bimodale;0.866;0.5;3500;2722904;20.0;26.0;36.0;80;600;3;20;3.0;0.2;0;0;0;0;0;0;0;270;255
2015-02;Mangue;Fruits;Nord;Centre;Soudano-sahélienne;0.866;0.5;6500;2722904;0.0;33.0;42.0;60;600;2;135;3.0;0.2;0;0;0;1;1;0;0;310;290
2015-02;Avocat;Fruits;Ouest;Littoral;Hauts Plateaux;0.866;0.5;12000;2800000;15.5;24.0;26.0;70;600;4;45;3.0;0.2;0;0;0;0;0;0;0;220;210
2015-02;Safou;Fruits;Littoral;Centre;Forêt monomodale;0.866;0.5;4500;2722904;30.0;28.0;41.0;80;600;3;45;3.0;0.2;0;0;0;0;0;0;0;410;390
2015-02;Citron;Fruits;Centre;Centre;Forêt bimodale;0.866;0.5;2500;2722904;20.0;26.0;21.0;75;600;3;20;3.0;0.2;0;0;0;0;0;0;0;280;270
2015-02;Orange;Fruits;Centre;Centre;Forêt bimodale;0.866;0.5;4500;2722904;20.0;26.0;21.0;85;600;3;20;3.0;0.2;0;0;0;0;0;0;0;255;245
2015-02;Banane douce;Fruits;Sud-Ouest;Littoral;Forêt monomodale;0.866;0.5;18000;2800000;40.0;27.5;31.0;110;600;3;55;3.0;0.2;0;0;0;0;0;0;0;200;190
2015-02;Cacao;Cultures de Rente et Stimulants;Centre;Littoral;Forêt bimodale;0.866;0.5;210000;2800000;20.0;26.0;6.0;400;600;4;30;3.0;0.2;0;0;0;0;0;0;0;1480;1510
2015-02;Café;Cultures de Rente et Stimulants;Ouest;Littoral;Hauts Plateaux;0.866;0.5;95000;2800000;15.5;24.0;5.0;350;600;4;45;3.0;0.2;0;0;0;0;0;0;0;1690;1720
2015-03;Maïs;Céréales;Ouest;Centre;Hauts Plateaux;1.0;0.0;57589;2722904;55.0;24.0;10.5;90;600;3;50;3.0;0.3;0;0;0;0;0;0;0;155;165
2015-03;Riz;Céréales;Extrême-Nord;Centre;Soudano-sahélienne;1.0;0.0;25000;2722904;0.0;33.5;5.0;130;600;3;85;3.0;0.3;0;0;0;1;1;0;0;370;380
2015-03;Mil-Sorgho;Céréales;Nord;Extrême-Nord;Soudano-sahélienne;1.0;0.0;55000;3993000;0.0;35.0;12.5;75;600;3;35;3.0;0.3;0;0;0;1;1;0;0;170;180
2015-03;Blé;Céréales;Littoral(Import);Centre;Forêt monomodale;1.0;0.0;0;2722904;55.0;28.0;2.0;0;600;3;30;3.0;0.3;1;0;0;0;0;0;0;345;350
2015-03;Manioc;"Tubercules, Racines et Plantains";Centre;Centre;Forêt bimodale;1.0;0.0;115000;2722904;45.0;27.0;32.5;55;600;3;22;3.0;0.3;0;0;0;0;0;0;0;100;110
2015-03;Plantain;"Tubercules, Racines et Plantains";Sud-Ouest;Littoral;Forêt monomodale;1.0;0.0;35000;2800000;65.0;28.5;26.0;80;600;3;70;3.0;0.3;0;0;0;0;0;0;0;235;250
2015-03;Macabo-Taro;"Tubercules, Racines et Plantains";Littoral;Littoral;Forêt monomodale;1.0;0.0;18000;2800000;65.0;28.5;29.5;70;600;3;28;3.0;0.3;0;0;0;0;0;0;0;165;175
2015-03;Igname;"Tubercules, Racines et Plantains";Adamaoua;Centre;Savane guinéenne;1.0;0.0;21000;2722904;10.0;26.0;26.5;115;600;3;80;3.0;0.3;0;0;0;0;0;0;0;320;340
2015-03;Pomme de terre;"Tubercules, Racines et Plantains";Ouest;Littoral;Hauts Plateaux;1.0;0.0;15000;2800000;55.0;24.0;23.0;120;600;3;55;3.0;0.3;0;0;0;0;0;0;0;360;385
2015-03;Patate douce;"Tubercules, Racines et Plantains";Ouest;Centre;Hauts Plateaux;1.0;0.0;8000;2722904;55.0;24.0;24.0;70;600;3;50;3.0;0.3;0;0;0;0;0;0;0;145;160
2015-03;Tomate;Maraîchers;Ouest;Centre;Hauts Plateaux;1.0;0.0;12000;2722904;55.0;24.0;28.5;150;600;3;55;3.0;0.3;0;0;0;0;0;0;0;460;520
2015-03;Oignon;Maraîchers;Extrême-Nord;Centre;Soudano-sahélienne;1.0;0.0;22000;2722904;0.0;34.0;26.5;125;600;2;160;3.0;0.3;0;0;0;1;1;0;0;600;640
2015-03;Gombo;Maraîchers;Centre;Centre;Forêt bimodale;1.0;0.0;4000;2722904;45.0;27.0;44.0;105;600;3;22;3.0;0.3;0;0;0;0;0;0;0;365;395
2015-03;Piment;Maraîchers;Extrême-Nord;Littoral;Soudano-sahélienne;1.0;0.0;3500;2800000;0.0;34.0;32.5;180;600;2;165;3.0;0.3;0;0;0;1;1;0;0;860;900
2015-03;Poivron;Maraîchers;Extrême-Nord;Centre;Soudano-sahélienne;1.0;0.0;2800;2722904;0.0;34.0;37.5;170;600;2;155;3.0;0.3;0;0;0;1;1;0;0;970;1020
2015-03;Ail;Maraîchers;Extrême-Nord;Centre;Soudano-sahélienne;1.0;0.0;1200;2722904;0.0;34.0;18.5;205;600;2;145;3.0;0.3;0;0;0;1;1;0;0;2250;2350
2015-03;Basilic;Maraîchers;Centre;Centre;Forêt bimodale;1.0;0.0;800;2722904;45.0;27.0;57.0;85;600;3;22;3.0;0.3;0;0;0;0;0;0;0;410;440
2015-03;Légumes feuilles;Maraîchers;Centre;Centre;Forêt bimodale;1.0;0.0;6500;2722904;45.0;27.0;50.0;70;600;3;22;3.0;0.3;0;0;0;0;0;0;0;260;285
2015-03;Choux;Maraîchers;Ouest;Littoral;Hauts Plateaux;1.0;0.0;4500;2800000;55.0;24.0;34.0;110;600;3;50;3.0;0.3;0;0;0;0;0;0;0;315;345
2015-03;Pastèque;Maraîchers;Extrême-Nord;Centre;Soudano-sahélienne;1.0;0.0;2500;2722904;0.0;34.0;22.5;100;600;2;150;3.0;0.3;0;0;0;1;1;0;0;185;210
2015-03;Arachide;Oléagineux et Légumineuses;Nord;Centre;Soudano-sahélienne;1.0;0.0;52000;2722904;0.0;34.5;11.5;180;600;2;115;3.0;0.3;0;0;0;1;1;0;0;575;600
2015-03;Soja;Oléagineux et Légumineuses;Adamaoua;Centre;Savane guinéenne;1.0;0.0;8500;2722904;10.0;26.0;11.0;165;600;3;90;3.0;0.3;0;0;0;0;0;0;0;530;550
2015-03;Niébé;Oléagineux et Légumineuses;Extrême-Nord;Extrême-Nord;Soudano-sahélienne;1.0;0.0;35000;3993000;0.0;34.0;13.0;185;600;3;40;3.0;0.3;0;0;0;1;1;0;0;560;590
2015-03;Haricot sec;Oléagineux et Légumineuses;Ouest;Littoral;Hauts Plateaux;1.0;0.0;32000;2800000;55.0;24.0;9.5;115;600;3;50;3.0;0.3;0;0;0;0;0;0;0;455;480
2015-03;Huile de palme;Oléagineux et Légumineuses;Littoral;Centre;Forêt monomodale;1.0;0.0;55000;2722904;65.0;28.5;6.5;240;600;3;45;3.0;0.3;0;0;0;0;0;0;0;700;730
2015-03;Ananas;Fruits;Littoral;Centre;Forêt monomodale;1.0;0.0;8500;2722904;65.0;28.5;18.0;115;600;3;50;3.0;0.3;0;0;0;0;0;0;0;275;300
2015-03;Papaye;Fruits;Centre;Centre;Forêt bimodale;1.0;0.0;3500;2722904;45.0;27.0;38.0;85;600;3;22;3.0;0.3;0;0;0;0;0;0;0;255;285
2015-03;Mangue;Fruits;Nord;Centre;Soudano-sahélienne;1.0;0.0;6500;2722904;0.0;34.5;43.0;65;600;2;140;3.0;0.3;0;0;0;1;1;0;0;290;280
2015-03;Avocat;Fruits;Ouest;Littoral;Hauts Plateaux;1.0;0.0;12000;2800000;55.0;24.0;28.0;75;600;3;50;3.0;0.3;0;0;0;0;0;0;0;210;235
2015-03;Safou;Fruits;Littoral;Centre;Forêt monomodale;1.0;0.0;4500;2722904;65.0;28.5;43.0;85;600;3;50;3.0;0.3;0;0;0;0;0;0;0;390;425
2015-03;Citron;Fruits;Centre;Centre;Forêt bimodale;1.0;0.0;2500;2722904;45.0;27.0;23.0;80;600;3;22;3.0;0.3;0;0;0;0;0;0;0;270;295
2015-03;Orange;Fruits;Centre;Centre;Forêt bimodale;1.0;0.0;4500;2722904;45.0;27.0;23.0;90;600;3;22;3.0;0.3;0;0;0;0;0;0;0;245;265
2015-03;Banane douce;Fruits;Sud-Ouest;Littoral;Forêt monomodale;1.0;0.0;18000;2800000;65.0;28.5;32.0;115;600;3;60;3.0;0.3;0;0;0;0;0;0;0;190;210
2015-03;Cacao;Cultures de Rente et Stimulants;Centre;Littoral;Forêt bimodale;1.0;0.0;210000;2800000;45.0;27.0;6.5;410;600;3;35;3.0;0.3;0;0;0;0;0;0;0;1510;1530
2015-03;Café;Cultures de Rente et Stimulants;Ouest;Littoral;Hauts Plateaux;1.0;0.0;95000;2800000;55.0;24.0;5.5;360;600;3;50;3.0;0.3;0;0;0;0;0;0;0;1720;1750
2015-04;Maïs;Céréales;Ouest;Centre;Hauts Plateaux;0.866;-0.5;57589;2722904;110.0;23.5;11.5;90;600;2;55;3.0;0.4;0;1;0;0;0;0;0;165;180
2015-04;Riz;Céréales;Extrême-Nord;Centre;Soudano-sahélienne;0.866;-0.5;25000;2722904;10.0;35.0;5.5;130;600;2;90;3.0;0.4;0;0;0;1;1;0;0;380;395
2015-04;Mil-Sorgho;Céréales;Nord;Extrême-Nord;Soudano-sahélienne;0.866;-0.5;55000;3993000;10.0;36.0;13.0;75;600;2;40;3.0;0.4;0;0;0;1;1;0;0;180;190
2015-04;Blé;Céréales;Littoral(Import);Centre;Forêt monomodale;0.866;-0.5;0;2722904;130.0;27.0;2.5;0;600;2;35;3.0;0.4;1;1;0;0;0;0;0;350;365
2015-04;Manioc;"Tubercules, Racines et Plantains";Centre;Centre;Forêt bimodale;0.866;-0.5;115000;2722904;130.0;26.0;35.5;55;600;2;25;3.0;0.4;0;1;0;0;0;0;0;110;125
2015-04;Plantain;"Tubercules, Racines et Plantains";Sud-Ouest;Littoral;Forêt monomodale;0.866;-0.5;35000;2800000;160.0;27.5;28.5;80;600;2;80;3.0;0.4;0;1;0;0;0;0;0;250;285
2015-04;Macabo-Taro;"Tubercules, Racines et Plantains";Littoral;Littoral;Forêt monomodale;0.866;-0.5;18000;2800000;160.0;27.5;32.0;70;600;2;32;3.0;0.4;0;1;0;0;0;0;0;175;195
2015-04;Igname;"Tubercules, Racines et Plantains";Adamaoua;Centre;Savane guinéenne;0.866;-0.5;21000;2722904;45.0;25.0;28.5;115;600;2;85;3.0;0.4;0;0;0;0;0;0;0;340;365
2015-04;Pomme de terre;"Tubercules, Racines et Plantains";Ouest;Littoral;Hauts Plateaux;0.866;-0.5;15000;2800000;110.0;23.5;26.0;120;600;2;60;3.0;0.4;0;1;0;0;0;0;0;385;430
2015-04;Patate douce;"Tubercules, Racines et Plantains";Ouest;Centre;Hauts Plateaux;0.866;-0.5;8000;2722904;110.0;23.5;27.0;70;600;2;55;3.0;0.4;0;1;0;0;0;0;0;160;185
2015-04;Tomate;Maraîchers;Ouest;Centre;Hauts Plateaux;0.866;-0.5;12000;2722904;110.0;23.5;32.0;150;600;2;60;3.0;0.4;0;1;0;0;0;0;0;520;620
2015-04;Oignon;Maraîchers;Extrême-Nord;Centre;Soudano-sahélienne;0.866;-0.5;22000;2722904;10.0;35.0;28.5;125;600;2;165;3.0;0.4;0;0;0;1;1;0;0;640;670
2015-04;Gombo;Maraîchers;Centre;Centre;Forêt bimodale;0.866;-0.5;4000;2722904;130.0;26.0;48.0;105;600;2;25;3.0;0.4;0;1;0;0;0;0;0;395;435
2015-04;Piment;Maraîchers;Extrême-Nord;Littoral;Soudano-sahélienne;0.866;-0.5;3500;2800000;10.0;35.0;35.0;180;600;2;170;3.0;0.4;0;0;0;1;1;0;0;900;940
2015-04;Poivron;Maraîchers;Extrême-Nord;Centre;Soudano-sahélienne;0.866;-0.5;2800;2722904;10.0;35.0;40.0;170;600;2;160;3.0;0.4;0;0;0;1;1;0;0;1020;1070
2015-04;Ail;Maraîchers;Extrême-Nord;Centre;Soudano-sahélienne;0.866;-0.5;1200;2722904;10.0;35.0;20.5;205;600;2;150;3.0;0.4;0;0;0;1;1;0;0;2350;2420
2015-04;Basilic;Maraîchers;Centre;Centre;Forêt bimodale;0.866;-0.5;800;2722904;130.0;26.0;60.0;85;600;2;25;3.0;0.4;0;1;0;0;0;0;0;440;480
2015-04;Légumes feuilles;Maraîchers;Centre;Centre;Forêt bimodale;0.866;-0.5;6500;2722904;130.0;26.0;53.0;70;600;2;25;3.0;0.4;0;1;0;0;0;0;0;285;320
2015-04;Choux;Maraîchers;Ouest;Littoral;Hauts Plateaux;0.866;-0.5;4500;2800000;110.0;23.5;37.0;110;600;2;55;3.0;0.4;0;1;0;0;0;0;0;345;390
2015-04;Pastèque;Maraîchers;Extrême-Nord;Centre;Soudano-sahélienne;0.866;-0.5;2500;2722904;10.0;35.0;24.5;100;600;2;155;3.0;0.4;0;0;0;1;1;0;0;210;225
2015-04;Arachide;Oléagineux et Légumineuses;Nord;Centre;Soudano-sahélienne;0.866;-0.5;52000;2722904;10.0;35.5;12.5;180;600;2;120;3.0;0.4;0;0;0;1;1;0;0;600;620
2015-04;Soja;Oléagineux et Légumineuses;Adamaoua;Centre;Savane guinéenne;0.866;-0.5;8500;2722904;45.0;25.0;12.0;165;600;2;95;3.0;0.4;0;0;0;0;0;0;0;550;580
2015-04;Niébé;Oléagineux et Légumineuses;Extrême-Nord;Extrême-Nord;Soudano-sahélienne;0.866;-0.5;35000;3993000;10.0;35.0;14.0;185;600;2;45;3.0;0.4;0;0;0;1;1;0;0;590;610
2015-04;Haricot sec;Oléagineux et Légumineuses;Ouest;Littoral;Hauts Plateaux;0.866;-0.5;32000;2800000;110.0;23.5;11.0;115;600;2;55;3.0;0.4;0;1;0;0;0;0;0;480;520
2015-04;Huile de palme;Oléagineux et Légumineuses;Littoral;Centre;Forêt monomodale;0.866;-0.5;55000;2722904;160.0;27.5;7.5;240;600;2;50;3.0;0.4;0;1;0;0;0;0;0;730;770
2015-04;Ananas;Fruits;Littoral;Centre;Forêt monomodale;0.866;-0.5;8500;2722904;160.0;27.5;20.5;115;600;2;55;3.0;0.4;0;1;0;0;0;0;0;300;330
2015-04;Papaye;Fruits;Centre;Centre;Forêt bimodale;0.866;-0.5;3500;2722904;130.0;26.0;41.0;85;600;2;25;3.0;0.4;0;1;0;0;0;0;0;285;315
2015-04;Mangue;Fruits;Nord;Centre;Soudano-sahélienne;0.866;-0.5;6500;2722904;10.0;35.5;44.0;65;600;2;145;3.0;0.4;0;0;0;1;1;0;0;280;250
2015-04;Avocat;Fruits;Ouest;Littoral;Hauts Plateaux;0.866;-0.5;12000;2800000;110.0;23.5;31.0;75;600;2;55;3.0;0.4;0;1;0;0;0;0;0;235;260
2015-04;Safou;Fruits;Littoral;Centre;Forêt monomodale;0.866;-0.5;4500;2722904;160.0;27.5;46.0;85;600;2;55;3.0;0.4;0;1;0;0;0;0;0;425;460
2015-04;Citron;Fruits;Centre;Centre;Forêt bimodale;0.866;-0.5;2500;2722904;130.0;26.0;25.0;80;600;2;25;3.0;0.4;0;1;0;0;0;0;0;295;320
2015-04;Orange;Fruits;Centre;Centre;Forêt bimodale;0.866;-0.5;4500;2722904;130.0;26.0;25.0;90;600;2;25;3.0;0.4;0;1;0;0;0;0;0;265;285
2015-04;Banane douce;Fruits;Sud-Ouest;Littoral;Forêt monomodale;0.866;-0.5;18000;2800000;160.0;27.5;34.5;115;600;2;65;3.0;0.4;0;1;0;0;0;0;0;210;230
2015-04;Cacao;Cultures de Rente et Stimulants;Centre;Littoral;Forêt bimodale;0.866;-0.5;210000;2800000;130.0;26.0;7.5;410;600;2;40;3.0;0.4;0;1;0;0;0;0;0;1530;1560
2015-04;Café;Cultures de Rente et Stimulants;Ouest;Littoral;Hauts Plateaux;0.866;-0.5;95000;2800000;110.0;23.5;6.5;360;600;2;55;3.0;0.4;0;1;0;0;0;0;0;1750;1790
2015-05;Maïs;Céréales;Ouest;Centre;Hauts Plateaux;0.5;-0.866;57589;2722904;160.0;23.0;13.5;90;600;1;65;3.0;0.5;0;1;0;0;0;0;0;180;195
2015-05;Riz;Céréales;Extrême-Nord;Centre;Soudano-sahélienne;0.5;-0.866;25000;2722904;35.0;34.0;6.5;130;600;1;95;3.0;0.5;0;1;0;1;1;0;0;395;410
2015-05;Mil-Sorgho;Céréales;Nord;Extrême-Nord;Soudano-sahélienne;0.5;-0.866;55000;3993000;35.0;34.0;14.0;75;600;1;45;3.0;0.5;0;1;0;1;1;0;0;190;200
2015-05;Blé;Céréales;Littoral(Import);Centre;Forêt monomodale;0.5;-0.866;0;2722904;190.0;26.0;3.5;0;600;1;45;3.0;0.5;1;1;0;0;0;0;0;365;385
2015-05;Manioc;"Tubercules, Racines et Plantains";Centre;Centre;Forêt bimodale;0.5;-0.866;115000;2722904;190.0;25.0;38.5;55;600;1;35;3.0;0.5;0;1;0;0;0;0;0;125;145
2015-05;Plantain;"Tubercules, Racines et Plantains";Sud-Ouest;Littoral;Forêt monomodale;0.5;-0.866;35000;2800000;230.0;26.5;32.5;80;600;1;95;3.0;0.5;0;1;0;0;0;0;0;285;330
2015-05;Macabo-Taro;"Tubercules, Racines et Plantains";Littoral;Littoral;Forêt monomodale;0.5;-0.866;18000;2800000;230.0;26.5;35.0;70;600;1;42;3.0;0.5;0;1;0;0;0;0;0;195;225
2015-05;Igname;"Tubercules, Racines et Plantains";Adamaoua;Centre;Savane guinéenne;0.5;-0.866;21000;2722904;90.0;24.0;31.5;115;600;1;95;3.0;0.5;0;1;0;0;0;0;0;365;400
2015-05;Pomme de terre;"Tubercules, Racines et Plantains";Ouest;Littoral;Hauts Plateaux;0.5;-0.866;15000;2800000;160.0;23.0;29.0;120;600;1;75;3.0;0.5;0;1;0;0;0;0;0;430;485
2015-05;Patate douce;"Tubercules, Racines et Plantains";Ouest;Centre;Hauts Plateaux;0.5;-0.866;8000;2722904;160.0;23.0;30.0;70;600;1;65;3.0;0.5;0;1;0;0;0;0;0;185;210
2015-05;Tomate;Maraîchers;Ouest;Centre;Hauts Plateaux;0.5;-0.866;12000;2722904;160.0;23.0;35.0;150;600;1;75;3.0;0.5;0;1;0;0;0;0;0;620;780
2015-05;Oignon;Maraîchers;Extrême-Nord;Centre;Soudano-sahélienne;0.5;-0.866;22000;2722904;35.0;34.0;31.5;125;600;1;175;3.0;0.5;0;1;0;1;1;0;0;670;715
2015-05;Gombo;Maraîchers;Centre;Centre;Forêt bimodale;0.5;-0.866;4000;2722904;190.0;25.0;51.0;105;600;1;35;3.0;0.5;0;1;0;0;0;0;0;435;480
2015-05;Piment;Maraîchers;Extrême-Nord;Littoral;Soudano-sahélienne;0.5;-0.866;3500;2800000;35.0;34.0;38.0;180;600;1;180;3.0;0.5;0;1;0;1;1;0;0;940;990
2015-05;Poivron;Maraîchers;Extrême-Nord;Centre;Soudano-sahélienne;0.5;-0.866;2800;2722904;35.0;34.0;43.0;170;600;1;170;3.0;0.5;0;1;0;1;1;0;0;1070;1130
2015-05;Ail;Maraîchers;Extrême-Nord;Centre;Soudano-sahélienne;0.5;-0.866;1200;2722904;35.0;34.0;23.5;205;600;1;160;3.0;0.5;0;1;0;1;1;0;0;2420;2500
2015-05;Basilic;Maraîchers;Centre;Centre;Forêt bimodale;0.5;-0.866;800;2722904;190.0;25.0;63.0;85;600;1;35;3.0;0.5;0;1;0;0;0;0;0;480;525
2015-05;Légumes feuilles;Maraîchers;Centre;Centre;Forêt bimodale;0.5;-0.866;6500;2722904;190.0;25.0;56.0;70;600;1;35;3.0;0.5;0;1;0;0;0;0;0;320;355
2015-05;Choux;Maraîchers;Ouest;Littoral;Hauts Plateaux;0.5;-0.866;4500;2800000;160.0;23.0;40.0;110;600;1;65;3.0;0.5;0;1;0;0;0;0;0;390;445
2015-05;Pastèque;Maraîchers;Extrême-Nord;Centre;Soudano-sahélienne;0.5;-0.866;2500;2722904;35.0;34.0;27.5;100;600;1;165;3.0;0.5;0;1;0;1;1;0;0;225;245
2015-05;Arachide;Oléagineux et Légumineuses;Nord;Centre;Soudano-sahélienne;0.5;-0.866;52000;2722904;35.0;32.5;14.5;180;600;1;130;3.0;0.5;0;1;0;1;1;0;0;620;650
2015-05;Soja;Oléagineux et Légumineuses;Adamaoua;Centre;Savane guinéenne;0.5;-0.866;8500;2722904;90.0;24.0;14.0;165;600;1;105;3.0;0.5;0;1;0;0;0;0;0;580;615
2015-05;Niébé;Oléagineux et Légumineuses;Extrême-Nord;Extrême-Nord;Soudano-sahélienne;0.5;-0.866;35000;3993000;35.0;34.0;16.0;185;600;1;55;3.0;0.5;0;1;0;1;1;0;0;610;640
2015-05;Haricot sec;Oléagineux et Légumineuses;Ouest;Littoral;Hauts Plateaux;0.5;-0.866;32000;2800000;160.0;23.0;13.5;115;600;1;65;3.0;0.5;0;1;0;0;0;0;0;520;565
2015-05;Huile de palme;Oléagineux et Légumineuses;Littoral;Centre;Forêt monomodale;0.5;-0.866;55000;2722904;230.0;26.5;9.5;240;600;1;60;3.0;0.5;0;1;0;0;0;0;0;770;825
2015-05;Ananas;Fruits;Littoral;Centre;Forêt monomodale;0.5;-0.866;8500;2722904;230.0;26.5;23.5;115;600;1;65;3.0;0.5;0;1;0;0;0;0;0;330;370
2015-05;Papaye;Fruits;Centre;Centre;Forêt bimodale;0.5;-0.866;3500;2722904;190.0;25.0;44.0;85;600;1;35;3.0;0.5;0;1;0;0;0;0;0;315;350
2015-05;Mangue;Fruits;Nord;Centre;Soudano-sahélienne;0.5;-0.866;6500;2722904;35.0;32.5;47.0;65;600;1;155;3.0;0.5;0;1;0;1;1;0;0;250;210
2015-05;Avocat;Fruits;Ouest;Littoral;Hauts Plateaux;0.5;-0.866;12000;2800000;160.0;23.0;34.0;75;600;1;65;3.0;0.5;0;1;0;0;0;0;0;260;295
2015-05;Safou;Fruits;Littoral;Centre;Forêt monomodale;0.5;-0.866;4500;2722904;230.0;26.5;49.0;85;600;1;65;3.0;0.5;0;1;0;0;0;0;0;460;510
2015-05;Citron;Fruits;Centre;Centre;Forêt bimodale;0.5;-0.866;2500;2722904;190.0;25.0;28.0;80;600;1;35;3.0;0.5;0;1;0;0;0;0;0;320;355
2015-05;Orange;Fruits;Centre;Centre;Forêt bimodale;0.5;-0.866;4500;2722904;190.0;25.0;28.0;90;600;1;35;3.0;0.5;0;1;0;0;0;0;0;285;315
2015-05;Banane douce;Fruits;Sud-Ouest;Littoral;Forêt monomodale;0.5;-0.866;18000;2800000;230.0;26.5;37.5;115;600;1;75;3.0;0.5;0;1;0;0;0;0;0;230;255
2015-05;Cacao;Cultures de Rente et Stimulants;Centre;Littoral;Forêt bimodale;0.5;-0.866;210000;2800000;190.0;25.0;8.5;410;600;1;50;3.0;0.5;0;1;0;0;0;0;0;1560;1600
2015-05;Café;Cultures de Rente et Stimulants;Ouest;Littoral;Hauts Plateaux;0.5;-0.866;95000;2800000;160.0;23.0;7.5;360;600;1;65;3.0;0.5;0;1;0;0;0;0;0;1790;1840
2015-06;Maïs;Céréales;Ouest;Centre;Hauts Plateaux;0.0;-1.0;57589;2722904;210.0;22.0;15.5;90;600;1;70;3.0;0.4;0;1;0;0;0;0;0;195;210
2015-06;Riz;Céréales;Extrême-Nord;Centre;Soudano-sahélienne;0.0;-1.0;25000;2722904;65.0;32.0;7.5;130;600;1;105;3.0;0.4;0;1;0;1;1;0;0;410;425
2015-06;Mil-Sorgho;Céréales;Nord;Extrême-Nord;Soudano-sahélienne;0.0;-1.0;55000;3993000;65.0;32.0;15.0;75;600;1;55;3.0;0.4;0;1;0;1;1;0;0;200;210
2015-06;Blé;Céréales;Littoral(Import);Centre;Forêt monomodale;0.0;-1.0;0;2722904;260.0;25.0;4.5;0;600;1;55;3.0;0.4;1;1;0;0;0;0;0;385;405
2015-06;Manioc;"Tubercules, Racines et Plantains";Centre;Centre;Forêt bimodale;0.0;-1.0;115000;2722904;260.0;24.0;41.5;55;600;1;45;3.0;0.4;0;1;0;0;0;0;0;145;165
2015-06;Plantain;"Tubercules, Racines et Plantains";Sud-Ouest;Littoral;Forêt monomodale;0.0;-1.0;35000;2800000;310.0;25.5;35.5;80;600;1;105;3.0;0.4;0;1;0;0;0;0;0;330;375
2015-06;Macabo-Taro;"Tubercules, Racines et Plantains";Littoral;Littoral;Forêt monomodale;0.0;-1.0;18000;2800000;310.0;25.5;38.0;70;600;1;52;3.0;0.4;0;1;0;0;0;0;0;225;255
2015-06;Igname;"Tubercules, Racines et Plantains";Adamaoua;Centre;Savane guinéenne;0.0;-1.0;21000;2722904;130.0;23.0;34.5;115;600;1;105;3.0;0.4;0;1;0;0;0;0;0;400;440
2015-06;Pomme de terre;"Tubercules, Racines et Plantains";Ouest;Littoral;Hauts Plateaux;0.0;-1.0;15000;2800000;210.0;22.0;32.0;120;600;1;85;3.0;0.4;0;1;0;0;0;0;0;485;540
2015-06;Patate douce;"Tubercules, Racines et Plantains";Ouest;Centre;Hauts Plateaux;0.0;-1.0;8000;2722904;210.0;22.0;33.0;70;600;1;75;3.0;0.4;0;1;0;0;0;0;0;210;240
2015-06;Tomate;Maraîchers;Ouest;Centre;Hauts Plateaux;0.0;-1.0;12000;2722904;210.0;22.0;38.0;150;600;1;85;3.0;0.4;0;1;0;0;0;0;0;780;950
2015-06;Oignon;Maraîchers;Extrême-Nord;Centre;Soudano-sahélienne;0.0;-1.0;22000;2722904;65.0;32.0;34.5;125;600;1;185;3.0;0.4;0;1;0;1;1;0;0;715;770
2015-06;Gombo;Maraîchers;Centre;Centre;Forêt bimodale;0.0;-1.0;4000;2722904;260.0;24.0;54.0;105;600;1;45;3.0;0.4;0;1;0;0;0;0;0;480;535
2015-06;Piment;Maraîchers;Extrême-Nord;Littoral;Soudano-sahélienne;0.0;-1.0;3500;2800000;65.0;32.0;41.0;180;600;1;190;3.0;0.4;0;1;0;1;1;0;0;990;1050
2015-06;Poivron;Maraîchers;Extrême-Nord;Centre;Soudano-sahélienne;0.0;-1.0;2800;2722904;65.0;32.0;46.0;170;600;1;180;3.0;0.4;0;1;0;1;1;0;0;1130;1200
2015-06;Ail;Maraîchers;Extrême-Nord;Centre;Soudano-sahélienne;0.0;-1.0;1200;2722904;65.0;32.0;26.5;205;600;1;170;3.0;0.4;0;1;0;1;1;0;0;2500;2610
2015-06;Basilic;Maraîchers;Centre;Centre;Forêt bimodale;0.0;-1.0;800;2722904;260.0;24.0;66.0;85;600;1;45;3.0;0.4;0;1;0;0;0;0;0;525;580
2015-06;Légumes feuilles;Maraîchers;Centre;Centre;Forêt bimodale;0.0;-1.0;6500;2722904;260.0;24.0;59.0;70;600;1;45;3.0;0.4;0;1;0;0;0;0;0;355;400
2015-06;Choux;Maraîchers;Ouest;Littoral;Hauts Plateaux;0.0;-1.0;4500;2800000;210.0;22.0;43.0;110;600;1;75;3.0;0.4;0;1;0;0;0;0;0;445;505
2015-06;Pastèque;Maraîchers;Extrême-Nord;Centre;Soudano-sahélienne;0.0;-1.0;2500;2722904;65.0;32.0;30.5;100;600;1;175;3.0;0.4;0;1;0;1;1;0;0;245;270
2015-06;Arachide;Oléagineux et Légumineuses;Nord;Centre;Soudano-sahélienne;0.0;-1.0;52000;2722904;65.0;31.5;17.5;180;600;1;140;3.0;0.4;0;1;0;1;1;0;0;650;690
2015-06;Soja;Oléagineux et Légumineuses;Adamaoua;Centre;Savane guinéenne;0.0;-1.0;8500;2722904;130.0;23.0;17.0;165;600;1;115;3.0;0.4;0;1;0;0;0;0;0;615;660
2015-06;Niébé;Oléagineux et Légumineuses;Extrême-Nord;Extrême-Nord;Soudano-sahélienne;0.0;-1.0;35000;3993000;65.0;32.0;19.0;185;600;1;65;3.0;0.4;0;1;0;1;1;0;0;640;680
2015-06;Haricot sec;Oléagineux et Légumineuses;Ouest;Littoral;Hauts Plateaux;0.0;-1.0;32000;2800000;210.0;22.0;16.5;115;600;1;75;3.0;0.4;0;1;0;0;0;0;0;565;615
2015-06;Huile de palme;Oléagineux et Légumineuses;Littoral;Centre;Forêt monomodale;0.0;-1.0;55000;2722904;310.0;25.5;11.5;240;600;1;70;3.0;0.4;0;1;0;0;0;0;0;825;880
2015-06;Ananas;Fruits;Littoral;Centre;Forêt monomodale;0.0;-1.0;8500;2722904;310.0;25.5;26.5;115;600;1;75;3.0;0.4;0;1;0;0;0;0;0;370;415
2015-06;Papaye;Fruits;Centre;Centre;Forêt bimodale;0.0;-1.0;3500;2722904;260.0;24.0;47.0;85;600;1;45;3.0;0.4;0;1;0;0;0;0;0;350;390
2015-06;Mangue;Fruits;Nord;Centre;Soudano-sahélienne;0.0;-1.0;6500;2722904;65.0;31.5;50.0;65;600;1;165;3.0;0.4;0;1;0;1;1;0;0;210;180
2015-06;Avocat;Fruits;Ouest;Littoral;Hauts Plateaux;0.0;-1.0;12000;2800000;210.0;22.0;37.0;75;600;1;75;3.0;0.4;0;1;0;0;0;0;0;295;330
2015-06;Safou;Fruits;Littoral;Centre;Forêt monomodale;0.0;-1.0;4500;2722904;310.0;25.5;52.0;85;600;1;75;3.0;0.4;0;1;0;0;0;0;0;510;565
2015-06;Citron;Fruits;Centre;Centre;Forêt bimodale;0.0;-1.0;2500;2722904;260.0;24.0;31.0;80;600;1;45;3.0;0.4;0;1;0;0;0;0;0;355;395
2015-06;Orange;Fruits;Centre;Centre;Forêt bimodale;0.0;-1.0;4500;2722904;260.0;24.0;31.0;90;600;1;45;3.0;0.4;0;1;0;0;0;0;0;315;350
2015-06;Banane douce;Fruits;Sud-Ouest;Littoral;Forêt monomodale;0.0;-1.0;18000;2800000;310.0;25.5;40.5;115;600;1;85;3.0;0.4;0;1;0;0;0;0;0;255;285
2015-06;Cacao;Cultures de Rente et Stimulants;Centre;Littoral;Forêt bimodale;0.0;-1.0;210000;2800000;260.0;24.0;9.5;410;600;1;60;3.0;0.4;0;1;0;0;0;0;0;1600;1630
2015-06;Café;Cultures de Rente et Stimulants;Ouest;Littoral;Hauts Plateaux;0.0;-1.0;95000;2800000;210.0;22.0;8.5;360;600;1;75;3.0;0.4;0;1;0;0;0;0;0;1840;1890
2015-07;Maïs;Céréales;Ouest;Centre;Hauts Plateaux;-0.5;-0.866;57589;2722904;260.0;21.5;16.5;95;600;1;75;3.0;0.5;0;1;0;0;0;0;0;210;225
2015-07;Riz;Céréales;Extrême-Nord;Centre;Soudano-sahélienne;-0.5;-0.866;25000;2722904;110.0;30.0;8.5;135;600;1;115;3.0;0.5;0;1;0;1;1;0;0;425;440
2015-07;Mil-Sorgho;Céréales;Nord;Extrême-Nord;Soudano-sahélienne;-0.5;-0.866;55000;3993000;110.0;30.0;16.0;80;600;1;60;3.0;0.5;0;1;0;1;1;0;0;210;225
2015-07;Blé;Céréales;Littoral(Import);Centre;Forêt monomodale;-0.5;-0.866;0;2722904;310.0;24.5;5.0;0;600;1;65;3.0;0.5;1;1;0;0;0;0;0;405;420
2015-07;Manioc;"Tubercules, Racines et Plantains";Centre;Centre;Forêt bimodale;-0.5;-0.866;115000;2722904;310.0;23.5;43.5;60;600;1;55;3.0;0.5;0;1;0;0;0;0;0;165;185
2015-07;Plantain;"Tubercules, Racines et Plantains";Sud-Ouest;Littoral;Forêt monomodale;-0.5;-0.866;35000;2800000;380.0;25.0;38.5;85;600;1;115;3.0;0.5;0;1;0;0;0;0;0;375;420
2015-07;Macabo-Taro;"Tubercules, Racines et Plantains";Littoral;Littoral;Forêt monomodale;-0.5;-0.866;18000;2800000;380.0;25.0;41.0;75;600;1;62;3.0;0.5;0;1;0;0;0;0;0;255;290
2015-07;Igname;"Tubercules, Racines et Plantains";Adamaoua;Centre;Savane guinéenne;-0.5;-0.866;21000;2722904;180.0;22.5;36.5;120;600;1;115;3.0;0.5;0;1;0;0;0;0;0;440;480
2015-07;Pomme de terre;"Tubercules, Racines et Plantains";Ouest;Littoral;Hauts Plateaux;-0.5;-0.866;15000;2800000;260.0;21.5;35.0;125;600;1;95;3.0;0.5;0;1;0;0;0;0;0;540;600
2015-07;Patate douce;"Tubercules, Racines et Plantains";Ouest;Centre;Hauts Plateaux;-0.5;-0.866;8000;2722904;260.0;21.5;35.0;75;600;1;85;3.0;0.5;0;1;0;0;0;0;0;240;275
2015-07;Tomate;Maraîchers;Ouest;Centre;Hauts Plateaux;-0.5;-0.866;12000;2722904;260.0;21.5;42.0;155;600;1;95;3.0;0.5;0;1;0;0;0;0;0;950;1200
2015-07;Oignon;Maraîchers;Extrême-Nord;Centre;Soudano-sahélienne;-0.5;-0.866;22000;2722904;110.0;30.0;36.5;130;600;1;195;3.0;0.5;0;1;0;1;1;0;0;770;850
2015-07;Gombo;Maraîchers;Centre;Centre;Forêt bimodale;-0.5;-0.866;4000;2722904;310.0;23.5;57.0;110;600;1;55;3.0;0.5;0;1;0;0;0;0;0;535;590
2015-07;Piment;Maraîchers;Extrême-Nord;Littoral;Soudano-sahélienne;-0.5;-0.866;3500;2800000;110.0;30.0;44.0;185;600;1;200;3.0;0.5;0;1;0;1;1;0;0;1050;1120
2015-07;Poivron;Maraîchers;Extrême-Nord;Centre;Soudano-sahélienne;-0.5;-0.866;2800;2722904;110.0;30.0;49.0;175;600;1;190;3.0;0.5;0;1;0;1;1;0;0;1200;1280
2015-07;Ail;Maraîchers;Extrême-Nord;Centre;Soudano-sahélienne;-0.5;-0.866;1200;2722904;110.0;30.0;28.5;210;600;1;180;3.0;0.5;0;1;0;1;1;0;0;2610;2750
2015-07;Basilic;Maraîchers;Centre;Centre;Forêt bimodale;-0.5;-0.866;800;2722904;310.0;23.5;69.0;90;600;1;55;3.0;0.5;0;1;0;0;0;0;0;580;640
2015-07;Légumes feuilles;Maraîchers;Centre;Centre;Forêt bimodale;-0.5;-0.866;6500;2722904;310.0;23.5;62.0;75;600;1;55;3.0;0.5;0;1;0;0;0;0;0;400;450
2015-07;Choux;Maraîchers;Ouest;Littoral;Hauts Plateaux;-0.5;-0.866;4500;2800000;260.0;21.5;46.0;115;600;1;85;3.0;0.5;0;1;0;0;0;0;0;505;570
2015-07;Pastèque;Maraîchers;Extrême-Nord;Centre;Soudano-sahélienne;-0.5;-0.866;2500;2722904;110.0;30.0;33.5;105;600;1;185;3.0;0.5;0;1;0;1;1;0;0;270;300
2015-07;Arachide;Oléagineux et Légumineuses;Nord;Centre;Soudano-sahélienne;-0.5;-0.866;52000;2722904;110.0;29.5;19.5;185;600;1;150;3.0;0.5;0;1;0;1;1;0;0;690;730
2015-07;Soja;Oléagineux et Légumineuses;Adamaoua;Centre;Savane guinéenne;-0.5;-0.866;8500;2722904;180.0;22.5;19.0;170;600;1;125;3.0;0.5;0;1;0;0;0;0;0;660;700
2015-07;Niébé;Oléagineux et Légumineuses;Extrême-Nord;Extrême-Nord;Soudano-sahélienne;-0.5;-0.866;35000;3993000;110.0;30.0;21.0;190;600;1;75;3.0;0.5;0;1;0;1;1;0;0;680;720
2015-07;Haricot sec;Oléagineux et Légumineuses;Ouest;Littoral;Hauts Plateaux;-0.5;-0.866;32000;2800000;260.0;21.5;18.5;120;600;1;85;3.0;0.5;0;1;0;0;0;0;0;615;670
2015-07;Huile de palme;Oléagineux et Légumineuses;Littoral;Centre;Forêt monomodale;-0.5;-0.866;55000;2722904;380.0;25.0;13.5;245;600;1;80;3.0;0.5;0;1;0;0;0;0;0;880;940
2015-07;Ananas;Fruits;Littoral;Centre;Forêt monomodale;-0.5;-0.866;8500;2722904;380.0;25.0;29.5;120;600;1;85;3.0;0.5;0;1;0;0;0;0;0;415;460
2015-07;Papaye;Fruits;Centre;Centre;Forêt bimodale;-0.5;-0.866;3500;2722904;310.0;23.5;50.0;90;600;1;55;3.0;0.5;0;1;0;0;0;0;0;390;430
2015-07;Mangue;Fruits;Nord;Centre;Soudano-sahélienne;-0.5;-0.866;6500;2722904;110.0;29.5;53.0;70;600;1;175;3.0;0.5;0;1;0;1;1;0;0;180;150
2015-07;Avocat;Fruits;Ouest;Littoral;Hauts Plateaux;-0.5;-0.866;12000;2800000;260.0;21.5;40.0;80;600;1;85;3.0;0.5;0;1;0;0;0;0;0;330;370
2015-07;Safou;Fruits;Littoral;Centre;Forêt monomodale;-0.5;-0.866;4500;2722904;380.0;25.0;55.0;90;600;1;85;3.0;0.5;0;1;0;0;0;0;0;565;620
2015-07;Citron;Fruits;Centre;Centre;Forêt bimodale;-0.5;-0.866;2500;2722904;310.0;23.5;34.0;85;600;1;55;3.0;0.5;0;1;0;0;0;0;0;395;440
2015-07;Orange;Fruits;Centre;Centre;Forêt bimodale;-0.5;-0.866;4500;2722904;310.0;23.5;34.0;95;600;1;55;3.0;0.5;0;1;0;0;0;0;0;350;390
2015-07;Banane douce;Fruits;Sud-Ouest;Littoral;Forêt monomodale;-0.5;-0.866;18000;2800000;380.0;25.0;43.5;120;600;1;95;3.0;0.5;0;1;0;0;0;0;0;285;320
2015-07;Cacao;Cultures de Rente et Stimulants;Centre;Littoral;Forêt bimodale;-0.5;-0.866;210000;2800000;310.0;23.5;10.5;420;600;1;70;3.0;0.5;0;1;0;0;0;0;0;1630;1650
2015-07;Café;Cultures de Rente et Stimulants;Ouest;Littoral;Hauts Plateaux;-0.5;-0.866;95000;2800000;260.0;21.5;9.5;370;600;1;85;3.0;0.5;0;1;0;0;0;0;0;1890;1920
2015-08;Maïs;Céréales;Ouest;Centre;Hauts Plateaux;-0.866;-0.5;57589;2722904;300.0;21.0;17.5;100;600;1;80;3.0;0.5;0;1;0;0;0;0;0;225;240
2015-08;Riz;Céréales;Extrême-Nord;Centre;Soudano-sahélienne;-0.866;-0.5;25000;2722904;160.0;29.0;9.5;140;600;1;125;3.0;0.5;0;1;0;1;1;0;0;440;460
2015-08;Mil-Sorgho;Céréales;Nord;Extrême-Nord;Soudano-sahélienne;-0.866;-0.5;55000;3993000;160.0;29.0;17.0;85;600;1;65;3.0;0.5;0;1;0;1;1;0;0;225;240
2015-08;Blé;Céréales;Littoral(Import);Centre;Forêt monomodale;-0.866;-0.5;0;2722904;400.0;24.0;5.5;0;600;1;75;3.0;0.5;1;1;0;0;0;0;0;420;440
2015-08;Manioc;"Tubercules, Racines et Plantains";Centre;Centre;Forêt bimodale;-0.866;-0.5;115000;2722904;380.0;23.0;45.5;65;600;1;65;3.0;0.5;0;1;0;0;0;0;0;185;210
2015-08;Plantain;"Tubercules, Racines et Plantains";Sud-Ouest;Littoral;Forêt monomodale;-0.866;-0.5;35000;2800000;450.0;24.5;40.5;90;600;1;125;3.0;0.5;0;1;0;0;0;0;0;420;450
2015-08;Macabo-Taro;"Tubercules, Racines et Plantains";Littoral;Littoral;Forêt monomodale;-0.866;-0.5;18000;2800000;450.0;24.5;43.0;80;600;1;72;3.0;0.5;0;1;0;0;0;0;0;290;320
2015-08;Igname;"Tubercules, Racines et Plantains";Adamaoua;Centre;Savane guinéenne;-0.866;-0.5;21000;2722904;250.0;22.0;38.5;125;600;1;125;3.0;0.5;0;1;0;0;0;0;0;480;520
2015-08;Pomme de terre;"Tubercules, Racines et Plantains";Ouest;Littoral;Hauts Plateaux;-0.866;-0.5;15000;2800000;320.0;21.0;37.0;130;600;1;105;3.0;0.5;0;1;0;0;0;0;0;600;660
2015-08;Patate douce;"Tubercules, Racines et Plantains";Ouest;Centre;Hauts Plateaux;-0.866;-0.5;8000;2722904;320.0;21.0;37.0;80;600;1;95;3.0;0.5;0;1;0;0;0;0;0;275;310
2015-08;Tomate;Maraîchers;Ouest;Centre;Hauts Plateaux;-0.866;-0.5;12000;2722904;320.0;21.0;45.0;160;600;1;105;3.0;0.5;0;1;0;0;0;0;0;1200;1350
2015-08;Oignon;Maraîchers;Extrême-Nord;Centre;Soudano-sahélienne;-0.866;-0.5;22000;2722904;160.0;29.0;38.5;135;600;1;205;3.0;0.5;0;1;0;1;1;0;0;850;920
2015-08;Gombo;Maraîchers;Centre;Centre;Forêt bimodale;-0.866;-0.5;4000;2722904;380.0;23.0;59.0;115;600;1;65;3.0;0.5;0;1;0;0;0;0;0;590;650
2015-08;Piment;Maraîchers;Extrême-Nord;Littoral;Soudano-sahélienne;-0.866;-0.5;3500;2800000;160.0;29.0;46.0;190;600;1;210;3.0;0.5;0;1;0;1;1;0;0;1120;1200
2015-08;Poivron;Maraîchers;Extrême-Nord;Centre;Soudano-sahélienne;-0.866;-0.5;2800;2722904;160.0;29.0;51.0;180;600;1;200;3.0;0.5;0;1;0;1;1;0;0;1280;1350
2015-08;Ail;Maraîchers;Extrême-Nord;Centre;Soudano-sahélienne;-0.866;-0.5;1200;2722904;160.0;29.0;30.5;215;600;1;190;3.0;0.5;0;1;0;1;1;0;0;2750;2900
2015-08;Basilic;Maraîchers;Centre;Centre;Forêt bimodale;-0.866;-0.5;800;2722904;380.0;23.0;71.0;95;600;1;65;3.0;0.5;0;1;0;0;0;0;0;640;700
2015-08;Légumes feuilles;Maraîchers;Centre;Centre;Forêt bimodale;-0.866;-0.5;6500;2722904;380.0;23.0;64.0;80;600;1;65;3.0;0.5;0;1;0;0;0;0;0;450;500
2015-08;Choux;Maraîchers;Ouest;Littoral;Hauts Plateaux;-0.866;-0.5;4500;2800000;320.0;21.0;48.0;120;600;1;95;3.0;0.5;0;1;0;0;0;0;0;570;630
2015-08;Pastèque;Maraîchers;Extrême-Nord;Centre;Soudano-sahélienne;-0.866;-0.5;2500;2722904;160.0;29.0;35.5;110;600;1;195;3.0;0.5;0;1;0;1;1;0;0;300;330
2015-08;Arachide;Oléagineux et Légumineuses;Nord;Centre;Soudano-sahélienne;-0.866;-0.5;52000;2722904;160.0;28.5;21.5;190;600;1;160;3.0;0.5;0;1;0;1;1;0;0;730;770
2015-08;Soja;Oléagineux et Légumineuses;Adamaoua;Centre;Savane guinéenne;-0.866;-0.5;8500;2722904;250.0;22.0;21.0;175;600;1;135;3.0;0.5;0;1;0;0;0;0;0;700;740
2015-08;Niébé;Oléagineux et Légumineuses;Extrême-Nord;Extrême-Nord;Soudano-sahélienne;-0.866;-0.5;35000;3993000;160.0;29.0;23.0;195;600;1;85;3.0;0.5;0;1;0;1;1;0;0;720;760
2015-08;Haricot sec;Oléagineux et Légumineuses;Ouest;Littoral;Hauts Plateaux;-0.866;-0.5;32000;2800000;320.0;21.0;20.5;125;600;1;95;3.0;0.5;0;1;0;0;0;0;0;670;720
2015-08;Huile de palme;Oléagineux et Légumineuses;Littoral;Centre;Forêt monomodale;-0.866;-0.5;55000;2722904;450.0;24.5;15.5;250;600;1;90;3.0;0.5;0;1;0;0;0;0;0;940;1000
2015-08;Ananas;Fruits;Littoral;Centre;Forêt monomodale;-0.866;-0.5;8500;2722904;450.0;24.5;31.5;125;600;1;95;3.0;0.5;0;1;0;0;0;0;0;460;500
2015-08;Papaye;Fruits;Centre;Centre;Forêt bimodale;-0.866;-0.5;3500;2722904;380.0;23.0;52.0;95;600;1;65;3.0;0.5;0;1;0;0;0;0;0;430;480
2015-08;Mangue;Fruits;Nord;Centre;Soudano-sahélienne;-0.866;-0.5;6500;2722904;160.0;28.5;55.0;75;600;1;185;3.0;0.5;0;1;0;1;1;0;0;150;130
2015-08;Avocat;Fruits;Ouest;Littoral;Hauts Plateaux;-0.866;-0.5;12000;2800000;320.0;21.0;42.0;85;600;1;95;3.0;0.5;0;1;0;0;0;0;0;370;410
2015-08;Safou;Fruits;Littoral;Centre;Forêt monomodale;-0.866;-0.5;4500;2722904;450.0;24.5;57.0;95;600;1;95;3.0;0.5;0;1;0;0;0;0;0;620;680
2015-08;Citron;Fruits;Centre;Centre;Forêt bimodale;-0.866;-0.5;2500;2722904;380.0;23.0;36.0;90;600;1;65;3.0;0.5;0;1;0;0;0;0;0;440;490
2015-08;Orange;Fruits;Centre;Centre;Forêt bimodale;-0.866;-0.5;4500;2722904;380.0;23.0;36.0;100;600;1;65;3.0;0.5;0;1;0;0;0;0;0;390;430
2015-08;Banane douce;Fruits;Sud-Ouest;Littoral;Forêt monomodale;-0.866;-0.5;18000;2800000;450.0;24.5;45.5;125;600;1;105;3.0;0.5;0;1;0;0;0;0;0;320;350
2015-08;Cacao;Cultures de Rente et Stimulants;Centre;Littoral;Forêt bimodale;-0.866;-0.5;210000;2800000;380.0;23.0;11.5;430;600;1;80;3.0;0.5;0;1;0;0;0;0;0;1650;1680
2015-08;Café;Cultures de Rente et Stimulants;Ouest;Littoral;Hauts Plateaux;-0.866;-0.5;95000;2800000;320.0;21.0;10.5;380;600;1;95;3.0;0.5;0;1;0;0;0;0;0;1920;1950
2015-09;Maïs;Céréales;Ouest;Centre;Hauts Plateaux;-1.0;0.0;57589;2722904;250.0;22.0;13.5;90;600;2;65;3.0;0.3;0;0;0;0;0;0;0;240;200
2015-09;Riz;Céréales;Extrême-Nord;Centre;Soudano-sahélienne;-1.0;0.0;25000;2722904;110.0;30.0;7.5;135;600;2;115;3.0;0.3;0;0;0;1;1;0;0;460;440
2015-09;Mil-Sorgho;Céréales;Nord;Extrême-Nord;Soudano-sahélienne;-1.0;0.0;55000;3993000;110.0;30.0;15.0;80;600;2;55;3.0;0.3;0;0;0;1;1;0;0;240;220
2015-09;Blé;Céréales;Littoral(Import);Centre;Forêt monomodale;-1.0;0.0;0;2722904;310.0;25.0;4.5;0;600;2;65;3.0;0.3;1;0;0;0;0;0;0;440;410
2015-09;Manioc;"Tubercules, Racines et Plantains";Centre;Centre;Forêt bimodale;-1.0;0.0;115000;2722904;280.0;24.0;40.5;60;600;2;55;3.0;0.3;0;0;0;0;0;0;0;210;190
2015-09;Plantain;"Tubercules, Racines et Plantains";Sud-Ouest;Littoral;Forêt monomodale;-1.0;0.0;35000;2800000;350.0;25.5;35.5;85;600;2;105;3.0;0.3;0;0;0;0;0;0;0;450;380
2015-09;Macabo-Taro;"Tubercules, Racines et Plantains";Littoral;Littoral;Forêt monomodale;-1.0;0.0;18000;2800000;350.0;25.5;38.0;75;600;2;60;3.0;0.3;0;0;0;0;0;0;0;320;280
2015-09;Igname;"Tubercules, Racines et Plantains";Adamaoua;Centre;Savane guinéenne;-1.0;0.0;21000;2722904;180.0;23.0;34.5;120;600;2;105;3.0;0.3;0;0;0;0;0;0;0;520;460
2015-09;Pomme de terre;"Tubercules, Racines et Plantains";Ouest;Littoral;Hauts Plateaux;-1.0;0.0;15000;2800000;230.0;22.0;32.0;125;600;2;90;3.0;0.3;0;0;0;0;0;0;0;660;580
2015-09;Patate douce;"Tubercules, Racines et Plantains";Ouest;Centre;Hauts Plateaux;-1.0;0.0;8000;2722904;230.0;22.0;33.0;75;600;2;80;3.0;0.3;0;0;0;0;0;0;0;310;270
2015-09;Tomate;Maraîchers;Ouest;Centre;Hauts Plateaux;-1.0;0.0;12000;2722904;230.0;22.0;38.0;155;600;2;90;3.0;0.3;0;0;0;0;0;0;0;1350;1000
2015-09;Oignon;Maraîchers;Extrême-Nord;Centre;Soudano-sahélienne;-1.0;0.0;22000;2722904;110.0;30.0;34.5;130;600;2;185;3.0;0.3;0;0;0;1;1;0;0;920;800
2015-09;Gombo;Maraîchers;Centre;Centre;Forêt bimodale;-1.0;0.0;4000;2722904;280.0;24.0;54.0;110;600;2;55;3.0;0.3;0;0;0;0;0;0;0;650;580
2015-09;Piment;Maraîchers;Extrême-Nord;Littoral;Soudano-sahélienne;-1.0;0.0;3500;2800000;110.0;30.0;41.0;185;600;2;190;3.0;0.3;0;0;0;1;1;0;0;1200;1050
2015-09;Poivron;Maraîchers;Extrême-Nord;Centre;Soudano-sahélienne;-1.0;0.0;2800;2722904;110.0;30.0;46.0;175;600;2;180;3.0;0.3;0;0;0;1;1;0;0;1350;1150
2015-09;Ail;Maraîchers;Extrême-Nord;Centre;Soudano-sahélienne;-1.0;0.0;1200;2722904;110.0;30.0;26.5;210;600;2;170;3.0;0.3;0;0;0;1;1;0;0;2900;2600
2015-09;Basilic;Maraîchers;Centre;Centre;Forêt bimodale;-1.0;0.0;800;2722904;280.0;24.0;66.0;90;600;2;55;3.0;0.3;0;0;0;0;0;0;0;700;600
2015-09;Légumes feuilles;Maraîchers;Centre;Centre;Forêt bimodale;-1.0;0.0;6500;2722904;280.0;24.0;59.0;75;600;2;55;3.0;0.3;0;0;0;0;0;0;0;500;420
2015-09;Choux;Maraîchers;Ouest;Littoral;Hauts Plateaux;-1.0;0.0;4500;2800000;230.0;22.0;43.0;115;600;2;85;3.0;0.3;0;0;0;0;0;0;0;630;540
2015-09;Pastèque;Maraîchers;Extrême-Nord;Centre;Soudano-sahélienne;-1.0;0.0;2500;2722904;110.0;30.0;30.5;105;600;2;175;3.0;0.3;0;0;0;1;1;0;0;330;280
2015-09;Arachide;Oléagineux et Légumineuses;Nord;Centre;Soudano-sahélienne;-1.0;0.0;52000;2722904;110.0;29.5;17.5;185;600;2;145;3.0;0.3;0;0;0;1;1;0;0;770;700
2015-09;Soja;Oléagineux et Légumineuses;Adamaoua;Centre;Savane guinéenne;-1.0;0.0;8500;2722904;180.0;23.0;17.0;170;600;2;120;3.0;0.3;0;0;0;0;0;0;0;740;660
2015-09;Niébé;Oléagineux et Légumineuses;Extrême-Nord;Extrême-Nord;Soudano-sahélienne;-1.0;0.0;35000;3993000;110.0;30.0;19.0;190;600;2;70;3.0;0.3;0;0;0;1;1;0;0;760;680
2015-09;Haricot sec;Oléagineux et Légumineuses;Ouest;Littoral;Hauts Plateaux;-1.0;0.0;32000;2800000;230.0;22.0;16.5;120;600;2;80;3.0;0.3;0;0;0;0;0;0;0;720;620
2015-09;Huile de palme;Oléagineux et Légumineuses;Littoral;Centre;Forêt monomodale;-1.0;0.0;55000;2722904;350.0;25.5;11.5;245;600;2;75;3.0;0.3;0;0;0;0;0;0;0;1000;900
2015-09;Ananas;Fruits;Littoral;Centre;Forêt monomodale;-1.0;0.0;8500;2722904;350.0;25.5;26.5;120;600;2;80;3.0;0.3;0;0;0;0;0;0;0;500;430
2015-09;Papaye;Fruits;Centre;Centre;Forêt bimodale;-1.0;0.0;3500;2722904;280.0;24.0;47.0;90;600;2;55;3.0;0.3;0;0;0;0;0;0;0;480;400
2015-09;Mangue;Fruits;Nord;Centre;Soudano-sahélienne;-1.0;0.0;6500;2722904;110.0;30.0;50.0;70;600;2;165;3.0;0.3;0;0;0;1;1;0;0;130;120
2015-09;Avocat;Fruits;Ouest;Littoral;Hauts Plateaux;-1.0;0.0;12000;2800000;230.0;22.0;37.0;80;600;2;80;3.0;0.3;0;0;0;0;0;0;0;410;350
2015-09;Safou;Fruits;Littoral;Centre;Forêt monomodale;-1.0;0.0;4500;2722904;350.0;25.5;52.0;90;600;2;80;3.0;0.3;0;0;0;0;0;0;0;680;580
2015-09;Citron;Fruits;Centre;Centre;Forêt bimodale;-1.0;0.0;2500;2722904;280.0;24.0;31.0;85;600;2;55;3.0;0.3;0;0;0;0;0;0;0;490;410
2015-09;Orange;Fruits;Centre;Centre;Forêt bimodale;-1.0;0.0;4500;2722904;280.0;24.0;31.0;95;600;2;55;3.0;0.3;0;0;0;0;0;0;0;430;360
2015-09;Banane douce;Fruits;Sud-Ouest;Littoral;Forêt monomodale;-1.0;0.0;18000;2800000;350.0;25.5;40.5;120;600;2;90;3.0;0.3;0;0;0;0;0;0;0;350;290
2015-09;Cacao;Cultures de Rente et Stimulants;Centre;Littoral;Forêt bimodale;-1.0;0.0;210000;2800000;280.0;24.0;9.5;420;600;2;65;3.0;0.3;0;0;0;0;0;0;0;1680;1600
2015-09;Café;Cultures de Rente et Stimulants;Ouest;Littoral;Hauts Plateaux;-1.0;0.0;95000;2800000;230.0;22.0;8.5;370;600;2;80;3.0;0.3;0;0;0;0;0;0;0;1950;1880
2015-10;Maïs;Céréales;Ouest;Centre;Hauts Plateaux;-0.866;0.5;57589;2722904;140.0;23.0;11.5;85;600;3;55;3.0;0.2;0;0;0;0;0;0;0;200;175
2015-10;Riz;Céréales;Extrême-Nord;Centre;Soudano-sahélienne;-0.866;0.5;25000;2722904;40.0;31.5;5.5;130;600;3;95;3.0;0.2;0;0;0;1;1;0;0;440;410
2015-10;Mil-Sorgho;Céréales;Nord;Extrême-Nord;Soudano-sahélienne;-0.866;0.5;55000;3993000;40.0;32.0;13.0;75;600;3;45;3.0;0.2;0;0;0;1;1;0;0;220;190
2015-10;Blé;Céréales;Littoral(Import);Centre;Forêt monomodale;-0.866;0.5;0;2722904;180.0;26.0;3.0;0;600;3;45;3.0;0.2;1;0;0;0;0;0;0;410;380
2015-10;Manioc;"Tubercules, Racines et Plantains";Centre;Centre;Forêt bimodale;-0.866;0.5;115000;2722904;160.0;25.0;35.5;55;600;3;35;3.0;0.2;0;0;0;0;0;0;0;190;150
2015-10;Plantain;"Tubercules, Racines et Plantains";Sud-Ouest;Littoral;Forêt monomodale;-0.866;0.5;35000;2800000;210.0;26.5;30.0;80;600;3;80;3.0;0.2;0;0;0;0;0;0;0;380;300
2015-10;Macabo-Taro;"Tubercules, Racines et Plantains";Littoral;Littoral;Forêt monomodale;-0.866;0.5;18000;2800000;210.0;26.5;33.0;70;600;3;40;3.0;0.2;0;0;0;0;0;0;0;280;230
2015-10;Igname;"Tubercules, Racines et Plantains";Adamaoua;Centre;Savane guinéenne;-0.866;0.5;21000;2722904;90.0;24.0;30.0;115;600;3;90;3.0;0.2;0;0;0;0;0;0;0;460;400
2015-10;Pomme de terre;"Tubercules, Racines et Plantains";Ouest;Littoral;Hauts Plateaux;-0.866;0.5;15000;2800000;130.0;23.0;27.0;120;600;3;70;3.0;0.2;0;0;0;0;0;0;0;580;480
2015-10;Patate douce;"Tubercules, Racines et Plantains";Ouest;Centre;Hauts Plateaux;-0.866;0.5;8000;2722904;130.0;23.0;28.0;70;600;3;60;3.0;0.2;0;0;0;0;0;0;0;270;210
2015-10;Tomate;Maraîchers;Ouest;Centre;Hauts Plateaux;-0.866;0.5;12000;2722904;130.0;23.0;33.0;150;600;3;70;3.0;0.2;0;0;0;0;0;0;0;1000;750
2015-10;Oignon;Maraîchers;Extrême-Nord;Centre;Soudano-sahélienne;-0.866;0.5;22000;2722904;40.0;32.0;29.5;125;600;3;165;3.0;0.2;0;0;0;1;1;0;0;800;700
2015-10;Gombo;Maraîchers;Centre;Centre;Forêt bimodale;-0.866;0.5;4000;2722904;160.0;25.0;48.0;105;600;3;35;3.0;0.2;0;0;0;0;0;0;0;580;490
2015-10;Piment;Maraîchers;Extrême-Nord;Littoral;Soudano-sahélienne;-0.866;0.5;3500;2800000;40.0;32.0;36.0;180;600;3;175;3.0;0.2;0;0;0;1;1;0;0;1050;920
2015-10;Poivron;Maraîchers;Extrême-Nord;Centre;Soudano-sahélienne;-0.866;0.5;2800;2722904;40.0;32.0;41.0;170;600;3;165;3.0;0.2;0;0;0;1;1;0;0;1150;1000
2015-10;Ail;Maraîchers;Extrême-Nord;Centre;Soudano-sahélienne;-0.866;0.5;1200;2722904;40.0;32.0;22.0;205;600;3;155;3.0;0.2;0;0;0;1;1;0;0;2600;2400
2015-10;Basilic;Maraîchers;Centre;Centre;Forêt bimodale;-0.866;0.5;800;2722904;160.0;25.0;60.0;85;600;3;35;3.0;0.2;0;0;0;0;0;0;0;600;500
2015-10;Légumes feuilles;Maraîchers;Centre;Centre;Forêt bimodale;-0.866;0.5;6500;2722904;160.0;25.0;53.0;70;600;3;35;3.0;0.2;0;0;0;0;0;0;0;420;340
2015-10;Choux;Maraîchers;Ouest;Littoral;Hauts Plateaux;-0.866;0.5;4500;2800000;130.0;23.0;38.0;110;600;3;65;3.0;0.2;0;0;0;0;0;0;0;540;420
2015-10;Pastèque;Maraîchers;Extrême-Nord;Centre;Soudano-sahélienne;-0.866;0.5;2500;2722904;40.0;32.0;26.0;100;600;3;160;3.0;0.2;0;0;0;1;1;0;0;280;230
2015-10;Arachide;Oléagineux et Légumineuses;Nord;Centre;Soudano-sahélienne;-0.866;0.5;52000;2722904;40.0;31.0;13.5;180;600;3;125;3.0;0.2;0;0;0;1;1;0;0;700;640
2015-10;Soja;Oléagineux et Légumineuses;Adamaoua;Centre;Savane guinéenne;-0.866;0.5;8500;2722904;90.0;24.0;13.0;165;600;3;105;3.0;0.2;0;0;0;0;0;0;0;660;590
2015-10;Niébé;Oléagineux et Légumineuses;Extrême-Nord;Extrême-Nord;Soudano-sahélienne;-0.866;0.5;35000;3993000;40.0;32.0;15.0;185;600;3;55;3.0;0.2;0;0;0;1;1;0;0;680;620
2015-10;Haricot sec;Oléagineux et Légumineuses;Ouest;Littoral;Hauts Plateaux;-0.866;0.5;32000;2800000;130.0;23.0;12.5;115;600;3;60;3.0;0.2;0;0;0;0;0;0;0;620;540
2015-10;Huile de palme;Oléagineux et Légumineuses;Littoral;Centre;Forêt monomodale;-0.866;0.5;55000;2722904;210.0;26.5;8.5;240;600;3;55;3.0;0.2;0;0;0;0;0;0;0;900;800
2015-10;Ananas;Fruits;Littoral;Centre;Forêt monomodale;-0.866;0.5;8500;2722904;210.0;26.5;24.5;115;600;3;60;3.0;0.2;0;0;0;0;0;0;0;430;350
2015-10;Papaye;Fruits;Centre;Centre;Forêt bimodale;-0.866;0.5;3500;2722904;160.0;25.0;42.0;85;600;3;35;3.0;0.2;0;0;0;0;0;0;0;400;320
2015-10;Mangue;Fruits;Nord;Centre;Soudano-sahélienne;-0.866;0.5;6500;2722904;40.0;32.0;46.0;65;600;3;150;3.0;0.2;0;0;0;1;1;0;0;120;110
2015-10;Avocat;Fruits;Ouest;Littoral;Hauts Plateaux;-0.866;0.5;12000;2800000;130.0;23.0;32.0;75;600;3;60;3.0;0.2;0;0;0;0;0;0;0;350;280
2015-10;Safou;Fruits;Littoral;Centre;Forêt monomodale;-0.866;0.5;4500;2722904;210.0;26.5;47.0;85;600;3;60;3.0;0.2;0;0;0;0;0;0;0;580;480
2015-10;Citron;Fruits;Centre;Centre;Forêt bimodale;-0.866;0.5;2500;2722904;160.0;25.0;26.0;80;600;3;35;3.0;0.2;0;0;0;0;0;0;0;410;340
2015-10;Orange;Fruits;Centre;Centre;Forêt bimodale;-0.866;0.5;4500;2722904;160.0;25.0;26.0;90;600;3;35;3.0;0.2;0;0;0;0;0;0;0;360;290
2015-10;Banane douce;Fruits;Sud-Ouest;Littoral;Forêt monomodale;-0.866;0.5;18000;2800000;210.0;26.5;35.5;115;600;3;65;3.0;0.2;0;0;0;0;0;0;0;290;240
2015-10;Cacao;Cultures de Rente et Stimulants;Centre;Littoral;Forêt bimodale;-0.866;0.5;210000;2800000;160.0;25.0;8.0;410;600;3;45;3.0;0.2;0;0;0;0;0;0;0;1600;1550
2015-10;Café;Cultures de Rente et Stimulants;Ouest;Littoral;Hauts Plateaux;-0.866;0.5;95000;2800000;130.0;23.0;7.0;360;600;3;60;3.0;0.2;0;0;0;0;0;0;0;1880;1820
2015-11;Maïs;Céréales;Ouest;Centre;Hauts Plateaux;-0.5;0.866;57589;2722904;45.0;23.5;10.0;85;600;4;45;3.0;0.1;0;0;0;0;0;0;0;175;160
2015-11;Riz;Céréales;Extrême-Nord;Centre;Soudano-sahélienne;-0.5;0.866;25000;2722904;10.0;31.0;5.0;125;600;4;85;3.0;0.1;0;0;0;1;1;0;0;410;380
2015-11;Mil-Sorgho;Céréales;Nord;Extrême-Nord;Soudano-sahélienne;-0.5;0.866;55000;3993000;10.0;32.0;12.5;70;600;4;35;3.0;0.1;0;0;0;1;1;0;0;190;175
2015-11;Blé;Céréales;Littoral(Import);Centre;Forêt monomodale;-0.5;0.866;0;2722904;60.0;26.5;2.5;0;600;4;25;3.0;0.1;1;0;0;0;0;0;0;380;350
2015-11;Manioc;"Tubercules, Racines et Plantains";Centre;Centre;Forêt bimodale;-0.5;0.866;115000;2722904;50.0;25.5;31.5;50;600;4;20;3.0;0.1;0;0;0;0;0;0;0;150;110
2015-11;Plantain;"Tubercules, Racines et Plantains";Sud-Ouest;Littoral;Forêt monomodale;-0.5;0.866;35000;2800000;70.0;27.0;26.5;75;600;4;65;3.0;0.1;0;0;0;0;0;0;0;300;260
2015-11;Macabo-Taro;"Tubercules, Racines et Plantains";Littoral;Littoral;Forêt monomodale;-0.5;0.866;18000;2800000;70.0;27.0;29.5;65;600;4;25;3.0;0.1;0;0;0;0;0;0;0;230;180
2015-11;Igname;"Tubercules, Racines et Plantains";Adamaoua;Centre;Savane guinéenne;-0.5;0.866;21000;2722904;25.0;24.5;27.0;110;600;4;75;3.0;0.1;0;0;0;0;0;0;0;400;340
2015-11;Pomme de terre;"Tubercules, Racines et Plantains";Ouest;Littoral;Hauts Plateaux;-0.5;0.866;15000;2800000;45.0;23.5;22.5;115;600;4;50;3.0;0.1;0;0;0;0;0;0;0;480;390
2015-11;Patate douce;"Tubercules, Racines et Plantains";Ouest;Centre;Hauts Plateaux;-0.5;0.866;8000;2722904;45.0;23.5;24.0;65;600;4;45;3.0;0.1;0;0;0;0;0;0;0;210;165
2015-11;Tomate;Maraîchers;Ouest;Centre;Hauts Plateaux;-0.5;0.866;12000;2722904;45.0;23.5;27.5;145;600;4;50;3.0;0.1;0;0;0;0;0;0;0;750;550
2015-11;Oignon;Maraîchers;Extrême-Nord;Centre;Soudano-sahélienne;-0.5;0.866;22000;2722904;10.0;31.0;26.5;120;600;4;155;3.0;0.1;0;0;0;1;1;0;0;700;600
2015-11;Gombo;Maraîchers;Centre;Centre;Forêt bimodale;-0.5;0.866;4000;2722904;50.0;25.5;43.5;100;600;4;20;3.0;0.1;0;0;0;0;0;0;0;490;400
2015-11;Piment;Maraîchers;Extrême-Nord;Littoral;Soudano-sahélienne;-0.5;0.866;3500;2800000;10.0;31.0;33.5;175;600;4;160;3.0;0.1;0;0;0;1;1;0;0;920;860
2015-11;Poivron;Maraîchers;Extrême-Nord;Centre;Soudano-sahélienne;-0.5;0.866;2800;2722904;10.0;31.0;38.5;165;600;4;150;3.0;0.1;0;0;0;1;1;0;0;1000;920
2015-11;Ail;Maraîchers;Extrême-Nord;Centre;Soudano-sahélienne;-0.5;0.866;1200;2722904;10.0;31.0;19.5;200;600;4;140;3.0;0.1;0;0;0;1;1;0;0;2400;2250
2015-11;Basilic;Maraîchers;Centre;Centre;Forêt bimodale;-0.5;0.866;800;2722904;50.0;25.5;56.5;80;600;4;20;3.0;0.1;0;0;0;0;0;0;0;500;430
2015-11;Légumes feuilles;Maraîchers;Centre;Centre;Forêt bimodale;-0.5;0.866;6500;2722904;50.0;25.5;49.5;65;600;4;20;3.0;0.1;0;0;0;0;0;0;0;340;275
2015-11;Choux;Maraîchers;Ouest;Littoral;Hauts Plateaux;-0.5;0.866;4500;2800000;45.0;23.5;33.5;105;600;4;45;3.0;0.1;0;0;0;0;0;0;0;420;350
2015-11;Pastèque;Maraîchers;Extrême-Nord;Centre;Soudano-sahélienne;-0.5;0.866;2500;2722904;10.0;31.0;23.5;95;600;4;145;3.0;0.1;0;0;0;1;1;0;0;230;190
2015-11;Arachide;Oléagineux et Légumineuses;Nord;Centre;Soudano-sahélienne;-0.5;0.866;52000;2722904;10.0;31.5;11.5;175;600;4;110;3.0;0.1;0;0;0;1;1;0;0;640;590
2015-11;Soja;Oléagineux et Légumineuses;Adamaoua;Centre;Savane guinéenne;-0.5;0.866;8500;2722904;25.0;24.5;11.5;160;600;4;85;3.0;0.1;0;0;0;0;0;0;0;590;540
2015-11;Niébé;Oléagineux et Légumineuses;Extrême-Nord;Extrême-Nord;Soudano-sahélienne;-0.5;0.866;35000;3993000;10.0;31.0;13.0;180;600;4;35;3.0;0.1;0;0;0;1;1;0;0;620;570
2015-11;Haricot sec;Oléagineux et Légumineuses;Ouest;Littoral;Hauts Plateaux;-0.5;0.866;32000;2800000;45.0;23.5;9.5;110;600;4;45;3.0;0.1;0;0;0;0;0;0;0;540;460
2015-11;Huile de palme;Oléagineux et Légumineuses;Littoral;Centre;Forêt monomodale;-0.5;0.866;55000;2722904;70.0;27.0;6.5;235;600;4;40;3.0;0.1;0;0;0;0;0;0;0;800;710
2015-11;Ananas;Fruits;Littoral;Centre;Forêt monomodale;-0.5;0.866;8500;2722904;70.0;27.0;18.5;110;600;4;45;3.0;0.1;0;0;0;0;0;0;0;350;285
2015-11;Papaye;Fruits;Centre;Centre;Forêt bimodale;-0.5;0.866;3500;2722904;50.0;25.5;37.5;80;600;4;20;3.0;0.1;0;0;0;0;0;0;0;320;260
2015-11;Mangue;Fruits;Nord;Centre;Soudano-sahélienne;-0.5;0.866;6500;2722904;10.0;31.5;43.5;60;600;4;135;3.0;0.1;0;0;0;1;1;0;0;110;105
2015-11;Avocat;Fruits;Ouest;Littoral;Hauts Plateaux;-0.5;0.866;12000;2800000;45.0;23.5;27.5;70;600;4;45;3.0;0.1;0;0;0;0;0;0;0;280;210
2015-11;Safou;Fruits;Littoral;Centre;Forêt monomodale;-0.5;0.866;4500;2722904;70.0;27.0;42.5;80;600;4;45;3.0;0.1;0;0;0;0;0;0;0;480;390
2015-11;Citron;Fruits;Centre;Centre;Forêt bimodale;-0.5;0.866;2500;2722904;50.0;25.5;22.5;75;600;4;20;3.0;0.1;0;0;0;0;0;0;0;340;275
2015-11;Orange;Fruits;Centre;Centre;Forêt bimodale;-0.5;0.866;4500;2722904;50.0;25.5;22.5;85;600;4;20;3.0;0.1;0;0;0;0;0;0;0;290;255
2015-11;Banane douce;Fruits;Sud-Ouest;Littoral;Forêt monomodale;-0.5;0.866;18000;2800000;70.0;27.0;32.5;110;600;4;55;3.0;0.1;0;0;0;0;0;0;0;240;195
2015-11;Cacao;Cultures de Rente et Stimulants;Centre;Littoral;Forêt bimodale;-0.5;0.866;210000;2800000;50.0;25.5;6.5;400;600;4;30;3.0;0.1;0;0;0;0;0;0;0;1550;1520
2015-11;Café;Cultures de Rente et Stimulants;Ouest;Littoral;Hauts Plateaux;-0.5;0.866;95000;2800000;45.0;23.5;5.5;350;600;4;45;3.0;0.1;0;0;0;0;0;0;0;1820;1780
2015-12;Maïs;Céréales;Ouest;Centre;Hauts Plateaux;0.0;1.0;57589;2722904;10.5;23.0;9.6;85;600;4;45;3.0;0.2;0;0;1;0;0;0;0;160;165
2015-12;Riz;Céréales;Extrême-Nord;Centre;Soudano-sahélienne;0.0;1.0;25000;2722904;0.0;30.5;5.0;125;600;4;85;3.0;0.2;0;0;1;1;1;0;0;380;395
2015-12;Mil-Sorgho;Céréales;Nord;Extrême-Nord;Soudano-sahélienne;0.0;1.0;55000;3993000;0.0;32.0;12.5;70;600;4;35;3.0;0.2;0;0;1;1;1;0;0;175;185
2015-12;Blé;Céréales;Littoral(Import);Centre;Forêt monomodale;0.0;1.0;0;2722904;25.0;27.0;2.0;0;600;4;25;3.0;0.2;1;0;1;0;0;0;0;350;365
2015-12;Manioc;"Tubercules, Racines et Plantains";Centre;Centre;Forêt bimodale;0.0;1.0;115000;2722904;15.0;25.0;30.5;50;600;4;20;3.0;0.2;0;0;1;0;0;0;0;110;125
2015-12;Plantain;"Tubercules, Racines et Plantains";Sud-Ouest;Littoral;Forêt monomodale;0.0;1.0;35000;2800000;35.0;26.5;25.0;75;600;4;65;3.0;0.2;0;0;1;0;0;0;0;260;320
2015-12;Macabo-Taro;"Tubercules, Racines et Plantains";Littoral;Littoral;Forêt monomodale;0.0;1.0;18000;2800000;35.0;26.5;28.5;65;600;4;25;3.0;0.2;0;0;1;0;0;0;0;180;220
2015-12;Igname;"Tubercules, Racines et Plantains";Adamaoua;Centre;Savane guinéenne;0.0;1.0;21000;2722904;0.0;24.0;26.0;110;600;4;75;3.0;0.2;0;0;1;0;0;0;0;340;375
2015-12;Pomme de terre;"Tubercules, Racines et Plantains";Ouest;Littoral;Hauts Plateaux;0.0;1.0;15000;2800000;10.5;23.0;21.0;115;600;4;50;3.0;0.2;0;0;1;0;0;0;0;390;450
2015-12;Patate douce;"Tubercules, Racines et Plantains";Ouest;Centre;Hauts Plateaux;0.0;1.0;8000;2722904;10.5;23.0;23.0;65;600;4;45;3.0;0.2;0;0;1;0;0;0;0;165;200
2015-12;Tomate;Maraîchers;Ouest;Centre;Hauts Plateaux;0.0;1.0;12000;2722904;10.5;23.0;25.5;145;600;4;50;3.0;0.2;0;0;1;0;0;0;0;550;700
2015-12;Oignon;Maraîchers;Extrême-Nord;Centre;Soudano-sahélienne;0.0;1.0;22000;2722904;0.0;30.5;26.0;120;600;4;155;3.0;0.2;0;0;1;1;1;0;0;600;650
2015-12;Gombo;Maraîchers;Centre;Centre;Forêt bimodale;0.0;1.0;4000;2722904;15.0;25.0;42.0;100;600;4;20;3.0;0.2;0;0;1;0;0;0;0;400;450
2015-12;Piment;Maraîchers;Extrême-Nord;Littoral;Soudano-sahélienne;0.0;1.0;3500;2800000;0.0;30.5;32.0;175;600;4;160;3.0;0.2;0;0;1;1;1;0;0;860;940
2015-12;Poivron;Maraîchers;Extrême-Nord;Centre;Soudano-sahélienne;0.0;1.0;2800;2722904;0.0;30.5;37.0;165;600;4;150;3.0;0.2;0;0;1;1;1;0;0;920;1000
2015-12;Ail;Maraîchers;Extrême-Nord;Centre;Soudano-sahélienne;0.0;1.0;1200;2722904;0.0;30.5;18.0;200;600;4;140;3.0;0.2;0;0;1;1;1;0;0;2250;2350
2015-12;Basilic;Maraîchers;Centre;Centre;Forêt bimodale;0.0;1.0;800;2722904;15.0;25.0;55.0;80;600;4;20;3.0;0.2;0;0;1;0;0;0;0;430;490
2015-12;Légumes feuilles;Maraîchers;Centre;Centre;Forêt bimodale;0.0;1.0;6500;2722904;15.0;25.0;48.0;65;600;4;20;3.0;0.2;0;0;1;0;0;0;0;275;310
2015-12;Choux;Maraîchers;Ouest;Littoral;Hauts Plateaux;0.0;1.0;4500;2800000;10.5;23.0;32.0;105;600;4;45;3.0;0.2;0;0;1;0;0;0;0;350;420
2015-12;Pastèque;Maraîchers;Extrême-Nord;Centre;Soudano-sahélienne;0.0;1.0;2500;2722904;0.0;30.5;22.0;95;600;4;145;3.0;0.2;0;0;1;1;1;0;0;190;210
2015-12;Arachide;Oléagineux et Légumineuses;Nord;Centre;Soudano-sahélienne;0.0;1.0;52000;2722904;0.0;32.0;11.0;175;600;4;110;3.0;0.2;0;0;1;1;1;0;0;590;620
2015-12;Soja;Oléagineux et Légumineuses;Adamaoua;Centre;Savane guinéenne;0.0;1.0;8500;2722904;0.0;24.0;10.5;160;600;4;85;3.0;0.2;0;0;1;0;0;0;0;540;570
2015-12;Niébé;Oléagineux et Légumineuses;Extrême-Nord;Extrême-Nord;Soudano-sahélienne;0.0;1.0;35000;3993000;0.0;30.5;12.5;180;600;4;35;3.0;0.2;0;0;1;1;1;0;0;570;600
2015-12;Haricot sec;Oléagineux et Légumineuses;Ouest;Littoral;Hauts Plateaux;0.0;1.0;32000;2800000;10.5;23.0;8.5;110;600;4;45;3.0;0.2;0;0;1;0;0;0;0;460;510
2015-12;Huile de palme;Oléagineux et Légumineuses;Littoral;Centre;Forêt monomodale;0.0;1.0;55000;2722904;25.0;27.0;6.0;235;600;4;40;3.0;0.2;0;0;1;0;0;0;0;710;760
2015-12;Ananas;Fruits;Littoral;Centre;Forêt monomodale;0.0;1.0;8500;2722904;25.0;27.0;16.5;110;600;4;45;3.0;0.2;0;0;1;0;0;0;0;285;320
2015-12;Papaye;Fruits;Centre;Centre;Forêt bimodale;0.0;1.0;3500;2722904;15.0;25.0;36.0;80;600;4;20;3.0;0.2;0;0;1;0;0;0;0;260;290
2015-12;Mangue;Fruits;Nord;Centre;Soudano-sahélienne;0.0;1.0;6500;2722904;0.0;32.0;42.0;60;600;4;135;3.0;0.2;0;0;1;1;1;0;0;105;110
2015-12;Avocat;Fruits;Ouest;Littoral;Hauts Plateaux;0.0;1.0;12000;2800000;10.5;23.0;26.0;70;600;4;45;3.0;0.2;0;0;1;0;0;0;0;210;250
2015-12;Safou;Fruits;Littoral;Centre;Forêt monomodale;0.0;1.0;4500;2722904;25.0;27.0;41.0;80;600;4;45;3.0;0.2;0;0;1;0;0;0;0;390;430
2015-12;Citron;Fruits;Centre;Centre;Forêt bimodale;0.0;1.0;2500;2722904;15.0;25.0;21.0;75;600;4;20;3.0;0.2;0;0;1;0;0;0;0;275;310
2015-12;Orange;Fruits;Centre;Centre;Forêt bimodale;0.0;1.0;4500;2722904;15.0;25.0;21.0;85;600;4;20;3.0;0.2;0;0;1;0;0;0;0;255;290
2015-12;Banane douce;Fruits;Sud-Ouest;Littoral;Forêt monomodale;0.0;1.0;18000;2800000;35.0;26.5;31.0;110;600;4;55;3.0;0.2;0;0;1;0;0;0;0;195;230
2015-12;Cacao;Cultures de Rente et Stimulants;Centre;Littoral;Forêt bimodale;0.0;1.0;210000;2800000;15.0;25.0;6.0;400;600;4;30;3.0;0.2;0;0;1;0;0;0;0;1520;1550
2015-12;Café;Cultures de Rente et Stimulants;Ouest;Littoral;Hauts Plateaux;0.0;1.0;95000;2800000;10.5;23.0;5.0;350;600;4;45;3.0;0.2;0;0;1;0;0;0;0;1780;1800
2016-01;Maïs;Céréales;Ouest;Centre;Hauts Plateaux;0.5;0.866;58200;2793600;10.5;23.0;9.6;90;600;4;45;1.8;0.2;0;0;1;0;0;0;0;165;160
2016-01;Riz;Céréales;Extrême-Nord;Centre;Soudano-sahélienne;0.5;0.866;26000;2793600;0.0;30.5;5.0;130;600;3;85;1.8;0.2;0;0;1;1;1;0;0;395;390
2016-01;Mil-Sorgho;Céréales;Nord;Extrême-Nord;Soudano-sahélienne;0.5;0.866;56000;4096000;0.0;32.0;12.5;75;600;3;35;1.8;0.2;0;0;1;1;1;0;0;185;180
2016-01;Blé;Céréales;Littoral(Import);Centre;Forêt monomodale;0.5;0.866;0;2793600;25.0;27.0;2.0;0;600;4;25;1.8;0.2;1;0;1;0;0;0;0;365;375
2016-01;Manioc;"Tubercules, Racines et Plantains";Centre;Centre;Forêt bimodale;0.5;0.866;118000;2793600;15.0;25.0;30.5;55;600;3;20;1.8;0.2;0;0;1;0;0;0;0;125;135
2016-01;Plantain;"Tubercules, Racines et Plantains";Sud-Ouest;Littoral;Forêt monomodale;0.5;0.866;36000;2872000;35.0;26.5;25.0;80;600;3;65;1.8;0.2;0;0;1;0;0;0;0;320;330
2016-01;Macabo-Taro;"Tubercules, Racines et Plantains";Littoral;Littoral;Forêt monomodale;0.5;0.866;18500;2872000;35.0;26.5;28.5;70;600;3;25;1.8;0.2;0;0;1;0;0;0;0;220;235
2016-01;Igname;"Tubercules, Racines et Plantains";Adamaoua;Centre;Savane guinéenne;0.5;0.866;21500;2793600;0.0;24.0;26.0;115;600;3;75;1.8;0.2;0;0;1;0;0;0;0;375;395
2016-01;Pomme de terre;"Tubercules, Racines et Plantains";Ouest;Littoral;Hauts Plateaux;0.5;0.866;15500;2872000;10.5;23.0;21.0;120;600;4;50;1.8;0.2;0;0;1;0;0;0;0;450;470
2016-01;Patate douce;"Tubercules, Racines et Plantains";Ouest;Centre;Hauts Plateaux;0.5;0.866;8200;2793600;10.5;23.0;23.0;70;600;4;45;1.8;0.2;0;0;1;0;0;0;0;200;210
2016-01;Tomate;Maraîchers;Ouest;Centre;Hauts Plateaux;0.5;0.866;12500;2793600;10.5;23.0;25.5;150;600;4;50;1.8;0.2;0;0;1;0;0;0;0;700;720
2016-01;Oignon;Maraîchers;Extrême-Nord;Centre;Soudano-sahélienne;0.5;0.866;22500;2793600;0.0;30.5;26.0;125;600;2;155;1.8;0.2;0;0;1;1;1;0;0;650;630
2016-01;Gombo;Maraîchers;Centre;Centre;Forêt bimodale;0.5;0.866;4200;2793600;15.0;25.0;42.0;105;600;3;20;1.8;0.2;0;0;1;0;0;0;0;450;465
2016-01;Piment;Maraîchers;Extrême-Nord;Littoral;Soudano-sahélienne;0.5;0.866;3600;2872000;0.0;30.5;32.0;180;600;2;160;1.8;0.2;0;0;1;1;1;0;0;940;920
2016-01;Poivron;Maraîchers;Extrême-Nord;Centre;Soudano-sahélienne;0.5;0.866;2900;2793600;0.0;30.5;37.0;170;600;2;150;1.8;0.2;0;0;1;1;1;0;0;1000;980
2016-01;Ail;Maraîchers;Extrême-Nord;Centre;Soudano-sahélienne;0.5;0.866;1250;2793600;0.0;30.5;18.0;205;600;2;140;1.8;0.2;0;0;1;1;1;0;0;2350;2300
2016-01;Basilic;Maraîchers;Centre;Centre;Forêt bimodale;0.5;0.866;850;2793600;15.0;25.0;55.0;85;600;3;20;1.8;0.2;0;0;1;0;0;0;0;490;505
2016-01;Légumes feuilles;Maraîchers;Centre;Centre;Forêt bimodale;0.5;0.866;6700;2793600;15.0;25.0;48.0;70;600;3;20;1.8;0.2;0;0;1;0;0;0;0;310;330
2016-01;Choux;Maraîchers;Ouest;Littoral;Hauts Plateaux;0.5;0.866;4600;2872000;10.5;23.0;32.0;110;600;4;45;1.8;0.2;0;0;1;0;0;0;0;420;440
2016-01;Pastèque;Maraîchers;Extrême-Nord;Centre;Soudano-sahélienne;0.5;0.866;2600;2793600;0.0;30.5;22.0;100;600;2;145;1.8;0.2;0;0;1;1;1;0;0;210;205
2016-01;Arachide;Oléagineux et Légumineuses;Nord;Centre;Soudano-sahélienne;0.5;0.866;53000;2793600;0.0;32.0;11.0;180;600;2;110;1.8;0.2;0;0;1;1;1;0;0;620;610
2016-01;Soja;Oléagineux et Légumineuses;Adamaoua;Centre;Savane guinéenne;0.5;0.866;8700;2793600;0.0;24.0;10.5;165;600;3;85;1.8;0.2;0;0;1;0;0;0;0;570;580
2016-01;Niébé;Oléagineux et Légumineuses;Extrême-Nord;Extrême-Nord;Soudano-sahélienne;0.5;0.866;36000;4096000;0.0;30.5;12.5;185;600;3;35;1.8;0.2;0;0;1;1;1;0;0;600;580
2016-01;Haricot sec;Oléagineux et Légumineuses;Ouest;Littoral;Hauts Plateaux;0.5;0.866;33000;2872000;10.5;23.0;8.5;115;600;4;45;1.8;0.2;0;0;1;0;0;0;0;510;525
2016-01;Huile de palme;Oléagineux et Légumineuses;Littoral;Centre;Forêt monomodale;0.5;0.866;56000;2793600;25.0;27.0;6.0;240;600;4;40;1.8;0.2;0;0;1;0;0;0;0;760;785
2016-01;Ananas;Fruits;Littoral;Centre;Forêt monomodale;0.5;0.866;8700;2793600;25.0;27.0;16.5;115;600;4;45;1.8;0.2;0;0;1;0;0;0;0;320;335
2016-01;Papaye;Fruits;Centre;Centre;Forêt bimodale;0.5;0.866;3600;2793600;15.0;25.0;36.0;85;600;3;20;1.8;0.2;0;0;1;0;0;0;0;290;310
2016-01;Mangue;Fruits;Nord;Centre;Soudano-sahélienne;0.5;0.866;6700;2793600;0.0;32.0;42.0;65;600;2;135;1.8;0.2;0;0;1;1;1;0;0;110;115
2016-01;Avocat;Fruits;Ouest;Littoral;Hauts Plateaux;0.5;0.866;12500;2872000;10.5;23.0;26.0;75;600;4;45;1.8;0.2;0;0;1;0;0;0;0;250;270
2016-01;Safou;Fruits;Littoral;Centre;Forêt monomodale;0.5;0.866;4600;2793600;25.0;27.0;41.0;85;600;3;45;1.8;0.2;0;0;1;0;0;0;0;430;460
2016-01;Citron;Fruits;Centre;Centre;Forêt bimodale;0.5;0.866;2600;2793600;15.0;25.0;21.0;80;600;3;20;1.8;0.2;0;0;1;0;0;0;0;310;330
2016-01;Orange;Fruits;Centre;Centre;Forêt bimodale;0.5;0.866;4600;2793600;15.0;25.0;21.0;90;600;3;20;1.8;0.2;0;0;1;0;0;0;0;290;305
2016-01;Banane douce;Fruits;Sud-Ouest;Littoral;Forêt monomodale;0.5;0.866;18500;2872000;35.0;26.5;31.0;115;600;3;55;1.8;0.2;0;0;1;0;0;0;0;230;250
2016-01;Cacao;Cultures de Rente et Stimulants;Centre;Littoral;Forêt bimodale;0.5;0.866;215000;2872000;15.0;25.0;6.0;410;600;4;30;1.8;0.2;0;0;0;0;0;0;0;1550;1580
2016-01;Café;Cultures de Rente et Stimulants;Ouest;Littoral;Hauts Plateaux;0.5;0.866;96000;2872000;10.5;23.0;5.0;360;600;4;45;1.8;0.2;0;0;0;0;0;0;0;1800;1840
2016-02;Maïs;Céréales;Ouest;Centre;Hauts Plateaux;0.866;0.5;58200;2793600;15.5;24.0;9.6;90;600;4;45;1.8;0.2;0;0;0;0;0;0;0;160;155
2016-02;Riz;Céréales;Extrême-Nord;Centre;Soudano-sahélienne;0.866;0.5;26000;2793600;0.0;31.5;5.0;130;600;3;85;1.8;0.2;0;0;0;1;1;0;0;390;385
2016-02;Mil-Sorgho;Céréales;Nord;Extrême-Nord;Soudano-sahélienne;0.866;0.5;56000;4096000;0.0;33.0;12.5;75;600;3;35;1.8;0.2;0;0;0;1;1;0;0;180;175
2016-02;Blé;Céréales;Littoral(Import);Centre;Forêt monomodale;0.866;0.5;0;2793600;30.0;28.0;2.0;0;600;4;25;1.8;0.2;1;0;0;0;0;0;0;375;380
2016-02;Manioc;"Tubercules, Racines et Plantains";Centre;Centre;Forêt bimodale;0.866;0.5;118000;2793600;20.0;26.0;30.5;55;600;3;20;1.8;0.2;0;0;0;0;0;0;0;135;130
2016-02;Plantain;"Tubercules, Racines et Plantains";Sud-Ouest;Littoral;Forêt monomodale;0.866;0.5;36000;2872000;40.0;27.5;25.0;80;600;3;65;1.8;0.2;0;0;0;0;0;0;0;330;340
2016-02;Macabo-Taro;"Tubercules, Racines et Plantains";Littoral;Littoral;Forêt monomodale;0.866;0.5;18500;2872000;40.0;27.5;28.5;70;600;3;25;1.8;0.2;0;0;0;0;0;0;0;235;240
2016-02;Igname;"Tubercules, Racines et Plantains";Adamaoua;Centre;Savane guinéenne;0.866;0.5;21500;2793600;0.0;25.0;26.0;115;600;3;75;1.8;0.2;0;0;0;0;0;0;0;395;385
2016-02;Pomme de terre;"Tubercules, Racines et Plantains";Ouest;Littoral;Hauts Plateaux;0.866;0.5;15500;2872000;15.5;24.0;21.0;120;600;4;50;1.8;0.2;0;0;0;0;0;0;0;470;460
2016-02;Patate douce;"Tubercules, Racines et Plantains";Ouest;Centre;Hauts Plateaux;0.866;0.5;8200;2793600;15.5;24.0;23.0;70;600;4;45;1.8;0.2;0;0;0;0;0;0;0;210;205
2016-02;Tomate;Maraîchers;Ouest;Centre;Hauts Plateaux;0.866;0.5;12500;2793600;15.5;24.0;25.5;150;600;4;50;1.8;0.2;0;0;0;0;0;0;0;720;700
2016-02;Oignon;Maraîchers;Extrême-Nord;Centre;Soudano-sahélienne;0.866;0.5;22500;2793600;0.0;31.5;26.0;125;600;2;155;1.8;0.2;0;0;0;1;1;0;0;630;610
2016-02;Gombo;Maraîchers;Centre;Centre;Forêt bimodale;0.866;0.5;4200;2793600;20.0;26.0;42.0;105;600;3;20;1.8;0.2;0;0;0;0;0;0;0;465;450
2016-02;Piment;Maraîchers;Extrême-Nord;Littoral;Soudano-sahélienne;0.866;0.5;3600;2872000;0.0;31.5;32.0;180;600;2;160;1.8;0.2;0;0;0;1;1;0;0;920;900
2016-02;Poivron;Maraîchers;Extrême-Nord;Centre;Soudano-sahélienne;0.866;0.5;2900;2793600;0.0;31.5;37.0;170;600;2;150;1.8;0.2;0;0;0;1;1;0;0;980;960
2016-02;Ail;Maraîchers;Extrême-Nord;Centre;Soudano-sahélienne;0.866;0.5;1250;2793600;0.0;31.5;18.0;205;600;2;140;1.8;0.2;0;0;0;1;1;0;0;2300;2250
2016-02;Basilic;Maraîchers;Centre;Centre;Forêt bimodale;0.866;0.5;850;2793600;20.0;26.0;55.0;85;600;3;20;1.8;0.2;0;0;0;0;0;0;0;505;495
2016-02;Légumes feuilles;Maraîchers;Centre;Centre;Forêt bimodale;0.866;0.5;6700;2793600;20.0;26.0;48.0;70;600;3;20;1.8;0.2;0;0;0;0;0;0;0;330;315
2016-02;Choux;Maraîchers;Ouest;Littoral;Hauts Plateaux;0.866;0.5;4600;2872000;15.5;24.0;32.0;110;600;4;45;1.8;0.2;0;0;0;0;0;0;0;440;425
2016-02;Pastèque;Maraîchers;Extrême-Nord;Centre;Soudano-sahélienne;0.866;0.5;2600;2793600;0.0;31.5;22.0;100;600;2;145;1.8;0.2;0;0;0;1;1;0;0;205;195
2016-02;Arachide;Oléagineux et Légumineuses;Nord;Centre;Soudano-sahélienne;0.866;0.5;53000;2793600;0.0;33.0;11.0;180;600;2;110;1.8;0.2;0;0;0;1;1;0;0;610;600
2016-02;Soja;Oléagineux et Légumineuses;Adamaoua;Centre;Savane guinéenne;0.866;0.5;8700;2793600;0.0;25.0;10.5;165;600;3;85;1.8;0.2;0;0;0;0;0;0;0;580;570
2016-02;Niébé;Oléagineux et Légumineuses;Extrême-Nord;Extrême-Nord;Soudano-sahélienne;0.866;0.5;36000;4096000;0.0;31.5;12.5;185;600;3;35;1.8;0.2;0;0;0;1;1;0;0;580;570
2016-02;Haricot sec;Oléagineux et Légumineuses;Ouest;Littoral;Hauts Plateaux;0.866;0.5;33000;2872000;15.5;24.0;8.5;115;600;4;45;1.8;0.2;0;0;0;0;0;0;0;525;515
2016-02;Huile de palme;Oléagineux et Légumineuses;Littoral;Centre;Forêt monomodale;0.866;0.5;56000;2793600;30.0;28.0;6.0;240;600;4;40;1.8;0.2;0;0;0;0;0;0;0;785;775
2016-02;Ananas;Fruits;Littoral;Centre;Forêt monomodale;0.866;0.5;8700;2793600;30.0;28.0;16.5;115;600;4;45;1.8;0.2;0;0;0;0;0;0;0;335;320
2016-02;Papaye;Fruits;Centre;Centre;Forêt bimodale;0.866;0.5;3600;2793600;20.0;26.0;36.0;85;600;3;20;1.8;0.2;0;0;0;0;0;0;0;310;295
2016-02;Mangue;Fruits;Nord;Centre;Soudano-sahélienne;0.866;0.5;6700;2793600;0.0;33.0;42.0;65;600;2;135;1.8;0.2;0;0;0;1;1;0;0;115;105
2016-02;Avocat;Fruits;Ouest;Littoral;Hauts Plateaux;0.866;0.5;12500;2872000;15.5;24.0;26.0;75;600;4;45;1.8;0.2;0;0;0;0;0;0;0;270;260
2016-02;Safou;Fruits;Littoral;Centre;Forêt monomodale;0.866;0.5;4600;2793600;30.0;28.0;41.0;85;600;3;45;1.8;0.2;0;0;0;0;0;0;0;460;440
2016-02;Citron;Fruits;Centre;Centre;Forêt bimodale;0.866;0.5;2600;2793600;20.0;26.0;21.0;80;600;3;20;1.8;0.2;0;0;0;0;0;0;0;330;320
2016-02;Orange;Fruits;Centre;Centre;Forêt bimodale;0.866;0.5;4600;2793600;20.0;26.0;21.0;90;600;3;20;1.8;0.2;0;0;0;0;0;0;0;305;295
2016-02;Banane douce;Fruits;Sud-Ouest;Littoral;Forêt monomodale;0.866;0.5;18500;2872000;40.0;27.5;31.0;115;600;3;55;1.8;0.2;0;0;0;0;0;0;0;250;240
2016-02;Cacao;Cultures de Rente et Stimulants;Centre;Littoral;Forêt bimodale;0.866;0.5;215000;2872000;20.0;26.0;6.0;410;600;4;30;1.8;0.2;0;0;0;0;0;0;0;1580;1610
2016-02;Café;Cultures de Rente et Stimulants;Ouest;Littoral;Hauts Plateaux;0.866;0.5;96000;2872000;15.5;24.0;5.0;360;600;4;45;1.8;0.2;0;0;0;0;0;0;0;1840;1870
2016-03;Maïs;Céréales;Ouest;Centre;Hauts Plateaux;1.0;0.0;58200;2793600;55.0;24.0;10.5;95;600;3;50;1.8;0.3;0;0;0;0;0;0;0;155;165
2016-03;Riz;Céréales;Extrême-Nord;Centre;Soudano-sahélienne;1.0;0.0;26000;2793600;0.0;33.5;5.0;135;600;3;85;1.8;0.3;0;0;0;1;1;0;0;385;395
2016-03;Mil-Sorgho;Céréales;Nord;Extrême-Nord;Soudano-sahélienne;1.0;0.0;56000;4096000;0.0;35.0;12.5;80;600;3;35;1.8;0.3;0;0;0;1;1;0;0;175;185
2016-03;Blé;Céréales;Littoral(Import);Centre;Forêt monomodale;1.0;0.0;0;2793600;55.0;28.0;2.0;0;600;3;30;1.8;0.3;1;0;0;0;0;0;0;380;385
2016-03;Manioc;"Tubercules, Racines et Plantains";Centre;Centre;Forêt bimodale;1.0;0.0;118000;2793600;45.0;27.0;32.5;60;600;3;22;1.8;0.3;0;0;0;0;0;0;0;130;140
2016-03;Plantain;"Tubercules, Racines et Plantains";Sud-Ouest;Littoral;Forêt monomodale;1.0;0.0;36000;2872000;65.0;28.5;26.0;85;600;3;70;1.8;0.3;0;0;0;0;0;0;0;340;355
2016-03;Macabo-Taro;"Tubercules, Racines et Plantains";Littoral;Littoral;Forêt monomodale;1.0;0.0;18500;2872000;65.0;28.5;29.5;75;600;3;28;1.8;0.3;0;0;0;0;0;0;0;240;250
2016-03;Igname;"Tubercules, Racines et Plantains";Adamaoua;Centre;Savane guinéenne;1.0;0.0;21500;2793600;10.0;26.0;26.5;120;600;3;80;1.8;0.3;0;0;0;0;0;0;0;385;405
2016-03;Pomme de terre;"Tubercules, Racines et Plantains";Ouest;Littoral;Hauts Plateaux;1.0;0.0;15500;2872000;55.0;24.0;23.0;125;600;3;55;1.8;0.3;0;0;0;0;0;0;0;460;485
2016-03;Patate douce;"Tubercules, Racines et Plantains";Ouest;Centre;Hauts Plateaux;1.0;0.0;8200;2793600;55.0;24.0;24.0;75;600;3;50;1.8;0.3;0;0;0;0;0;0;0;205;220
2016-03;Tomate;Maraîchers;Ouest;Centre;Hauts Plateaux;1.0;0.0;12500;2793600;55.0;24.0;28.5;155;600;3;55;1.8;0.3;0;0;0;0;0;0;0;700;760
2016-03;Oignon;Maraîchers;Extrême-Nord;Centre;Soudano-sahélienne;1.0;0.0;22500;2793600;0.0;34.0;26.5;130;600;2;160;1.8;0.3;0;0;0;1;1;0;0;610;650
2016-03;Gombo;Maraîchers;Centre;Centre;Forêt bimodale;1.0;0.0;4200;2793600;45.0;27.0;44.0;110;600;3;22;1.8;0.3;0;0;0;0;0;0;0;450;480
2016-03;Piment;Maraîchers;Extrême-Nord;Littoral;Soudano-sahélienne;1.0;0.0;3600;2872000;0.0;34.0;32.5;185;600;2;165;1.8;0.3;0;0;0;1;1;0;0;900;940
2016-03;Poivron;Maraîchers;Extrême-Nord;Centre;Soudano-sahélienne;1.0;0.0;2900;2793600;0.0;34.0;37.5;175;600;2;155;1.8;0.3;0;0;0;1;1;0;0;960;1010
2016-03;Ail;Maraîchers;Extrême-Nord;Centre;Soudano-sahélienne;1.0;0.0;1250;2793600;0.0;34.0;18.5;210;600;2;145;1.8;0.3;0;0;0;1;1;0;0;2250;2350
2016-03;Basilic;Maraîchers;Centre;Centre;Forêt bimodale;1.0;0.0;850;2793600;45.0;27.0;57.0;90;600;3;22;1.8;0.3;0;0;0;0;0;0;0;495;525
2016-03;Légumes feuilles;Maraîchers;Centre;Centre;Forêt bimodale;1.0;0.0;6700;2793600;45.0;27.0;50.0;75;600;3;22;1.8;0.3;0;0;0;0;0;0;0;315;340
2016-03;Choux;Maraîchers;Ouest;Littoral;Hauts Plateaux;1.0;0.0;4600;2872000;55.0;24.0;34.0;115;600;3;50;1.8;0.3;0;0;0;0;0;0;0;425;455
2016-03;Pastèque;Maraîchers;Extrême-Nord;Centre;Soudano-sahélienne;1.0;0.0;2600;2793600;0.0;34.0;22.5;105;600;2;150;1.8;0.3;0;0;0;1;1;0;0;195;220
2016-03;Arachide;Oléagineux et Légumineuses;Nord;Centre;Soudano-sahélienne;1.0;0.0;53000;2793600;0.0;34.5;11.5;185;600;2;115;1.8;0.3;0;0;0;1;1;0;0;600;625
2016-03;Soja;Oléagineux et Légumineuses;Adamaoua;Centre;Savane guinéenne;1.0;0.0;8700;2793600;10.0;26.0;11.0;170;600;3;90;1.8;0.3;0;0;0;0;0;0;0;570;590
2016-03;Niébé;Oléagineux et Légumineuses;Extrême-Nord;Extrême-Nord;Soudano-sahélienne;1.0;0.0;36000;4096000;0.0;34.0;13.0;190;600;3;40;1.8;0.3;0;0;0;1;1;0;0;570;600
2016-03;Haricot sec;Oléagineux et Légumineuses;Ouest;Littoral;Hauts Plateaux;1.0;0.0;33000;2872000;55.0;24.0;9.5;120;600;3;50;1.8;0.3;0;0;0;0;0;0;0;515;540
2016-03;Huile de palme;Oléagineux et Légumineuses;Littoral;Centre;Forêt monomodale;1.0;0.0;56000;2793600;65.0;28.5;6.5;245;600;3;45;1.8;0.3;0;0;0;0;0;0;0;775;805
2016-03;Ananas;Fruits;Littoral;Centre;Forêt monomodale;1.0;0.0;8700;2793600;65.0;28.5;18.0;120;600;3;50;1.8;0.3;0;0;0;0;0;0;0;320;345
2016-03;Papaye;Fruits;Centre;Centre;Forêt bimodale;1.0;0.0;3600;2793600;45.0;27.0;38.0;90;600;3;22;1.8;0.3;0;0;0;0;0;0;0;295;325
2016-03;Mangue;Fruits;Nord;Centre;Soudano-sahélienne;1.0;0.0;6700;2793600;0.0;34.5;43.0;70;600;2;140;1.8;0.3;0;0;0;1;1;0;0;105;95
2016-03;Avocat;Fruits;Ouest;Littoral;Hauts Plateaux;1.0;0.0;12500;2872000;55.0;24.0;28.0;80;600;3;50;1.8;0.3;0;0;0;0;0;0;0;260;285
2016-03;Safou;Fruits;Littoral;Centre;Forêt monomodale;1.0;0.0;4600;2793600;65.0;28.5;43.0;90;600;3;50;1.8;0.3;0;0;0;0;0;0;0;440;475
2016-03;Citron;Fruits;Centre;Centre;Forêt bimodale;1.0;0.0;2600;2793600;45.0;27.0;23.0;85;600;3;22;1.8;0.3;0;0;0;0;0;0;0;320;345
2016-03;Orange;Fruits;Centre;Centre;Forêt bimodale;1.0;0.0;4600;2793600;45.0;27.0;23.0;95;600;3;22;1.8;0.3;0;0;0;0;0;0;0;295;315
2016-03;Banane douce;Fruits;Sud-Ouest;Littoral;Forêt monomodale;1.0;0.0;18500;2872000;65.0;28.5;32.0;120;600;3;60;1.8;0.3;0;0;0;0;0;0;0;240;260
2016-03;Cacao;Cultures de Rente et Stimulants;Centre;Littoral;Forêt bimodale;1.0;0.0;215000;2872000;45.0;27.0;6.5;415;600;3;35;1.8;0.3;0;0;0;0;0;0;0;1610;1630
2016-03;Café;Cultures de Rente et Stimulants;Ouest;Littoral;Hauts Plateaux;1.0;0.0;96000;2872000;55.0;24.0;5.5;365;600;3;50;1.8;0.3;0;0;0;0;0;0;0;1870;1900
2016-04;Maïs;Céréales;Ouest;Centre;Hauts Plateaux;0.866;-0.5;58200;2793600;110.0;23.5;11.5;95;600;2;55;1.8;0.4;0;1;0;0;0;0;0;165;180
2016-04;Riz;Céréales;Extrême-Nord;Centre;Soudano-sahélienne;0.866;-0.5;26000;2793600;10.0;35.0;5.5;135;600;2;90;1.8;0.4;0;0;0;1;1;0;0;395;410
2016-04;Mil-Sorgho;Céréales;Nord;Extrême-Nord;Soudano-sahélienne;0.866;-0.5;56000;4096000;10.0;36.0;13.0;80;600;2;40;1.8;0.4;0;0;0;1;1;0;0;185;195
2016-04;Blé;Céréales;Littoral(Import);Centre;Forêt monomodale;0.866;-0.5;0;2793600;130.0;27.0;2.5;0;600;2;35;1.8;0.4;1;1;0;0;0;0;0;385;400
2016-04;Manioc;"Tubercules, Racines et Plantains";Centre;Centre;Forêt bimodale;0.866;-0.5;118000;2793600;130.0;26.0;35.5;60;600;2;25;1.8;0.4;0;1;0;0;0;0;0;140;155
2016-04;Plantain;"Tubercules, Racines et Plantains";Sud-Ouest;Littoral;Forêt monomodale;0.866;-0.5;36000;2872000;160.0;27.5;28.5;85;600;2;80;1.8;0.4;0;1;0;0;0;0;0;355;390
2016-04;Macabo-Taro;"Tubercules, Racines et Plantains";Littoral;Littoral;Forêt monomodale;0.866;-0.5;18500;2872000;160.0;27.5;32.0;75;600;2;32;1.8;0.4;0;1;0;0;0;0;0;250;270
2016-04;Igname;"Tubercules, Racines et Plantains";Adamaoua;Centre;Savane guinéenne;0.866;-0.5;21500;2793600;45.0;25.0;28.5;120;600;2;85;1.8;0.4;0;0;0;0;0;0;0;405;430
2016-04;Pomme de terre;"Tubercules, Racines et Plantains";Ouest;Littoral;Hauts Plateaux;0.866;-0.5;15500;2872000;110.0;23.5;26.0;125;600;2;60;1.8;0.4;0;1;0;0;0;0;0;485;530
2016-04;Patate douce;"Tubercules, Racines et Plantains";Ouest;Centre;Hauts Plateaux;0.866;-0.5;8200;2793600;110.0;23.5;27.0;75;600;2;55;1.8;0.4;0;1;0;0;0;0;0;220;245
2016-04;Tomate;Maraîchers;Ouest;Centre;Hauts Plateaux;0.866;-0.5;12500;2793600;110.0;23.5;32.0;155;600;2;60;1.8;0.4;0;1;0;0;0;0;0;760;860
2016-04;Oignon;Maraîchers;Extrême-Nord;Centre;Soudano-sahélienne;0.866;-0.5;22500;2793600;10.0;35.0;28.5;130;600;2;165;1.8;0.4;0;0;0;1;1;0;0;650;680
2016-04;Gombo;Maraîchers;Centre;Centre;Forêt bimodale;0.866;-0.5;4200;2793600;130.0;26.0;48.0;110;600;2;25;1.8;0.4;0;1;0;0;0;0;0;480;520
2016-04;Piment;Maraîchers;Extrême-Nord;Littoral;Soudano-sahélienne;0.866;-0.5;3600;2872000;10.0;35.0;35.0;185;600;2;170;1.8;0.4;0;0;0;1;1;0;0;940;980
2016-04;Poivron;Maraîchers;Extrême-Nord;Centre;Soudano-sahélienne;0.866;-0.5;2900;2793600;10.0;35.0;40.0;175;600;2;160;1.8;0.4;0;0;0;1;1;0;0;1010;1060
2016-04;Ail;Maraîchers;Extrême-Nord;Centre;Soudano-sahélienne;0.866;-0.5;1250;2793600;10.0;35.0;20.5;210;600;2;150;1.8;0.4;0;0;0;1;1;0;0;2350;2420
2016-04;Basilic;Maraîchers;Centre;Centre;Forêt bimodale;0.866;-0.5;850;2793600;130.0;26.0;60.0;90;600;2;25;1.8;0.4;0;1;0;0;0;0;0;525;565
2016-04;Légumes feuilles;Maraîchers;Centre;Centre;Forêt bimodale;0.866;-0.5;6700;2793600;130.0;26.0;53.0;75;600;2;25;1.8;0.4;0;1;0;0;0;0;0;340;375
2016-04;Choux;Maraîchers;Ouest;Littoral;Hauts Plateaux;0.866;-0.5;4600;2872000;110.0;23.5;37.0;115;600;2;55;1.8;0.4;0;1;0;0;0;0;0;455;500
2016-04;Pastèque;Maraîchers;Extrême-Nord;Centre;Soudano-sahélienne;0.866;-0.5;2600;2793600;10.0;35.0;24.5;105;600;2;155;1.8;0.4;0;0;0;1;1;0;0;220;235
2016-04;Arachide;Oléagineux et Légumineuses;Nord;Centre;Soudano-sahélienne;0.866;-0.5;53000;2793600;10.0;35.5;12.5;185;600;2;120;1.8;0.4;0;0;0;1;1;0;0;625;645
2016-04;Soja;Oléagineux et Légumineuses;Adamaoua;Centre;Savane guinéenne;0.866;-0.5;8700;2793600;45.0;25.0;12.0;170;600;2;95;1.8;0.4;0;0;0;0;0;0;0;590;620
2016-04;Niébé;Oléagineux et Légumineuses;Extrême-Nord;Extrême-Nord;Soudano-sahélienne;0.866;-0.5;36000;4096000;10.0;35.0;14.0;190;600;2;45;1.8;0.4;0;0;0;1;1;0;0;600;620
2016-04;Haricot sec;Oléagineux et Légumineuses;Ouest;Littoral;Hauts Plateaux;0.866;-0.5;33000;2872000;110.0;23.5;11.0;120;600;2;55;1.8;0.4;0;1;0;0;0;0;0;540;580
2016-04;Huile de palme;Oléagineux et Légumineuses;Littoral;Centre;Forêt monomodale;0.866;-0.5;56000;2793600;160.0;27.5;7.5;245;600;2;50;1.8;0.4;0;1;0;0;0;0;0;805;845
2016-04;Ananas;Fruits;Littoral;Centre;Forêt monomodale;0.866;-0.5;8700;2793600;160.0;27.5;20.5;120;600;2;55;1.8;0.4;0;1;0;0;0;0;0;345;375
2016-04;Papaye;Fruits;Centre;Centre;Forêt bimodale;0.866;-0.5;3600;2793600;130.0;26.0;41.0;90;600;2;25;1.8;0.4;0;1;0;0;0;0;0;325;355
2016-04;Mangue;Fruits;Nord;Centre;Soudano-sahélienne;0.866;-0.5;6700;2793600;10.0;35.5;44.0;70;600;2;145;1.8;0.4;0;0;0;1;1;0;0;95;80
2016-04;Avocat;Fruits;Ouest;Littoral;Hauts Plateaux;0.866;-0.5;12500;2872000;110.0;23.5;31.0;80;600;2;55;1.8;0.4;0;1;0;0;0;0;0;285;310
2016-04;Safou;Fruits;Littoral;Centre;Forêt monomodale;0.866;-0.5;4600;2793600;160.0;27.5;46.0;90;600;2;55;1.8;0.4;0;1;0;0;0;0;0;475;510
2016-04;Citron;Fruits;Centre;Centre;Forêt bimodale;0.866;-0.5;2600;2793600;130.0;26.0;25.0;85;600;2;25;1.8;0.4;0;1;0;0;0;0;0;345;370
2016-04;Orange;Fruits;Centre;Centre;Forêt bimodale;0.866;-0.5;4600;2793600;130.0;26.0;25.0;95;600;2;25;1.8;0.4;0;1;0;0;0;0;0;315;335
2016-04;Banane douce;Fruits;Sud-Ouest;Littoral;Forêt monomodale;0.866;-0.5;18500;2872000;160.0;27.5;34.5;120;600;2;65;1.8;0.4;0;1;0;0;0;0;0;260;280
2016-04;Cacao;Cultures de Rente et Stimulants;Centre;Littoral;Forêt bimodale;0.866;-0.5;215000;2872000;130.0;26.0;7.5;415;600;2;40;1.8;0.4;0;1;0;0;0;0;0;1630;1660
2016-04;Café;Cultures de Rente et Stimulants;Ouest;Littoral;Hauts Plateaux;0.866;-0.5;96000;2872000;110.0;23.5;6.5;365;600;2;55;1.8;0.4;0;1;0;0;0;0;0;1900;1940
2016-05;Maïs;Céréales;Ouest;Centre;Hauts Plateaux;0.5;-0.866;58200;2793600;160.0;23.0;13.5;95;600;1;65;1.8;0.5;0;1;0;0;0;0;0;180;195
2016-05;Riz;Céréales;Extrême-Nord;Centre;Soudano-sahélienne;0.5;-0.866;26000;2793600;35.0;34.0;6.5;135;600;1;95;1.8;0.5;0;1;0;1;1;0;0;410;425
2016-05;Mil-Sorgho;Céréales;Nord;Extrême-Nord;Soudano-sahélienne;0.5;-0.866;56000;4096000;35.0;34.0;14.0;80;600;1;45;1.8;0.5;0;1;0;1;1;0;0;195;205
2016-05;Blé;Céréales;Littoral(Import);Centre;Forêt monomodale;0.5;-0.866;0;2793600;190.0;26.0;3.5;0;600;1;45;1.8;0.5;1;1;0;0;0;0;0;400;420
2016-05;Manioc;"Tubercules, Racines et Plantains";Centre;Centre;Forêt bimodale;0.5;-0.866;118000;2793600;190.0;25.0;38.5;60;600;1;35;1.8;0.5;0;1;0;0;0;0;0;155;175
2016-05;Plantain;"Tubercules, Racines et Plantains";Sud-Ouest;Littoral;Forêt monomodale;0.5;-0.866;36000;2872000;230.0;26.5;32.5;85;600;1;95;1.8;0.5;0;1;0;0;0;0;0;390;435
2016-05;Macabo-Taro;"Tubercules, Racines et Plantains";Littoral;Littoral;Forêt monomodale;0.5;-0.866;18500;2872000;230.0;26.5;35.0;75;600;1;42;1.8;0.5;0;1;0;0;0;0;0;270;300
2016-05;Igname;"Tubercules, Racines et Plantains";Adamaoua;Centre;Savane guinéenne;0.5;-0.866;21500;2793600;90.0;24.0;31.5;120;600;1;95;1.8;0.5;0;1;0;0;0;0;0;430;465
2016-05;Pomme de terre;"Tubercules, Racines et Plantains";Ouest;Littoral;Hauts Plateaux;0.5;-0.866;15500;2872000;160.0;23.0;29.0;125;600;1;75;1.8;0.5;0;1;0;0;0;0;0;530;585
2016-05;Patate douce;"Tubercules, Racines et Plantains";Ouest;Centre;Hauts Plateaux;0.5;-0.866;8200;2793600;160.0;23.0;30.0;75;600;1;65;1.8;0.5;0;1;0;0;0;0;0;245;270
2016-05;Tomate;Maraîchers;Ouest;Centre;Hauts Plateaux;0.5;-0.866;12500;2793600;160.0;23.0;35.0;155;600;1;75;1.8;0.5;0;1;0;0;0;0;0;860;1020
2016-05;Oignon;Maraîchers;Extrême-Nord;Centre;Soudano-sahélienne;0.5;-0.866;22500;2793600;35.0;34.0;31.5;130;600;1;175;1.8;0.5;0;1;0;1;1;0;0;680;725
2016-05;Gombo;Maraîchers;Centre;Centre;Forêt bimodale;0.5;-0.866;4200;2793600;190.0;25.0;51.0;110;600;1;35;1.8;0.5;0;1;0;0;0;0;0;520;565
2016-05;Piment;Maraîchers;Extrême-Nord;Littoral;Soudano-sahélienne;0.5;-0.866;3600;2872000;35.0;34.0;38.0;185;600;1;180;1.8;0.5;0;1;0;1;1;0;0;980;1030
2016-05;Poivron;Maraîchers;Extrême-Nord;Centre;Soudano-sahélienne;0.5;-0.866;2900;2793600;35.0;34.0;43.0;175;600;1;170;1.8;0.5;0;1;0;1;1;0;0;1060;1120
2016-05;Ail;Maraîchers;Extrême-Nord;Centre;Soudano-sahélienne;0.5;-0.866;1250;2793600;35.0;34.0;23.5;210;600;1;160;1.8;0.5;0;1;0;1;1;0;0;2420;2500
2016-05;Basilic;Maraîchers;Centre;Centre;Forêt bimodale;0.5;-0.866;850;2793600;190.0;25.0;63.0;90;600;1;35;1.8;0.5;0;1;0;0;0;0;0;565;610
2016-05;Légumes feuilles;Maraîchers;Centre;Centre;Forêt bimodale;0.5;-0.866;6700;2793600;190.0;25.0;56.0;75;600;1;35;1.8;0.5;0;1;0;0;0;0;0;375;410
2016-05;Choux;Maraîchers;Ouest;Littoral;Hauts Plateaux;0.5;-0.866;4600;2872000;160.0;23.0;40.0;115;600;1;65;1.8;0.5;0;1;0;0;0;0;0;500;555
2016-05;Pastèque;Maraîchers;Extrême-Nord;Centre;Soudano-sahélienne;0.5;-0.866;2600;2793600;35.0;34.0;27.5;105;600;1;165;1.8;0.5;0;1;0;1;1;0;0;235;255
2016-05;Arachide;Oléagineux et Légumineuses;Nord;Centre;Soudano-sahélienne;0.5;-0.866;53000;2793600;35.0;32.5;14.5;185;600;1;130;1.8;0.5;0;1;0;1;1;0;0;645;675
2016-05;Soja;Oléagineux et Légumineuses;Adamaoua;Centre;Savane guinéenne;0.5;-0.866;8700;2793600;90.0;24.0;14.0;170;600;1;105;1.8;0.5;0;1;0;0;0;0;0;620;655
2016-05;Niébé;Oléagineux et Légumineuses;Extrême-Nord;Extrême-Nord;Soudano-sahélienne;0.5;-0.866;36000;4096000;35.0;34.0;16.0;190;600;1;55;1.8;0.5;0;1;0;1;1;0;0;620;650
2016-05;Haricot sec;Oléagineux et Légumineuses;Ouest;Littoral;Hauts Plateaux;0.5;-0.866;33000;2872000;160.0;23.0;13.5;120;600;1;65;1.8;0.5;0;1;0;0;0;0;0;580;625
2016-05;Huile de palme;Oléagineux et Légumineuses;Littoral;Centre;Forêt monomodale;0.5;-0.866;56000;2793600;230.0;26.5;9.5;245;600;1;60;1.8;0.5;0;1;0;0;0;0;0;845;900
2016-05;Ananas;Fruits;Littoral;Centre;Forêt monomodale;0.5;-0.866;8700;2793600;230.0;26.5;23.5;120;600;1;65;1.8;0.5;0;1;0;0;0;0;0;375;415
2016-05;Papaye;Fruits;Centre;Centre;Forêt bimodale;0.5;-0.866;3600;2793600;190.0;25.0;44.0;90;600;1;35;1.8;0.5;0;1;0;0;0;0;0;355;390
2016-05;Mangue;Fruits;Nord;Centre;Soudano-sahélienne;0.5;-0.866;6700;2793600;35.0;32.5;47.0;70;600;1;155;1.8;0.5;0;1;0;1;1;0;0;80;60
2016-05;Avocat;Fruits;Ouest;Littoral;Hauts Plateaux;0.5;-0.866;12500;2872000;160.0;23.0;34.0;80;600;1;65;1.8;0.5;0;1;0;0;0;0;0;310;345
2016-05;Safou;Fruits;Littoral;Centre;Forêt monomodale;0.5;-0.866;4600;2793600;230.0;26.5;49.0;90;600;1;65;1.8;0.5;0;1;0;0;0;0;0;510;560
2016-05;Citron;Fruits;Centre;Centre;Forêt bimodale;0.5;-0.866;2600;2793600;190.0;25.0;28.0;85;600;1;35;1.8;0.5;0;1;0;0;0;0;0;370;405
2016-05;Orange;Fruits;Centre;Centre;Forêt bimodale;0.5;-0.866;4600;2793600;190.0;25.0;28.0;95;600;1;35;1.8;0.5;0;1;0;0;0;0;0;335;365
2016-05;Banane douce;Fruits;Sud-Ouest;Littoral;Forêt monomodale;0.5;-0.866;18500;2872000;230.0;26.5;37.5;120;600;1;75;1.8;0.5;0;1;0;0;0;0;0;280;305
2016-05;Cacao;Cultures de Rente et Stimulants;Centre;Littoral;Forêt bimodale;0.5;-0.866;215000;2872000;190.0;25.0;8.5;415;600;1;50;1.8;0.5;0;1;0;0;0;0;0;1660;1700
2016-05;Café;Cultures de Rente et Stimulants;Ouest;Littoral;Hauts Plateaux;0.5;-0.866;96000;2872000;160.0;23.0;7.5;365;600;1;65;1.8;0.5;0;1;0;0;0;0;0;1940;1990
2016-06;Maïs;Céréales;Ouest;Centre;Hauts Plateaux;0.0;-1.0;58200;2793600;210.0;22.0;15.5;95;600;1;70;1.8;0.4;0;1;0;0;0;0;0;195;210
2016-06;Riz;Céréales;Extrême-Nord;Centre;Soudano-sahélienne;0.0;-1.0;26000;2793600;65.0;32.0;7.5;135;600;1;105;1.8;0.4;0;1;0;1;1;0;0;425;440
2016-06;Mil-Sorgho;Céréales;Nord;Extrême-Nord;Soudano-sahélienne;0.0;-1.0;56000;4096000;65.0;32.0;15.0;80;600;1;55;1.8;0.4;0;1;0;1;1;0;0;205;215
2016-06;Blé;Céréales;Littoral(Import);Centre;Forêt monomodale;0.0;-1.0;0;2793600;260.0;25.0;4.5;0;600;1;55;1.8;0.4;1;1;0;0;0;0;0;420;440
2016-06;Manioc;"Tubercules, Racines et Plantains";Centre;Centre;Forêt bimodale;0.0;-1.0;118000;2793600;260.0;24.0;41.5;60;600;1;45;1.8;0.4;0;1;0;0;0;0;0;175;195
2016-06;Plantain;"Tubercules, Racines et Plantains";Sud-Ouest;Littoral;Forêt monomodale;0.0;-1.0;36000;2872000;310.0;25.5;35.5;85;600;1;105;1.8;0.4;0;1;0;0;0;0;0;435;480
2016-06;Macabo-Taro;"Tubercules, Racines et Plantains";Littoral;Littoral;Forêt monomodale;0.0;-1.0;18500;2872000;310.0;25.5;38.0;75;600;1;52;1.8;0.4;0;1;0;0;0;0;0;300;330
2016-06;Igname;"Tubercules, Racines et Plantains";Adamaoua;Centre;Savane guinéenne;0.0;-1.0;21500;2793600;130.0;23.0;34.5;120;600;1;105;1.8;0.4;0;1;0;0;0;0;0;465;505
2016-06;Pomme de terre;"Tubercules, Racines et Plantains";Ouest;Littoral;Hauts Plateaux;0.0;-1.0;15500;2872000;210.0;22.0;32.0;125;600;1;85;1.8;0.4;0;1;0;0;0;0;0;585;640
2016-06;Patate douce;"Tubercules, Racines et Plantains";Ouest;Centre;Hauts Plateaux;0.0;-1.0;8200;2793600;210.0;22.0;33.0;75;600;1;75;1.8;0.4;0;1;0;0;0;0;0;270;300
2016-06;Tomate;Maraîchers;Ouest;Centre;Hauts Plateaux;0.0;-1.0;12500;2793600;210.0;22.0;38.0;155;600;1;85;1.8;0.4;0;1;0;0;0;0;0;1020;1190
2016-06;Oignon;Maraîchers;Extrême-Nord;Centre;Soudano-sahélienne;0.0;-1.0;22500;2793600;65.0;32.0;34.5;130;600;1;185;1.8;0.4;0;1;0;1;1;0;0;725;780
2016-06;Gombo;Maraîchers;Centre;Centre;Forêt bimodale;0.0;-1.0;4200;2793600;260.0;24.0;54.0;110;600;1;45;1.8;0.4;0;1;0;0;0;0;0;565;620
2016-06;Piment;Maraîchers;Extrême-Nord;Littoral;Soudano-sahélienne;0.0;-1.0;3600;2872000;65.0;32.0;41.0;185;600;1;190;1.8;0.4;0;1;0;1;1;0;0;1030;1090
2016-06;Poivron;Maraîchers;Extrême-Nord;Centre;Soudano-sahélienne;0.0;-1.0;2900;2793600;65.0;32.0;46.0;175;600;1;180;1.8;0.4;0;1;0;1;1;0;0;1120;1190
2016-06;Ail;Maraîchers;Extrême-Nord;Centre;Soudano-sahélienne;0.0;-1.0;1250;2793600;65.0;32.0;26.5;210;600;1;170;1.8;0.4;0;1;0;1;1;0;0;2500;2610
2016-06;Basilic;Maraîchers;Centre;Centre;Forêt bimodale;0.0;-1.0;850;2793600;260.0;24.0;66.0;90;600;1;45;1.8;0.4;0;1;0;0;0;0;0;610;665
2016-06;Légumes feuilles;Maraîchers;Centre;Centre;Forêt bimodale;0.0;-1.0;6700;2793600;260.0;24.0;59.0;75;600;1;45;1.8;0.4;0;1;0;0;0;0;0;410;455
2016-06;Choux;Maraîchers;Ouest;Littoral;Hauts Plateaux;0.0;-1.0;4600;2872000;210.0;22.0;43.0;115;600;1;75;1.8;0.4;0;1;0;0;0;0;0;555;615
2016-06;Pastèque;Maraîchers;Extrême-Nord;Centre;Soudano-sahélienne;0.0;-1.0;2600;2793600;65.0;32.0;30.5;105;600;1;175;1.8;0.4;0;1;0;1;1;0;0;255;280
2016-06;Arachide;Oléagineux et Légumineuses;Nord;Centre;Soudano-sahélienne;0.0;-1.0;53000;2793600;65.0;31.5;17.5;185;600;1;140;1.8;0.4;0;1;0;1;1;0;0;675;715
2016-06;Soja;Oléagineux et Légumineuses;Adamaoua;Centre;Savane guinéenne;0.0;-1.0;8700;2793600;130.0;23.0;17.0;170;600;1;115;1.8;0.4;0;1;0;0;0;0;0;655;700
2016-06;Niébé;Oléagineux et Légumineuses;Extrême-Nord;Extrême-Nord;Soudano-sahélienne;0.0;-1.0;36000;4096000;65.0;32.0;19.0;190;600;1;65;1.8;0.4;0;1;0;1;1;0;0;650;690
2016-06;Haricot sec;Oléagineux et Légumineuses;Ouest;Littoral;Hauts Plateaux;0.0;-1.0;33000;2872000;210.0;22.0;16.5;120;600;1;75;1.8;0.4;0;1;0;0;0;0;0;625;675
2016-06;Huile de palme;Oléagineux et Légumineuses;Littoral;Centre;Forêt monomodale;0.0;-1.0;56000;2793600;310.0;25.5;11.5;245;600;1;70;1.8;0.4;0;1;0;0;0;0;0;900;955
2016-06;Ananas;Fruits;Littoral;Centre;Forêt monomodale;0.0;-1.0;8700;2793600;310.0;25.5;26.5;120;600;1;75;1.8;0.4;0;1;0;0;0;0;0;415;460
2016-06;Papaye;Fruits;Centre;Centre;Forêt bimodale;0.0;-1.0;3600;2793600;260.0;24.0;47.0;90;600;1;45;1.8;0.4;0;1;0;0;0;0;0;390;430
2016-06;Mangue;Fruits;Nord;Centre;Soudano-sahélienne;0.0;-1.0;6700;2793600;65.0;31.5;50.0;70;600;1;165;1.8;0.4;0;1;0;1;1;0;0;60;50
2016-06;Avocat;Fruits;Ouest;Littoral;Hauts Plateaux;0.0;-1.0;12500;2872000;210.0;22.0;37.0;80;600;1;75;1.8;0.4;0;1;0;0;0;0;0;345;380
2016-06;Safou;Fruits;Littoral;Centre;Forêt monomodale;0.0;-1.0;4600;2793600;310.0;25.5;52.0;90;600;1;75;1.8;0.4;0;1;0;0;0;0;0;560;615
2016-06;Citron;Fruits;Centre;Centre;Forêt bimodale;0.0;-1.0;2600;2793600;260.0;24.0;31.0;85;600;1;45;1.8;0.4;0;1;0;0;0;0;0;405;445
2016-06;Orange;Fruits;Centre;Centre;Forêt bimodale;0.0;-1.0;4600;2793600;260.0;24.0;31.0;95;600;1;45;1.8;0.4;0;1;0;0;0;0;0;365;400
2016-06;Banane douce;Fruits;Sud-Ouest;Littoral;Forêt monomodale;0.0;-1.0;18500;2872000;310.0;25.5;40.5;120;600;1;85;1.8;0.4;0;1;0;0;0;0;0;305;335
2016-06;Cacao;Cultures de Rente et Stimulants;Centre;Littoral;Forêt bimodale;0.0;-1.0;215000;2872000;260.0;24.0;9.5;420;600;1;60;1.8;0.4;0;1;0;0;0;0;0;1700;1730
2016-06;Café;Cultures de Rente et Stimulants;Ouest;Littoral;Hauts Plateaux;0.0;-1.0;96000;2872000;210.0;22.0;8.5;370;600;1;75;1.8;0.4;0;1;0;0;0;0;0;1990;2040
2016-07;Maïs;Céréales;Ouest;Centre;Hauts Plateaux;-0.5;-0.866;58200;2793600;260.0;21.5;16.5;95;600;1;75;1.8;0.5;0;1;0;0;0;0;0;210;225
2016-07;Riz;Céréales;Extrême-Nord;Centre;Soudano-sahélienne;-0.5;-0.866;26000;2793600;110.0;30.0;8.5;135;600;1;115;1.8;0.5;0;1;0;1;1;0;0;440;460
2016-07;Mil-Sorgho;Céréales;Nord;Extrême-Nord;Soudano-sahélienne;-0.5;-0.866;56000;4096000;110.0;30.0;16.0;80;600;1;60;1.8;0.5;0;1;0;1;1;0;0;215;230
2016-07;Blé;Céréales;Littoral(Import);Centre;Forêt monomodale;-0.5;-0.866;0;2793600;310.0;24.5;5.0;0;600;1;65;1.8;0.5;1;1;0;0;0;0;0;440;465
2016-07;Manioc;"Tubercules, Racines et Plantains";Centre;Centre;Forêt bimodale;-0.5;-0.866;118000;2793600;310.0;23.5;43.5;60;600;1;55;1.8;0.5;0;1;0;0;0;0;0;195;215
2016-07;Plantain;"Tubercules, Racines et Plantains";Sud-Ouest;Littoral;Forêt monomodale;-0.5;-0.866;36000;2872000;380.0;25.0;38.5;85;600;1;115;1.8;0.5;0;1;0;0;0;0;0;480;520
2016-07;Macabo-Taro;"Tubercules, Racines et Plantains";Littoral;Littoral;Forêt monomodale;-0.5;-0.866;18500;2872000;380.0;25.0;41.0;75;600;1;62;1.8;0.5;0;1;0;0;0;0;0;330;365
2016-07;Igname;"Tubercules, Racines et Plantains";Adamaoua;Centre;Savane guinéenne;-0.5;-0.866;21500;2793600;180.0;22.5;36.5;120;600;1;115;1.8;0.5;0;1;0;0;0;0;0;505;545
2016-07;Pomme de terre;"Tubercules, Racines et Plantains";Ouest;Littoral;Hauts Plateaux;-0.5;-0.866;15500;2872000;260.0;21.5;35.0;125;600;1;95;1.8;0.5;0;1;0;0;0;0;0;640;700
2016-07;Patate douce;"Tubercules, Racines et Plantains";Ouest;Centre;Hauts Plateaux;-0.5;-0.866;8200;2793600;260.0;21.5;35.0;75;600;1;85;1.8;0.5;0;1;0;0;0;0;0;300;335
2016-07;Tomate;Maraîchers;Ouest;Centre;Hauts Plateaux;-0.5;-0.866;12500;2793600;260.0;21.5;42.0;155;600;1;95;1.8;0.5;0;1;0;0;0;0;0;1190;1350
2016-07;Oignon;Maraîchers;Extrême-Nord;Centre;Soudano-sahélienne;-0.5;-0.866;22500;2793600;110.0;30.0;36.5;130;600;1;195;1.8;0.5;0;1;0;1;1;0;0;780;860
2016-07;Gombo;Maraîchers;Centre;Centre;Forêt bimodale;-0.5;-0.866;4200;2793600;310.0;23.5;57.0;110;600;1;55;1.8;0.5;0;1;0;0;0;0;0;620;680
2016-07;Piment;Maraîchers;Extrême-Nord;Littoral;Soudano-sahélienne;-0.5;-0.866;3600;2872000;110.0;30.0;44.0;185;600;1;200;1.8;0.5;0;1;0;1;1;0;0;1090;1160
2016-07;Poivron;Maraîchers;Extrême-Nord;Centre;Soudano-sahélienne;-0.5;-0.866;2900;2793600;110.0;30.0;49.0;175;600;1;190;1.8;0.5;0;1;0;1;1;0;0;1190;1270
2016-07;Ail;Maraîchers;Extrême-Nord;Centre;Soudano-sahélienne;-0.5;-0.866;1250;2793600;110.0;30.0;28.5;210;600;1;180;1.8;0.5;0;1;0;1;1;0;0;2610;2750
2016-07;Basilic;Maraîchers;Centre;Centre;Forêt bimodale;-0.5;-0.866;850;2793600;310.0;23.5;69.0;90;600;1;55;1.8;0.5;0;1;0;0;0;0;0;665;720
2016-07;Légumes feuilles;Maraîchers;Centre;Centre;Forêt bimodale;-0.5;-0.866;6700;2793600;310.0;23.5;62.0;75;600;1;55;1.8;0.5;0;1;0;0;0;0;0;455;510
2016-07;Choux;Maraîchers;Ouest;Littoral;Hauts Plateaux;-0.5;-0.866;4600;2872000;260.0;21.5;46.0;115;600;1;85;1.8;0.5;0;1;0;0;0;0;0;615;680
2016-07;Pastèque;Maraîchers;Extrême-Nord;Centre;Soudano-sahélienne;-0.5;-0.866;2600;2793600;110.0;30.0;33.5;105;600;1;185;1.8;0.5;0;1;0;1;1;0;0;280;315
2016-07;Arachide;Oléagineux et Légumineuses;Nord;Centre;Soudano-sahélienne;-0.5;-0.866;53000;2793600;110.0;29.5;19.5;185;600;1;150;1.8;0.5;0;1;0;1;1;0;0;715;760
2016-07;Soja;Oléagineux et Légumineuses;Adamaoua;Centre;Savane guinéenne;-0.5;-0.866;8700;2793600;180.0;22.5;19.0;170;600;1;125;1.8;0.5;0;1;0;0;0;0;0;700;745
2016-07;Niébé;Oléagineux et Légumineuses;Extrême-Nord;Extrême-Nord;Soudano-sahélienne;-0.5;-0.866;36000;4096000;110.0;30.0;21.0;190;600;1;75;1.8;0.5;0;1;0;1;1;0;0;690;735
2016-07;Haricot sec;Oléagineux et Légumineuses;Ouest;Littoral;Hauts Plateaux;-0.5;-0.866;33000;2872000;260.0;21.5;18.5;120;600;1;85;1.8;0.5;0;1;0;0;0;0;0;675;730
2016-07;Huile de palme;Oléagineux et Légumineuses;Littoral;Centre;Forêt monomodale;-0.5;-0.866;56000;2793600;380.0;25.0;13.5;245;600;1;80;1.8;0.5;0;1;0;0;0;0;0;955;1020
2016-07;Ananas;Fruits;Littoral;Centre;Forêt monomodale;-0.5;-0.866;8700;2793600;380.0;25.0;29.5;120;600;1;85;1.8;0.5;0;1;0;0;0;0;0;460;505
2016-07;Papaye;Fruits;Centre;Centre;Forêt bimodale;-0.5;-0.866;3600;2793600;310.0;23.5;50.0;90;600;1;55;1.8;0.5;0;1;0;0;0;0;0;430;475
2016-07;Mangue;Fruits;Nord;Centre;Soudano-sahélienne;-0.5;-0.866;6700;2793600;110.0;29.5;53.0;70;600;1;175;1.8;0.5;0;1;0;1;1;0;0;50;45
2016-07;Avocat;Fruits;Ouest;Littoral;Hauts Plateaux;-0.5;-0.866;12500;2872000;260.0;21.5;40.0;80;600;1;85;1.8;0.5;0;1;0;0;0;0;0;380;420
2016-07;Safou;Fruits;Littoral;Centre;Forêt monomodale;-0.5;-0.866;4600;2793600;380.0;25.0;55.0;90;600;1;85;1.8;0.5;0;1;0;0;0;0;0;615;670
2016-07;Citron;Fruits;Centre;Centre;Forêt bimodale;-0.5;-0.866;2600;2793600;310.0;23.5;34.0;85;600;1;55;1.8;0.5;0;1;0;0;0;0;0;445;490
2016-07;Orange;Fruits;Centre;Centre;Forêt bimodale;-0.5;-0.866;4600;2793600;310.0;23.5;34.0;95;600;1;55;1.8;0.5;0;1;0;0;0;0;0;400;440
2016-07;Banane douce;Fruits;Sud-Ouest;Littoral;Forêt monomodale;-0.5;-0.866;18500;2872000;380.0;25.0;43.5;120;600;1;95;1.8;0.5;0;1;0;0;0;0;0;335;375
2016-07;Cacao;Cultures de Rente et Stimulants;Centre;Littoral;Forêt bimodale;-0.5;-0.866;215000;2872000;310.0;23.5;10.5;420;600;1;70;1.8;0.5;0;1;0;0;0;0;0;1730;1760
2016-07;Café;Cultures de Rente et Stimulants;Ouest;Littoral;Hauts Plateaux;-0.5;-0.866;96000;2872000;260.0;21.5;9.5;370;600;1;85;1.8;0.5;0;1;0;0;0;0;0;2040;2080
2016-08;Maïs;Céréales;Ouest;Centre;Hauts Plateaux;-0.866;-0.5;58200;2793600;300.0;21.0;17.5;100;600;1;80;1.8;0.5;0;1;0;0;0;0;0;225;245
2016-08;Riz;Céréales;Extrême-Nord;Centre;Soudano-sahélienne;-0.866;-0.5;26000;2793600;160.0;29.0;9.5;140;600;1;125;1.8;0.5;0;1;0;1;1;0;0;460;480
2016-08;Mil-Sorgho;Céréales;Nord;Extrême-Nord;Soudano-sahélienne;-0.866;-0.5;56000;4096000;160.0;29.0;17.0;85;600;1;65;1.8;0.5;0;1;0;1;1;0;0;230;245
2016-08;Blé;Céréales;Littoral(Import);Centre;Forêt monomodale;-0.866;-0.5;0;2793600;400.0;24.0;5.5;0;600;1;75;1.8;0.5;1;1;0;0;0;0;0;465;490
2016-08;Manioc;"Tubercules, Racines et Plantains";Centre;Centre;Forêt bimodale;-0.866;-0.5;118000;2793600;380.0;23.0;45.5;65;600;1;65;1.8;0.5;0;1;0;0;0;0;0;215;240
2016-08;Plantain;"Tubercules, Racines et Plantains";Sud-Ouest;Littoral;Forêt monomodale;-0.866;-0.5;36000;2872000;450.0;24.5;40.5;90;600;1;125;1.8;0.5;0;1;0;0;0;0;0;520;560
2016-08;Macabo-Taro;"Tubercules, Racines et Plantains";Littoral;Littoral;Forêt monomodale;-0.866;-0.5;18500;2872000;450.0;24.5;43.0;80;600;1;72;1.8;0.5;0;1;0;0;0;0;0;365;400
2016-08;Igname;"Tubercules, Racines et Plantains";Adamaoua;Centre;Savane guinéenne;-0.866;-0.5;21500;2793600;250.0;22.0;38.5;125;600;1;125;1.8;0.5;0;1;0;0;0;0;0;545;590
2016-08;Pomme de terre;"Tubercules, Racines et Plantains";Ouest;Littoral;Hauts Plateaux;-0.866;-0.5;15500;2872000;320.0;21.0;37.0;130;600;1;105;1.8;0.5;0;1;0;0;0;0;0;700;770
2016-08;Patate douce;"Tubercules, Racines et Plantains";Ouest;Centre;Hauts Plateaux;-0.866;-0.5;8200;2793600;320.0;21.0;37.0;80;600;1;95;1.8;0.5;0;1;0;0;0;0;0;335;375
2016-08;Tomate;Maraîchers;Ouest;Centre;Hauts Plateaux;-0.866;-0.5;12500;2793600;320.0;21.0;45.0;160;600;1;105;1.8;0.5;0;1;0;0;0;0;0;1350;1550
2016-08;Oignon;Maraîchers;Extrême-Nord;Centre;Soudano-sahélienne;-0.866;-0.5;22500;2793600;160.0;29.0;38.5;135;600;1;205;1.8;0.5;0;1;0;1;1;0;0;860;940
2016-08;Gombo;Maraîchers;Centre;Centre;Forêt bimodale;-0.866;-0.5;4200;2793600;380.0;23.0;59.0;115;600;1;65;1.8;0.5;0;1;0;0;0;0;0;680;745
2016-08;Piment;Maraîchers;Extrême-Nord;Littoral;Soudano-sahélienne;-0.866;-0.5;3600;2872000;160.0;29.0;46.0;190;600;1;210;1.8;0.5;0;1;0;1;1;0;0;1160;1250
2016-08;Poivron;Maraîchers;Extrême-Nord;Centre;Soudano-sahélienne;-0.866;-0.5;2900;2793600;160.0;29.0;51.0;180;600;1;200;1.8;0.5;0;1;0;1;1;0;0;1270;1380
2016-08;Ail;Maraîchers;Extrême-Nord;Centre;Soudano-sahélienne;-0.866;-0.5;1250;2793600;160.0;29.0;30.5;215;600;1;190;1.8;0.5;0;1;0;1;1;0;0;2750;2950
2016-08;Basilic;Maraîchers;Centre;Centre;Forêt bimodale;-0.866;-0.5;850;2793600;380.0;23.0;71.0;95;600;1;65;1.8;0.5;0;1;0;0;0;0;0;720;790
2016-08;Légumes feuilles;Maraîchers;Centre;Centre;Forêt bimodale;-0.866;-0.5;6700;2793600;380.0;23.0;64.0;80;600;1;65;1.8;0.5;0;1;0;0;0;0;0;510;570
2016-08;Choux;Maraîchers;Ouest;Littoral;Hauts Plateaux;-0.866;-0.5;4600;2872000;320.0;21.0;48.0;120;600;1;95;1.8;0.5;0;1;0;0;0;0;0;680;750
2016-08;Pastèque;Maraîchers;Extrême-Nord;Centre;Soudano-sahélienne;-0.866;-0.5;2600;2793600;160.0;29.0;35.5;110;600;1;195;1.8;0.5;0;1;0;1;1;0;0;315;350
2016-08;Arachide;Oléagineux et Légumineuses;Nord;Centre;Soudano-sahélienne;-0.866;-0.5;53000;2793600;160.0;28.5;21.5;190;600;1;160;1.8;0.5;0;1;0;1;1;0;0;760;810
2016-08;Soja;Oléagineux et Légumineuses;Adamaoua;Centre;Savane guinéenne;-0.866;-0.5;8700;2793600;250.0;22.0;21.0;175;600;1;135;1.8;0.5;0;1;0;0;0;0;0;745;795
2016-08;Niébé;Oléagineux et Légumineuses;Extrême-Nord;Extrême-Nord;Soudano-sahélienne;-0.866;-0.5;36000;4096000;160.0;29.0;23.0;195;600;1;85;1.8;0.5;0;1;0;1;1;0;0;735;780
2016-08;Haricot sec;Oléagineux et Légumineuses;Ouest;Littoral;Hauts Plateaux;-0.866;-0.5;33000;2872000;320.0;21.0;20.5;125;600;1;95;1.8;0.5;0;1;0;0;0;0;0;730;795
2016-08;Huile de palme;Oléagineux et Légumineuses;Littoral;Centre;Forêt monomodale;-0.866;-0.5;56000;2793600;450.0;24.5;15.5;250;600;1;90;1.8;0.5;0;1;0;0;0;0;0;1020;1100
2016-08;Ananas;Fruits;Littoral;Centre;Forêt monomodale;-0.866;-0.5;8700;2793600;450.0;24.5;31.5;125;600;1;95;1.8;0.5;0;1;0;0;0;0;0;505;555
2016-08;Papaye;Fruits;Centre;Centre;Forêt bimodale;-0.866;-0.5;3600;2793600;380.0;23.0;52.0;95;600;1;65;1.8;0.5;0;1;0;0;0;0;0;475;525
2016-08;Mangue;Fruits;Nord;Centre;Soudano-sahélienne;-0.866;-0.5;6700;2793600;160.0;28.5;55.0;75;600;1;185;1.8;0.5;0;1;0;1;1;0;0;45;40
2016-08;Avocat;Fruits;Ouest;Littoral;Hauts Plateaux;-0.866;-0.5;12500;2872000;320.0;21.0;42.0;85;600;1;95;1.8;0.5;0;1;0;0;0;0;0;420;465
2016-08;Safou;Fruits;Littoral;Centre;Forêt monomodale;-0.866;-0.5;4600;2793600;450.0;24.5;57.0;95;600;1;95;1.8;0.5;0;1;0;0;0;0;0;670;735
2016-08;Citron;Fruits;Centre;Centre;Forêt bimodale;-0.866;-0.5;2600;2793600;380.0;23.0;36.0;90;600;1;65;1.8;0.5;0;1;0;0;0;0;0;490;545
2016-08;Orange;Fruits;Centre;Centre;Forêt bimodale;-0.866;-0.5;4600;2793600;380.0;23.0;36.0;100;600;1;65;1.8;0.5;0;1;0;0;0;0;0;440;485
2016-08;Banane douce;Fruits;Sud-Ouest;Littoral;Forêt monomodale;-0.866;-0.5;18500;2872000;450.0;24.5;45.5;125;600;1;105;1.8;0.5;0;1;0;0;0;0;0;375;420
2016-08;Cacao;Cultures de Rente et Stimulants;Centre;Littoral;Forêt bimodale;-0.866;-0.5;215000;2872000;380.0;23.0;11.5;430;600;1;80;1.8;0.5;0;1;0;0;0;0;0;1760;1800
2016-08;Café;Cultures de Rente et Stimulants;Ouest;Littoral;Hauts Plateaux;-0.866;-0.5;96000;2872000;320.0;21.0;10.5;380;600;1;95;1.8;0.5;0;1;0;0;0;0;0;2080;2130
2016-09;Maïs;Céréales;Ouest;Centre;Hauts Plateaux;-1.0;0.0;58200;2793600;250.0;22.0;13.5;90;600;2;65;1.8;0.3;0;0;0;0;0;0;0;245;210
2016-09;Riz;Céréales;Extrême-Nord;Centre;Soudano-sahélienne;-1.0;0.0;26000;2793600;110.0;30.0;7.5;135;600;2;115;1.8;0.3;0;0;0;1;1;0;0;480;450
2016-09;Mil-Sorgho;Céréales;Nord;Extrême-Nord;Soudano-sahélienne;-1.0;0.0;56000;4096000;80.0;31.0;14.0;80;600;2;50;1.8;0.3;0;0;0;1;1;0;0;245;225
2016-09;Blé;Céréales;Littoral(Import);Centre;Forêt monomodale;-1.0;0.0;0;2793600;350.0;25.0;5.0;0;600;2;45;1.8;0.3;1;0;0;0;0;0;0;490;455
2016-09;Manioc;"Tubercules, Racines et Plantains";Centre;Centre;Forêt bimodale;-1.0;0.0;118000;2793600;150.0;24.0;38.0;60;600;2;35;1.8;0.3;0;0;0;0;0;0;0;240;215
2016-09;Plantain;"Tubercules, Racines et Plantains";Sud-Ouest;Littoral;Forêt monomodale;-1.0;0.0;36000;2872000;350.0;25.5;35.5;85;600;2;85;1.8;0.3;0;0;0;0;0;0;0;560;490
2016-09;Macabo-Taro;"Tubercules, Racines et Plantains";Littoral;Littoral;Forêt monomodale;-1.0;0.0;18500;2872000;350.0;25.5;38.0;65;600;2;45;1.8;0.3;0;0;0;0;0;0;0;400;350
2016-09;Igname;"Tubercules, Racines et Plantains";Adamaoua;Centre;Savane guinéenne;-1.0;0.0;21500;2793600;150.0;22.0;32.0;105;600;2;95;1.8;0.3;0;0;0;0;0;0;0;590;520
2016-09;Pomme de terre;"Tubercules, Racines et Plantains";Ouest;Littoral;Hauts Plateaux;-1.0;0.0;15500;2872000;200.0;21.0;30.0;110;600;2;80;1.8;0.3;0;0;0;0;0;0;0;770;650
2016-09;Patate douce;"Tubercules, Racines et Plantains";Ouest;Centre;Hauts Plateaux;-1.0;0.0;8200;2793600;200.0;21.0;32.0;65;600;2;75;1.8;0.3;0;0;0;0;0;0;0;375;320
2016-09;Tomate;Maraîchers;Ouest;Centre;Hauts Plateaux;-1.0;0.0;12500;2793600;200.0;21.0;40.0;135;600;2;80;1.8;0.3;0;0;0;0;0;0;0;1550;1100
2016-09;Oignon;Maraîchers;Extrême-Nord;Centre;Soudano-sahélienne;-1.0;0.0;22500;2793600;100.0;31.0;30.0;115;600;2;160;1.8;0.3;0;0;0;1;1;0;0;940;820
2016-09;Gombo;Maraîchers;Centre;Centre;Forêt bimodale;-1.0;0.0;4200;2793600;150.0;24.0;50.0;95;600;2;38;1.8;0.3;0;0;0;0;0;0;0;745;650
2016-09;Piment;Maraîchers;Extrême-Nord;Littoral;Soudano-sahélienne;-1.0;0.0;3600;2872000;100.0;31.0;38.0;165;600;2;170;1.8;0.3;0;0;0;1;1;0;0;1250;1100
2016-09;Poivron;Maraîchers;Extrême-Nord;Centre;Soudano-sahélienne;-1.0;0.0;2900;2793600;100.0;31.0;42.0;155;600;2;160;1.8;0.3;0;0;0;1;1;0;0;1380;1200
2016-09;Ail;Maraîchers;Extrême-Nord;Centre;Soudano-sahélienne;-1.0;0.0;1250;2793600;100.0;31.0;25.0;190;600;2;155;1.8;0.3;0;0;0;1;1;0;0;2950;2700
2016-09;Basilic;Maraîchers;Centre;Centre;Forêt bimodale;-1.0;0.0;850;2793600;150.0;24.0;60.0;75;600;2;38;1.8;0.3;0;0;0;0;0;0;0;790;680
2016-09;Légumes feuilles;Maraîchers;Centre;Centre;Forêt bimodale;-1.0;0.0;6700;2793600;150.0;24.0;55.0;65;600;2;38;1.8;0.3;0;0;0;0;0;0;0;570;480
2016-09;Choux;Maraîchers;Ouest;Littoral;Hauts Plateaux;-1.0;0.0;4600;2872000;200.0;21.0;40.0;100;600;2;75;1.8;0.3;0;0;0;0;0;0;0;750;620
2016-09;Pastèque;Maraîchers;Extrême-Nord;Centre;Soudano-sahélienne;-1.0;0.0;2600;2793600;100.0;31.0;26.0;90;600;2;160;1.8;0.3;0;0;0;1;1;0;0;350;300
2016-09;Arachide;Oléagineux et Légumineuses;Nord;Centre;Soudano-sahélienne;-1.0;0.0;53000;2793600;80.0;30.0;16.0;165;600;2;120;1.8;0.3;0;0;0;1;1;0;0;810;720
2016-09;Soja;Oléagineux et Légumineuses;Adamaoua;Centre;Savane guinéenne;-1.0;0.0;8700;2793600;150.0;22.0;16.0;155;600;2;110;1.8;0.3;0;0;0;0;0;0;0;795;710
2016-09;Niébé;Oléagineux et Légumineuses;Extrême-Nord;Extrême-Nord;Soudano-sahélienne;-1.0;0.0;36000;4096000;100.0;31.0;14.0;175;600;2;45;1.8;0.3;0;0;0;1;1;0;0;780;700
2016-09;Haricot sec;Oléagineux et Légumineuses;Ouest;Littoral;Hauts Plateaux;-1.0;0.0;33000;2872000;200.0;21.0;14.0;105;600;2;75;1.8;0.3;0;0;0;0;0;0;0;795;690
2016-09;Huile de palme;Oléagineux et Légumineuses;Littoral;Centre;Forêt monomodale;-1.0;0.0;56000;2793600;350.0;25.5;9.0;230;600;2;65;1.8;0.3;0;0;0;0;0;0;0;1100;960
2016-09;Ananas;Fruits;Littoral;Centre;Forêt monomodale;-1.0;0.0;8700;2793600;350.0;25.5;28.0;105;600;2;75;1.8;0.3;0;0;0;0;0;0;0;555;480
2016-09;Papaye;Fruits;Centre;Centre;Forêt bimodale;-1.0;0.0;3600;2793600;150.0;24.0;45.0;75;600;2;38;1.8;0.3;0;0;0;0;0;0;0;525;450
2016-09;Mangue;Fruits;Nord;Centre;Soudano-sahélienne;-1.0;0.0;6700;2793600;80.0;30.0;48.0;55;600;2;150;1.8;0.3;0;0;0;1;1;0;0;40;45
2016-09;Avocat;Fruits;Ouest;Littoral;Hauts Plateaux;-1.0;0.0;12500;2872000;200.0;21.0;35.0;65;600;2;75;1.8;0.3;0;0;0;0;0;0;0;465;400
2016-09;Safou;Fruits;Littoral;Centre;Forêt monomodale;-1.0;0.0;4600;2793600;350.0;25.5;48.0;75;600;2;75;1.8;0.3;0;0;0;0;0;0;0;735;630
2016-09;Citron;Fruits;Centre;Centre;Forêt bimodale;-1.0;0.0;2600;2793600;150.0;24.0;30.0;70;600;2;38;1.8;0.3;0;0;0;0;0;0;0;545;470
2016-09;Orange;Fruits;Centre;Centre;Forêt bimodale;-1.0;0.0;4600;2793600;150.0;24.0;30.0;80;600;2;38;1.8;0.3;0;0;0;0;0;0;0;485;410
2016-09;Banane douce;Fruits;Sud-Ouest;Littoral;Forêt monomodale;-1.0;0.0;18500;2872000;350.0;25.5;40.0;100;600;2;80;1.8;0.3;0;0;0;0;0;0;0;420;360
2016-09;Cacao;Cultures de Rente et Stimulants;Centre;Littoral;Forêt bimodale;-1.0;0.0;215000;2872000;150.0;24.0;9.0;380;600;2;60;1.8;0.3;0;0;0;0;0;0;0;1800;1750
2016-09;Café;Cultures de Rente et Stimulants;Ouest;Littoral;Hauts Plateaux;-1.0;0.0;96000;2872000;200.0;21.0;8.0;330;600;2;75;1.8;0.3;0;0;0;0;0;0;0;2130;2050
2016-10;Maïs;Céréales;Ouest;Centre;Hauts Plateaux;-0.866;0.5;58200;2793600;150.0;23.0;10.0;80;600;3;45;1.8;0.2;0;0;0;0;0;0;0;210;185
2016-10;Riz;Céréales;Extrême-Nord;Centre;Soudano-sahélienne;-0.866;0.5;26000;2793600;30.0;32.0;5.0;120;600;3;85;1.8;0.2;0;0;0;1;1;0;0;450;420
2016-10;Mil-Sorgho;Céréales;Nord;Extrême-Nord;Soudano-sahélienne;-0.866;0.5;56000;4096000;20.0;32.0;12.0;75;600;3;40;1.8;0.2;0;0;0;1;1;0;0;225;205
2016-10;Blé;Céréales;Littoral(Import);Centre;Forêt monomodale;-0.866;0.5;0;2793600;250.0;26.0;3.0;0;600;3;35;1.8;0.2;1;0;0;0;0;0;0;455;415
2016-10;Manioc;"Tubercules, Racines et Plantains";Centre;Centre;Forêt bimodale;-0.866;0.5;118000;2793600;100.0;25.0;34.0;55;600;3;25;1.8;0.2;0;0;0;0;0;0;0;215;185
2016-10;Plantain;"Tubercules, Racines et Plantains";Sud-Ouest;Littoral;Forêt monomodale;-0.866;0.5;36000;2872000;250.0;26.5;30.0;80;600;3;70;1.8;0.2;0;0;0;1;0;0;0;490;550
2016-10;Macabo-Taro;"Tubercules, Racines et Plantains";Littoral;Littoral;Forêt monomodale;-0.866;0.5;18500;2872000;250.0;26.5;33.0;60;600;3;30;1.8;0.2;0;0;0;0;0;0;0;350;305
2016-10;Igname;"Tubercules, Racines et Plantains";Adamaoua;Centre;Savane guinéenne;-0.866;0.5;21500;2793600;50.0;23.0;28.0;100;600;3;80;1.8;0.2;0;0;0;0;0;0;0;520;460
2016-10;Pomme de terre;"Tubercules, Racines et Plantains";Ouest;Littoral;Hauts Plateaux;-0.866;0.5;15500;2872000;100.0;23.0;25.0;105;600;3;65;1.8;0.2;0;0;0;0;0;0;0;650;550
2016-10;Patate douce;"Tubercules, Racines et Plantains";Ouest;Centre;Hauts Plateaux;-0.866;0.5;8200;2793600;100.0;23.0;26.0;60;600;3;60;1.8;0.2;0;0;0;0;0;0;0;320;270
2016-10;Tomate;Maraîchers;Ouest;Centre;Hauts Plateaux;-0.866;0.5;12500;2793600;100.0;23.0;30.0;130;600;3;65;1.8;0.2;0;0;0;0;0;0;0;1100;850
2016-10;Oignon;Maraîchers;Extrême-Nord;Centre;Soudano-sahélienne;-0.866;0.5;22500;2793600;30.0;33.0;28.0;110;600;3;150;1.8;0.2;0;0;0;1;1;0;0;820;720
2016-10;Gombo;Maraîchers;Centre;Centre;Forêt bimodale;-0.866;0.5;4200;2793600;100.0;25.0;45.0;90;600;3;25;1.8;0.2;0;0;0;0;0;0;0;650;560
2016-10;Piment;Maraîchers;Extrême-Nord;Littoral;Soudano-sahélienne;-0.866;0.5;3600;2872000;30.0;33.0;34.0;160;600;3;155;1.8;0.2;0;0;0;1;1;0;0;1100;980
2016-10;Poivron;Maraîchers;Extrême-Nord;Centre;Soudano-sahélienne;-0.866;0.5;2900;2793600;30.0;33.0;38.0;150;600;3;145;1.8;0.2;0;0;0;1;1;0;0;1200;1050
2016-10;Ail;Maraîchers;Extrême-Nord;Centre;Soudano-sahélienne;-0.866;0.5;1250;2793600;30.0;33.0;22.0;185;600;3;140;1.8;0.2;0;0;0;1;1;0;0;2700;2500
2016-10;Basilic;Maraîchers;Centre;Centre;Forêt bimodale;-0.866;0.5;850;2793600;100.0;25.0;55.0;70;600;3;25;1.8;0.2;0;0;0;0;0;0;0;680;590
2016-10;Légumes feuilles;Maraîchers;Centre;Centre;Forêt bimodale;-0.866;0.5;6700;2793600;100.0;25.0;50.0;60;600;3;25;1.8;0.2;0;0;0;0;0;0;0;480;400
2016-10;Choux;Maraîchers;Ouest;Littoral;Hauts Plateaux;-0.866;0.5;4600;2872000;100.0;23.0;34.0;95;600;3;60;1.8;0.2;0;0;0;0;0;0;0;620;520
2016-10;Pastèque;Maraîchers;Extrême-Nord;Centre;Soudano-sahélienne;-0.866;0.5;2600;2793600;30.0;33.0;24.0;85;600;3;145;1.8;0.2;0;0;0;1;1;0;0;300;260
2016-10;Arachide;Oléagineux et Légumineuses;Nord;Centre;Soudano-sahélienne;-0.866;0.5;53000;2793600;20.0;32.0;12.0;160;600;3;105;1.8;0.2;0;0;0;1;1;0;0;720;650
2016-10;Soja;Oléagineux et Légumineuses;Adamaoua;Centre;Savane guinéenne;-0.866;0.5;8700;2793600;50.0;23.0;12.0;150;600;3;95;1.8;0.2;0;0;0;0;0;0;0;710;630
2016-10;Niébé;Oléagineux et Légumineuses;Extrême-Nord;Extrême-Nord;Soudano-sahélienne;-0.866;0.5;36000;4096000;30.0;33.0;12.0;170;600;3;35;1.8;0.2;0;0;0;1;1;0;0;700;635
2016-10;Haricot sec;Oléagineux et Légumineuses;Ouest;Littoral;Hauts Plateaux;-0.866;0.5;33000;2872000;100.0;23.0;11.0;100;600;3;60;1.8;0.2;0;0;0;0;0;0;0;690;590
2016-10;Huile de palme;Oléagineux et Légumineuses;Littoral;Centre;Forêt monomodale;-0.866;0.5;56000;2793600;250.0;26.5;7.0;220;600;3;50;1.8;0.2;0;0;0;0;0;0;0;960;840
2016-10;Ananas;Fruits;Littoral;Centre;Forêt monomodale;-0.866;0.5;8700;2793600;250.0;26.5;22.0;100;600;3;60;1.8;0.2;0;0;0;0;0;0;0;480;400
2016-10;Papaye;Fruits;Centre;Centre;Forêt bimodale;-0.866;0.5;3600;2793600;100.0;25.0;38.0;70;600;3;25;1.8;0.2;0;0;0;0;0;0;0;450;380
2016-10;Mangue;Fruits;Nord;Centre;Soudano-sahélienne;-0.866;0.5;6700;2793600;20.0;32.0;42.0;50;600;3;135;1.8;0.2;0;0;0;1;1;0;0;45;55
2016-10;Avocat;Fruits;Ouest;Littoral;Hauts Plateaux;-0.866;0.5;12500;2872000;100.0;23.0;28.0;60;600;3;60;1.8;0.2;0;0;0;0;0;0;0;400;330
2016-10;Safou;Fruits;Littoral;Centre;Forêt monomodale;-0.866;0.5;4600;2793600;250.0;26.5;42.0;70;600;3;60;1.8;0.2;0;0;0;0;0;0;0;630;530
2016-10;Citron;Fruits;Centre;Centre;Forêt bimodale;-0.866;0.5;2600;2793600;100.0;25.0;24.0;65;600;3;25;1.8;0.2;0;0;0;0;0;0;0;470;400
2016-10;Orange;Fruits;Centre;Centre;Forêt bimodale;-0.866;0.5;4600;2793600;100.0;25.0;24.0;75;600;3;25;1.8;0.2;0;0;0;0;0;0;0;410;340
2016-10;Banane douce;Fruits;Sud-Ouest;Littoral;Forêt monomodale;-0.866;0.5;18500;2872000;250.0;26.5;33.0;95;600;3;65;1.8;0.2;0;0;0;1;0;0;0;360;405
2016-10;Cacao;Cultures de Rente et Stimulants;Centre;Littoral;Forêt bimodale;-0.866;0.5;215000;2872000;100.0;25.0;7.0;370;600;3;45;1.8;0.2;0;0;0;0;0;0;0;1750;1680
2016-10;Café;Cultures de Rente et Stimulants;Ouest;Littoral;Hauts Plateaux;-0.866;0.5;96000;2872000;100.0;23.0;7.0;320;600;3;60;1.8;0.2;0;0;0;0;0;0;0;2050;1970
2016-11;Maïs;Céréales;Ouest;Centre;Hauts Plateaux;-0.5;0.866;58200;2793600;50.0;24.0;8.0;75;600;4;35;1.8;0.1;0;0;0;0;0;0;0;185;165
2016-11;Riz;Céréales;Extrême-Nord;Centre;Soudano-sahélienne;-0.5;0.866;26000;2793600;0.0;31.0;5.0;115;600;4;75;1.8;0.1;0;0;0;1;1;0;0;420;400
2016-11;Mil-Sorgho;Céréales;Nord;Extrême-Nord;Soudano-sahélienne;-0.5;0.866;56000;4096000;0.0;32.0;12.0;70;600;4;30;1.8;0.1;0;0;0;1;1;0;0;205;190
2016-11;Blé;Céréales;Littoral(Import);Centre;Forêt monomodale;-0.5;0.866;0;2793600;100.0;27.0;2.0;0;600;4;25;1.8;0.1;1;0;0;0;0;0;0;415;385
2016-11;Manioc;"Tubercules, Racines et Plantains";Centre;Centre;Forêt bimodale;-0.5;0.866;118000;2793600;50.0;26.0;30.0;50;600;4;18;1.8;0.1;0;0;0;0;0;0;0;185;155
2016-11;Plantain;"Tubercules, Racines et Plantains";Sud-Ouest;Littoral;Forêt monomodale;-0.5;0.866;36000;2872000;100.0;28.0;25.0;65;600;4;55;1.8;0.1;0;0;0;1;0;0;0;550;600
2016-11;Macabo-Taro;"Tubercules, Racines et Plantains";Littoral;Littoral;Forêt monomodale;-0.5;0.866;18500;2872000;100.0;28.0;28.0;55;600;4;22;1.8;0.1;0;0;0;0;0;0;0;305;265
2016-11;Igname;"Tubercules, Racines et Plantains";Adamaoua;Centre;Savane guinéenne;-0.5;0.866;21500;2793600;10.0;24.0;25.0;95;600;4;70;1.8;0.1;0;0;0;0;0;0;0;460;400
2016-11;Pomme de terre;"Tubercules, Racines et Plantains";Ouest;Littoral;Hauts Plateaux;-0.5;0.866;15500;2872000;50.0;24.0;22.0;100;600;4;50;1.8;0.1;0;0;0;0;0;0;0;550;475
2016-11;Patate douce;"Tubercules, Racines et Plantains";Ouest;Centre;Hauts Plateaux;-0.5;0.866;8200;2793600;50.0;24.0;23.0;55;600;4;45;1.8;0.1;0;0;0;0;0;0;0;270;230
2016-11;Tomate;Maraîchers;Ouest;Centre;Hauts Plateaux;-0.5;0.866;12500;2793600;50.0;24.0;22.0;125;600;4;50;1.8;0.1;0;0;0;0;0;0;0;850;650
2016-11;Oignon;Maraîchers;Extrême-Nord;Centre;Soudano-sahélienne;-0.5;0.866;22500;2793600;0.0;31.0;25.0;105;600;4;135;1.8;0.1;0;0;0;1;1;0;0;720;630
2016-11;Gombo;Maraîchers;Centre;Centre;Forêt bimodale;-0.5;0.866;4200;2793600;50.0;26.0;42.0;85;600;4;18;1.8;0.1;0;0;0;0;0;0;0;560;480
2016-11;Piment;Maraîchers;Extrême-Nord;Littoral;Soudano-sahélienne;-0.5;0.866;3600;2872000;0.0;31.0;30.0;155;600;4;145;1.8;0.1;0;0;0;1;1;0;0;980;880
2016-11;Poivron;Maraîchers;Extrême-Nord;Centre;Soudano-sahélienne;-0.5;0.866;2900;2793600;0.0;31.0;35.0;145;600;4;135;1.8;0.1;0;0;0;1;1;0;0;1050;960
2016-11;Ail;Maraîchers;Extrême-Nord;Centre;Soudano-sahélienne;-0.5;0.866;1250;2793600;0.0;31.0;18.0;185;600;4;125;1.8;0.1;0;0;0;1;1;0;0;2500;2350
2016-11;Basilic;Maraîchers;Centre;Centre;Forêt bimodale;-0.5;0.866;850;2793600;50.0;26.0;52.0;65;600;4;18;1.8;0.1;0;0;0;0;0;0;0;590;500
2016-11;Légumes feuilles;Maraîchers;Centre;Centre;Forêt bimodale;-0.5;0.866;6700;2793600;50.0;26.0;45.0;55;600;4;18;1.8;0.1;0;0;0;0;0;0;0;400;340
2016-11;Choux;Maraîchers;Ouest;Littoral;Hauts Plateaux;-0.5;0.866;4600;2872000;50.0;24.0;30.0;90;600;4;45;1.8;0.1;0;0;0;0;0;0;0;520;445
2016-11;Pastèque;Maraîchers;Extrême-Nord;Centre;Soudano-sahélienne;-0.5;0.866;2600;2793600;0.0;31.0;20.0;80;600;4;135;1.8;0.1;0;0;0;1;1;0;0;260;220
2016-11;Arachide;Oléagineux et Légumineuses;Nord;Centre;Soudano-sahélienne;-0.5;0.866;53000;2793600;0.0;30.0;10.0;155;600;4;95;1.8;0.1;0;0;0;1;1;0;0;650;590
2016-11;Soja;Oléagineux et Légumineuses;Adamaoua;Centre;Savane guinéenne;-0.5;0.866;8700;2793600;10.0;24.0;10.0;145;600;4;80;1.8;0.1;0;0;0;0;0;0;0;630;565
2016-11;Niébé;Oléagineux et Légumineuses;Extrême-Nord;Extrême-Nord;Soudano-sahélienne;-0.5;0.866;36000;4096000;0.0;31.0;12.0;165;600;4;30;1.8;0.1;0;0;0;1;1;0;0;635;580
2016-11;Haricot sec;Oléagineux et Légumineuses;Ouest;Littoral;Hauts Plateaux;-0.5;0.866;33000;2872000;50.0;24.0;8.0;95;600;4;45;1.8;0.1;0;0;0;0;0;0;0;590;510
2016-11;Huile de palme;Oléagineux et Légumineuses;Littoral;Centre;Forêt monomodale;-0.5;0.866;56000;2793600;100.0;28.0;5.0;210;600;4;35;1.8;0.1;0;0;0;0;0;0;0;840;760
2016-11;Ananas;Fruits;Littoral;Centre;Forêt monomodale;-0.5;0.866;8700;2793600;100.0;28.0;18.0;95;600;4;45;1.8;0.1;0;0;0;0;0;0;0;400;340
2016-11;Papaye;Fruits;Centre;Centre;Forêt bimodale;-0.5;0.866;3600;2793600;50.0;26.0;35.0;65;600;4;18;1.8;0.1;0;0;0;0;0;0;0;380;320
2016-11;Mangue;Fruits;Nord;Centre;Soudano-sahélienne;-0.5;0.866;6700;2793600;0.0;30.0;40.0;45;600;4;125;1.8;0.1;0;0;0;1;1;0;0;55;65
2016-11;Avocat;Fruits;Ouest;Littoral;Hauts Plateaux;-0.5;0.866;12500;2872000;50.0;24.0;25.0;55;600;4;45;1.8;0.1;0;0;0;0;0;0;0;330;275
2016-11;Safou;Fruits;Littoral;Centre;Forêt monomodale;-0.5;0.866;4600;2793600;100.0;28.0;40.0;65;600;4;45;1.8;0.1;0;0;0;0;0;0;0;530;460
2016-11;Citron;Fruits;Centre;Centre;Forêt bimodale;-0.5;0.866;2600;2793600;50.0;26.0;20.0;60;600;4;18;1.8;0.1;0;0;0;0;0;0;0;400;345
2016-11;Orange;Fruits;Centre;Centre;Forêt bimodale;-0.5;0.866;4600;2793600;50.0;26.0;20.0;70;600;4;18;1.8;0.1;0;0;0;0;0;0;0;340;300
2016-11;Banane douce;Fruits;Sud-Ouest;Littoral;Forêt monomodale;-0.5;0.866;18500;2872000;100.0;28.0;30.0;90;600;4;50;1.8;0.1;0;0;0;1;0;0;0;405;455
2016-11;Cacao;Cultures de Rente et Stimulants;Centre;Littoral;Forêt bimodale;-0.5;0.866;215000;2872000;50.0;26.0;6.0;360;600;4;30;1.8;0.1;0;0;0;0;0;0;0;1680;1620
2016-11;Café;Cultures de Rente et Stimulants;Ouest;Littoral;Hauts Plateaux;-0.5;0.866;96000;2872000;50.0;24.0;5.0;310;600;4;45;1.8;0.1;0;0;0;0;0;0;0;1970;1890
2016-12;Maïs;Céréales;Ouest;Centre;Hauts Plateaux;0.0;1.0;58200;2793600;10.5;23.0;8.0;70;600;4;35;1.8;0.1;0;0;1;0;0;0;0;165;180
2016-12;Riz;Céréales;Extrême-Nord;Centre;Soudano-sahélienne;0.0;1.0;26000;2793600;0.0;30.5;5.0;110;600;4;75;1.8;0.1;0;0;1;1;1;0;0;400;415
2016-12;Mil-Sorgho;Céréales;Nord;Extrême-Nord;Soudano-sahélienne;0.0;1.0;56000;4096000;0.0;32.0;12.0;65;600;4;30;1.8;0.1;0;0;1;1;1;0;0;190;205
2016-12;Blé;Céréales;Littoral(Import);Centre;Forêt monomodale;0.0;1.0;0;2793600;50.0;27.0;2.0;0;600;4;25;1.8;0.1;1;0;1;0;0;0;0;385;410
2016-12;Manioc;"Tubercules, Racines et Plantains";Centre;Centre;Forêt bimodale;0.0;1.0;118000;2793600;20.0;25.0;30.0;45;600;4;18;1.8;0.1;0;0;1;0;0;0;0;155;180
2016-12;Plantain;"Tubercules, Racines et Plantains";Sud-Ouest;Littoral;Forêt monomodale;0.0;1.0;36000;2872000;50.0;27.0;25.0;60;600;4;55;1.8;0.1;0;0;1;1;0;0;0;600;710
2016-12;Macabo-Taro;"Tubercules, Racines et Plantains";Littoral;Littoral;Forêt monomodale;0.0;1.0;18500;2872000;50.0;27.0;28.0;50;600;4;22;1.8;0.1;0;0;1;0;0;0;0;265;310
2016-12;Igname;"Tubercules, Racines et Plantains";Adamaoua;Centre;Savane guinéenne;0.0;1.0;21500;2793600;0.0;24.0;25.0;90;600;4;70;1.8;0.1;0;0;1;0;0;0;0;400;445
2016-12;Pomme de terre;"Tubercules, Racines et Plantains";Ouest;Littoral;Hauts Plateaux;0.0;1.0;15500;2872000;10.5;23.0;22.0;95;600;4;50;1.8;0.1;0;0;1;0;0;0;0;475;540
2016-12;Patate douce;"Tubercules, Racines et Plantains";Ouest;Centre;Hauts Plateaux;0.0;1.0;8200;2793600;10.5;23.0;23.0;50;600;4;45;1.8;0.1;0;0;1;0;0;0;0;230;265
2016-12;Tomate;Maraîchers;Ouest;Centre;Hauts Plateaux;0.0;1.0;12500;2793600;10.5;23.0;22.0;120;600;4;50;1.8;0.1;0;0;1;0;0;0;0;650;820
2016-12;Oignon;Maraîchers;Extrême-Nord;Centre;Soudano-sahélienne;0.0;1.0;22500;2793600;0.0;30.5;25.0;100;600;4;135;1.8;0.1;0;0;1;1;1;0;0;630;690
2016-12;Gombo;Maraîchers;Centre;Centre;Forêt bimodale;0.0;1.0;4200;2793600;20.0;25.0;42.0;80;600;4;18;1.8;0.1;0;0;1;0;0;0;0;480;545
2016-12;Piment;Maraîchers;Extrême-Nord;Littoral;Soudano-sahélienne;0.0;1.0;3600;2872000;0.0;30.5;30.0;150;600;4;145;1.8;0.1;0;0;1;1;1;0;0;880;970
2016-12;Poivron;Maraîchers;Extrême-Nord;Centre;Soudano-sahélienne;0.0;1.0;2900;2793600;0.0;30.5;35.0;140;600;4;135;1.8;0.1;0;0;1;1;1;0;0;960;1050
2016-12;Ail;Maraîchers;Extrême-Nord;Centre;Soudano-sahélienne;0.0;1.0;1250;2793600;0.0;30.5;18.0;180;600;4;125;1.8;0.1;0;0;1;1;1;0;0;2350;2480
2016-12;Basilic;Maraîchers;Centre;Centre;Forêt bimodale;0.0;1.0;850;2793600;20.0;25.0;52.0;60;600;4;18;1.8;0.1;0;0;1;0;0;0;0;500;565
2016-12;Légumes feuilles;Maraîchers;Centre;Centre;Forêt bimodale;0.0;1.0;6700;2793600;20.0;25.0;45.0;50;600;4;18;1.8;0.1;0;0;1;0;0;0;0;340;395
2016-12;Choux;Maraîchers;Ouest;Littoral;Hauts Plateaux;0.0;1.0;4600;2872000;10.5;23.0;30.0;85;600;4;45;1.8;0.1;0;0;1;0;0;0;0;445;520
2016-12;Pastèque;Maraîchers;Extrême-Nord;Centre;Soudano-sahélienne;0.0;1.0;2600;2793600;0.0;30.5;20.0;75;600;4;135;1.8;0.1;0;0;1;1;1;0;0;220;250
2016-12;Arachide;Oléagineux et Légumineuses;Nord;Centre;Soudano-sahélienne;0.0;1.0;53000;2793600;0.0;29.0;10.0;150;600;4;95;1.8;0.1;0;0;1;1;1;0;0;590;625
2016-12;Soja;Oléagineux et Légumineuses;Adamaoua;Centre;Savane guinéenne;0.0;1.0;8700;2793600;0.0;24.0;10.0;140;600;4;80;1.8;0.1;0;0;1;0;0;0;0;565;600
2016-12;Niébé;Oléagineux et Légumineuses;Extrême-Nord;Extrême-Nord;Soudano-sahélienne;0.0;1.0;36000;4096000;0.0;30.5;12.0;160;600;4;30;1.8;0.1;0;0;1;1;1;0;0;580;615
2016-12;Haricot sec;Oléagineux et Légumineuses;Ouest;Littoral;Hauts Plateaux;0.0;1.0;33000;2872000;10.5;23.0;8.0;90;600;4;45;1.8;0.1;0;0;1;0;0;0;0;510;570
2016-12;Huile de palme;Oléagineux et Légumineuses;Littoral;Centre;Forêt monomodale;0.0;1.0;56000;2793600;50.0;27.0;5.0;205;600;4;35;1.8;0.1;0;0;1;0;0;0;0;760;825
2016-12;Ananas;Fruits;Littoral;Centre;Forêt monomodale;0.0;1.0;8700;2793600;50.0;27.0;18.0;90;600;4;45;1.8;0.1;0;0;1;0;0;0;0;340;385
2016-12;Papaye;Fruits;Centre;Centre;Forêt bimodale;0.0;1.0;3600;2793600;20.0;25.0;35.0;60;600;4;18;1.8;0.1;0;0;1;0;0;0;0;320;365
2016-12;Mangue;Fruits;Nord;Centre;Soudano-sahélienne;0.0;1.0;6700;2793600;0.0;29.0;40.0;40;600;4;125;1.8;0.1;0;0;1;1;1;0;0;65;75
2016-12;Avocat;Fruits;Ouest;Littoral;Hauts Plateaux;0.0;1.0;12500;2872000;10.5;23.0;25.0;50;600;4;45;1.8;0.1;0;0;1;0;0;0;0;275;315
2016-12;Safou;Fruits;Littoral;Centre;Forêt monomodale;0.0;1.0;4600;2793600;50.0;27.0;40.0;60;600;4;45;1.8;0.1;0;0;1;0;0;0;0;460;510
2016-12;Citron;Fruits;Centre;Centre;Forêt bimodale;0.0;1.0;2600;2793600;20.0;25.0;20.0;55;600;4;18;1.8;0.1;0;0;1;0;0;0;0;345;385
2016-12;Orange;Fruits;Centre;Centre;Forêt bimodale;0.0;1.0;4600;2793600;20.0;25.0;20.0;65;600;4;18;1.8;0.1;0;0;1;0;0;0;0;300;340
2016-12;Banane douce;Fruits;Sud-Ouest;Littoral;Forêt monomodale;0.0;1.0;18500;2872000;50.0;27.0;30.0;85;600;4;50;1.8;0.1;0;0;1;1;0;0;0;455;535
2016-12;Cacao;Cultures de Rente et Stimulants;Centre;Littoral;Forêt bimodale;0.0;1.0;215000;2872000;20.0;25.0;6.0;350;600;4;30;1.8;0.1;0;0;1;0;0;0;0;1620;1670
2016-12;Café;Cultures de Rente et Stimulants;Ouest;Littoral;Hauts Plateaux;0.0;1.0;96000;2872000;10.5;23.0;5.0;300;600;4;45;1.8;0.1;0;0;1;0;0;0;0;1890;1930
2017-01;Maïs;Céréales;Ouest;Centre;Hauts Plateaux;0.5;0.866;58800;2860000;10.5;23.0;9.6;90;600;4;45;1.9;0.6;0;0;1;0;0;0;0;180;175
2017-01;Riz;Céréales;Extrême-Nord;Centre;Soudano-sahélienne;0.5;0.866;26500;2860000;0.0;30.5;5.0;130;600;3;90;1.9;0.6;0;0;1;1;1;0;0;415;405
2017-01;Mil-Sorgho;Céréales;Nord;Extrême-Nord;Soudano-sahélienne;0.5;0.866;57000;4200000;0.0;32.0;12.5;75;600;3;38;1.9;0.6;0;0;1;1;1;0;0;205;195
2017-01;Blé;Céréales;Littoral(Import);Centre;Forêt monomodale;0.5;0.866;0;2860000;25.0;27.0;2.0;0;600;4;28;1.9;0.6;1;0;1;0;0;0;0;410;400
2017-01;Manioc;"Tubercules, Racines et Plantains";Centre;Centre;Forêt bimodale;0.5;0.866;120000;2860000;15.0;25.0;30.5;55;600;3;22;1.9;0.6;0;0;1;0;0;0;0;180;165
2017-01;Plantain;"Tubercules, Racines et Plantains";Sud-Ouest;Littoral;Forêt monomodale;0.5;0.866;37000;2950000;35.0;26.5;35.0;85;600;2;120;1.9;0.6;0;1;1;1;0;0;0;710;750
2017-01;Macabo-Taro;"Tubercules, Racines et Plantains";Littoral;Littoral;Forêt monomodale;0.5;0.866;19000;2950000;35.0;26.5;28.5;70;600;3;28;1.9;0.6;0;0;1;0;0;0;0;310;295
2017-01;Igname;"Tubercules, Racines et Plantains";Adamaoua;Centre;Savane guinéenne;0.5;0.866;22000;2860000;0.0;24.0;26.0;115;600;3;80;1.9;0.6;0;0;1;0;0;0;0;445;420
2017-01;Pomme de terre;"Tubercules, Racines et Plantains";Ouest;Littoral;Hauts Plateaux;0.5;0.866;16000;2950000;10.5;23.0;21.0;120;600;4;55;1.9;0.6;0;0;1;0;0;0;0;540;510
2017-01;Patate douce;"Tubercules, Racines et Plantains";Ouest;Centre;Hauts Plateaux;0.5;0.866;8400;2860000;10.5;23.0;23.0;70;600;4;48;1.9;0.6;0;0;1;0;0;0;0;265;245
2017-01;Tomate;Maraîchers;Ouest;Centre;Hauts Plateaux;0.5;0.866;13000;2860000;10.5;23.0;25.5;150;600;4;55;1.9;0.6;0;0;1;0;0;0;0;820;770
2017-01;Oignon;Maraîchers;Extrême-Nord;Centre;Soudano-sahélienne;0.5;0.866;23000;2860000;0.0;30.5;26.0;125;600;2;165;1.9;0.6;0;0;1;1;1;0;0;690;650
2017-01;Gombo;Maraîchers;Centre;Centre;Forêt bimodale;0.5;0.866;4400;2860000;15.0;25.0;42.0;105;600;3;22;1.9;0.6;0;0;1;0;0;0;0;545;510
2017-01;Piment;Maraîchers;Extrême-Nord;Littoral;Soudano-sahélienne;0.5;0.866;3700;2950000;0.0;30.5;32.0;180;600;2;170;1.9;0.6;0;0;1;1;1;0;0;970;930
2017-01;Poivron;Maraîchers;Extrême-Nord;Centre;Soudano-sahélienne;0.5;0.866;3000;2860000;0.0;30.5;37.0;170;600;2;160;1.9;0.6;0;0;1;1;1;0;0;1050;1010
2017-01;Ail;Maraîchers;Extrême-Nord;Centre;Soudano-sahélienne;0.5;0.866;1300;2860000;0.0;30.5;18.0;205;600;2;145;1.9;0.6;0;0;1;1;1;0;0;2480;2380
2017-01;Basilic;Maraîchers;Centre;Centre;Forêt bimodale;0.5;0.866;900;2860000;15.0;25.0;55.0;85;600;3;22;1.9;0.6;0;0;1;0;0;0;0;565;530
2017-01;Légumes feuilles;Maraîchers;Centre;Centre;Forêt bimodale;0.5;0.866;6900;2860000;15.0;25.0;48.0;70;600;3;22;1.9;0.6;0;0;1;0;0;0;0;395;360
2017-01;Choux;Maraîchers;Ouest;Littoral;Hauts Plateaux;0.5;0.866;4700;2950000;10.5;23.0;32.0;110;600;4;48;1.9;0.6;0;0;1;0;0;0;0;520;480
2017-01;Pastèque;Maraîchers;Extrême-Nord;Centre;Soudano-sahélienne;0.5;0.866;2700;2860000;0.0;30.5;22.0;100;600;2;155;1.9;0.6;0;0;1;1;1;0;0;250;230
2017-01;Arachide;Oléagineux et Légumineuses;Nord;Centre;Soudano-sahélienne;0.5;0.866;54000;2860000;0.0;32.0;11.0;180;600;2;120;1.9;0.6;0;0;1;1;1;0;0;625;605
2017-01;Soja;Oléagineux et Légumineuses;Adamaoua;Centre;Savane guinéenne;0.5;0.866;8900;2860000;0.0;24.0;10.5;165;600;3;90;1.9;0.6;0;0;1;0;0;0;0;600;580
2017-01;Niébé;Oléagineux et Légumineuses;Extrême-Nord;Extrême-Nord;Soudano-sahélienne;0.5;0.866;37000;4200000;0.0;30.5;12.5;185;600;3;38;1.9;0.6;0;0;1;1;1;0;0;615;595
2017-01;Haricot sec;Oléagineux et Légumineuses;Ouest;Littoral;Hauts Plateaux;0.5;0.866;34000;2950000;10.5;23.0;8.5;115;600;4;48;1.9;0.6;0;0;1;0;0;0;0;570;540
2017-01;Huile de palme;Oléagineux et Légumineuses;Littoral;Centre;Forêt monomodale;0.5;0.866;57000;2860000;25.0;27.0;6.0;240;600;4;42;1.9;0.6;0;0;1;0;0;0;0;825;790
2017-01;Ananas;Fruits;Littoral;Centre;Forêt monomodale;0.5;0.866;8900;2860000;25.0;27.0;16.5;115;600;4;48;1.9;0.6;0;0;1;0;0;0;0;385;360
2017-01;Papaye;Fruits;Centre;Centre;Forêt bimodale;0.5;0.866;3700;2860000;15.0;25.0;36.0;85;600;3;22;1.9;0.6;0;0;1;0;0;0;0;365;340
2017-01;Mangue;Fruits;Nord;Centre;Soudano-sahélienne;0.5;0.866;6900;2860000;0.0;32.0;42.0;65;600;2;145;1.9;0.6;0;0;1;1;1;0;0;75;95
2017-01;Avocat;Fruits;Ouest;Littoral;Hauts Plateaux;0.5;0.866;13000;2950000;10.5;23.0;26.0;75;600;4;48;1.9;0.6;0;0;1;0;0;0;0;315;290
2017-01;Safou;Fruits;Littoral;Centre;Forêt monomodale;0.5;0.866;4700;2860000;25.0;27.0;41.0;85;600;3;48;1.9;0.6;0;0;1;0;0;0;0;510;485
2017-01;Citron;Fruits;Centre;Centre;Forêt bimodale;0.5;0.866;2700;2860000;15.0;25.0;21.0;80;600;3;22;1.9;0.6;0;0;1;0;0;0;0;385;360
2017-01;Orange;Fruits;Centre;Centre;Forêt bimodale;0.5;0.866;4700;2860000;15.0;25.0;21.0;90;600;3;22;1.9;0.6;0;0;1;0;0;0;0;340;320
2017-01;Banane douce;Fruits;Sud-Ouest;Littoral;Forêt monomodale;0.5;0.866;19000;2950000;35.0;26.5;40.0;115;600;2;100;1.9;0.6;0;1;1;1;0;0;0;535;580
2017-01;Cacao;Cultures de Rente et Stimulants;Centre;Littoral;Forêt bimodale;0.5;0.866;220000;2950000;15.0;25.0;6.0;410;600;4;32;1.9;0.6;0;0;0;0;0;0;0;1670;1640
2017-01;Café;Cultures de Rente et Stimulants;Ouest;Littoral;Hauts Plateaux;0.5;0.866;97000;2950000;10.5;23.0;5.0;360;600;4;48;1.9;0.6;0;0;0;0;0;0;0;1930;1890
2017-02;Maïs;Céréales;Ouest;Centre;Hauts Plateaux;0.866;0.5;58800;2860000;15.5;24.0;9.6;90;600;4;45;1.9;0.6;0;0;0;0;0;0;0;175;170
2017-02;Riz;Céréales;Extrême-Nord;Centre;Soudano-sahélienne;0.866;0.5;26500;2860000;0.0;31.5;5.0;130;600;3;90;1.9;0.6;0;0;0;1;1;0;0;405;395
2017-02;Mil-Sorgho;Céréales;Nord;Extrême-Nord;Soudano-sahélienne;0.866;0.5;57000;4200000;0.0;33.0;12.5;75;600;3;38;1.9;0.6;0;0;0;1;1;0;0;195;190
2017-02;Blé;Céréales;Littoral(Import);Centre;Forêt monomodale;0.866;0.5;0;2860000;30.0;28.0;2.0;0;600;4;28;1.9;0.6;1;0;0;0;0;0;0;400;395
2017-02;Manioc;"Tubercules, Racines et Plantains";Centre;Centre;Forêt bimodale;0.866;0.5;120000;2860000;20.0;26.0;30.5;55;600;3;22;1.9;0.6;0;0;0;0;0;0;0;165;160
2017-02;Plantain;"Tubercules, Racines et Plantains";Sud-Ouest;Littoral;Forêt monomodale;0.866;0.5;37000;2950000;40.0;27.5;35.0;85;600;2;125;1.9;0.6;0;1;0;1;0;0;0;750;780
2017-02;Macabo-Taro;"Tubercules, Racines et Plantains";Littoral;Littoral;Forêt monomodale;0.866;0.5;19000;2950000;40.0;27.5;28.5;70;600;3;28;1.9;0.6;0;0;0;0;0;0;0;295;285
2017-02;Igname;"Tubercules, Racines et Plantains";Adamaoua;Centre;Savane guinéenne;0.866;0.5;22000;2860000;0.0;25.0;26.0;115;600;3;80;1.9;0.6;0;0;0;0;0;0;0;420;410
2017-02;Pomme de terre;"Tubercules, Racines et Plantains";Ouest;Littoral;Hauts Plateaux;0.866;0.5;16000;2950000;15.5;24.0;21.0;120;600;4;55;1.9;0.6;0;0;0;0;0;0;0;510;495
2017-02;Patate douce;"Tubercules, Racines et Plantains";Ouest;Centre;Hauts Plateaux;0.866;0.5;8400;2860000;15.5;24.0;23.0;70;600;4;48;1.9;0.6;0;0;0;0;0;0;0;245;235
2017-02;Tomate;Maraîchers;Ouest;Centre;Hauts Plateaux;0.866;0.5;13000;2860000;15.5;24.0;25.5;150;600;4;55;1.9;0.6;0;0;0;0;0;0;0;770;740
2017-02;Oignon;Maraîchers;Extrême-Nord;Centre;Soudano-sahélienne;0.866;0.5;23000;2860000;0.0;31.5;26.0;125;600;2;165;1.9;0.6;0;0;0;1;1;0;0;650;635
2017-02;Gombo;Maraîchers;Centre;Centre;Forêt bimodale;0.866;0.5;4400;2860000;20.0;26.0;42.0;105;600;3;22;1.9;0.6;0;0;0;0;0;0;0;510;490
2017-02;Piment;Maraîchers;Extrême-Nord;Littoral;Soudano-sahélienne;0.866;0.5;3700;2950000;0.0;31.5;32.0;180;600;2;170;1.9;0.6;0;0;0;1;1;0;0;930;900
2017-02;Poivron;Maraîchers;Extrême-Nord;Centre;Soudano-sahélienne;0.866;0.5;3000;2860000;0.0;31.5;37.0;170;600;2;160;1.9;0.6;0;0;0;1;1;0;0;1010;980
2017-02;Ail;Maraîchers;Extrême-Nord;Centre;Soudano-sahélienne;0.866;0.5;1300;2860000;0.0;31.5;18.0;205;600;2;145;1.9;0.6;0;0;0;1;1;0;0;2380;2320
2017-02;Basilic;Maraîchers;Centre;Centre;Forêt bimodale;0.866;0.5;900;2860000;20.0;26.0;55.0;85;600;3;22;1.9;0.6;0;0;0;0;0;0;0;530;515
2017-02;Légumes feuilles;Maraîchers;Centre;Centre;Forêt bimodale;0.866;0.5;6900;2860000;20.0;26.0;48.0;70;600;3;22;1.9;0.6;0;0;0;0;0;0;0;360;345
2017-02;Choux;Maraîchers;Ouest;Littoral;Hauts Plateaux;0.866;0.5;4700;2950000;15.5;24.0;32.0;110;600;4;48;1.9;0.6;0;0;0;0;0;0;0;480;465
2017-02;Pastèque;Maraîchers;Extrême-Nord;Centre;Soudano-sahélienne;0.866;0.5;2700;2860000;0.0;31.5;22.0;100;600;2;155;1.9;0.6;0;0;0;1;1;0;0;230;220
2017-02;Arachide;Oléagineux et Légumineuses;Nord;Centre;Soudano-sahélienne;0.866;0.5;54000;2860000;0.0;33.0;11.0;180;600;2;120;1.9;0.6;0;0;0;1;1;0;0;605;590
2017-02;Soja;Oléagineux et Légumineuses;Adamaoua;Centre;Savane guinéenne;0.866;0.5;8900;2860000;0.0;25.0;10.5;165;600;3;90;1.9;0.6;0;0;0;0;0;0;0;580;565
2017-02;Niébé;Oléagineux et Légumineuses;Extrême-Nord;Extrême-Nord;Soudano-sahélienne;0.866;0.5;37000;4200000;0.0;31.5;12.5;185;600;3;38;1.9;0.6;0;0;0;1;1;0;0;595;580
2017-02;Haricot sec;Oléagineux et Légumineuses;Ouest;Littoral;Hauts Plateaux;0.866;0.5;34000;2950000;15.5;24.0;8.5;115;600;4;48;1.9;0.6;0;0;0;0;0;0;0;540;525
2017-02;Huile de palme;Oléagineux et Légumineuses;Littoral;Centre;Forêt monomodale;0.866;0.5;57000;2860000;30.0;28.0;6.0;240;600;4;42;1.9;0.6;0;0;0;0;0;0;0;790;775
2017-02;Ananas;Fruits;Littoral;Centre;Forêt monomodale;0.866;0.5;8900;2860000;30.0;28.0;16.5;115;600;4;48;1.9;0.6;0;0;0;0;0;0;0;360;345
2017-02;Papaye;Fruits;Centre;Centre;Forêt bimodale;0.866;0.5;3700;2860000;20.0;26.0;36.0;85;600;3;22;1.9;0.6;0;0;0;0;0;0;0;340;325
2017-02;Mangue;Fruits;Nord;Centre;Soudano-sahélienne;0.866;0.5;6900;2860000;0.0;33.0;42.0;65;600;2;145;1.9;0.6;0;0;0;1;1;0;0;95;105
2017-02;Avocat;Fruits;Ouest;Littoral;Hauts Plateaux;0.866;0.5;13000;2950000;15.5;24.0;26.0;75;600;4;48;1.9;0.6;0;0;0;0;0;0;0;290;280
2017-02;Safou;Fruits;Littoral;Centre;Forêt monomodale;0.866;0.5;4700;2860000;30.0;28.0;41.0;85;600;3;48;1.9;0.6;0;0;0;0;0;0;0;485;470
2017-02;Citron;Fruits;Centre;Centre;Forêt bimodale;0.866;0.5;2700;2860000;20.0;26.0;21.0;80;600;3;22;1.9;0.6;0;0;0;0;0;0;0;360;345
2017-02;Orange;Fruits;Centre;Centre;Forêt bimodale;0.866;0.5;4700;2860000;20.0;26.0;21.0;90;600;3;22;1.9;0.6;0;0;0;0;0;0;0;320;310
2017-02;Banane douce;Fruits;Sud-Ouest;Littoral;Forêt monomodale;0.866;0.5;19000;2950000;40.0;27.5;40.0;115;600;2;100;1.9;0.6;0;1;0;1;0;0;0;580;605
2017-02;Cacao;Cultures de Rente et Stimulants;Centre;Littoral;Forêt bimodale;0.866;0.5;220000;2950000;20.0;26.0;6.0;410;600;4;32;1.9;0.6;0;0;0;0;0;0;0;1640;1655
2017-02;Café;Cultures de Rente et Stimulants;Ouest;Littoral;Hauts Plateaux;0.866;0.5;97000;2950000;15.5;24.0;5.0;360;600;4;48;1.9;0.6;0;0;0;0;0;0;0;1890;1905
2017-03;Maïs;Céréales;Ouest;Centre;Hauts Plateaux;1.0;0.0;58800;2860000;55.0;24.0;10.5;95;600;3;52;1.9;0.7;0;0;0;0;0;0;0;170;185
2017-03;Riz;Céréales;Extrême-Nord;Centre;Soudano-sahélienne;1.0;0.0;26500;2860000;0.0;33.5;5.0;135;600;3;95;1.9;0.7;0;0;0;1;1;0;0;395;410
2017-03;Mil-Sorgho;Céréales;Nord;Extrême-Nord;Soudano-sahélienne;1.0;0.0;57000;4200000;0.0;35.0;12.5;80;600;3;42;1.9;0.7;0;0;0;1;1;0;0;190;205
2017-03;Blé;Céréales;Littoral(Import);Centre;Forêt monomodale;1.0;0.0;0;2860000;55.0;28.0;2.0;0;600;3;32;1.9;0.7;1;0;0;0;0;0;0;395;405
2017-03;Manioc;"Tubercules, Racines et Plantains";Centre;Centre;Forêt bimodale;1.0;0.0;120000;2860000;45.0;27.0;32.5;60;600;3;26;1.9;0.7;0;0;0;0;0;0;0;160;175
2017-03;Plantain;"Tubercules, Racines et Plantains";Sud-Ouest;Littoral;Forêt monomodale;1.0;0.0;37000;2950000;65.0;28.5;35.0;90;600;2;135;1.9;0.7;0;1;0;1;0;0;0;780;830
2017-03;Macabo-Taro;"Tubercules, Racines et Plantains";Littoral;Littoral;Forêt monomodale;1.0;0.0;19000;2950000;65.0;28.5;29.5;75;600;3;32;1.9;0.7;0;0;0;0;0;0;0;285;305
2017-03;Igname;"Tubercules, Racines et Plantains";Adamaoua;Centre;Savane guinéenne;1.0;0.0;22000;2860000;10.0;26.0;26.5;120;600;3;88;1.9;0.7;0;0;0;0;0;0;0;410;440
2017-03;Pomme de terre;"Tubercules, Racines et Plantains";Ouest;Littoral;Hauts Plateaux;1.0;0.0;16000;2950000;55.0;24.0;23.0;125;600;3;60;1.9;0.7;0;0;0;0;0;0;0;495;530
2017-03;Patate douce;"Tubercules, Racines et Plantains";Ouest;Centre;Hauts Plateaux;1.0;0.0;8400;2860000;55.0;24.0;24.0;75;600;3;55;1.9;0.7;0;0;0;0;0;0;0;235;255
2017-03;Tomate;Maraîchers;Ouest;Centre;Hauts Plateaux;1.0;0.0;13000;2860000;55.0;24.0;28.5;155;600;3;60;1.9;0.7;0;0;0;0;0;0;0;740;840
2017-03;Oignon;Maraîchers;Extrême-Nord;Centre;Soudano-sahélienne;1.0;0.0;23000;2860000;0.0;34.0;26.5;130;600;2;175;1.9;0.7;0;0;0;1;1;0;0;635;685
2017-03;Gombo;Maraîchers;Centre;Centre;Forêt bimodale;1.0;0.0;4400;2860000;45.0;27.0;44.0;110;600;3;26;1.9;0.7;0;0;0;0;0;0;0;490;525
2017-03;Piment;Maraîchers;Extrême-Nord;Littoral;Soudano-sahélienne;1.0;0.0;3700;2950000;0.0;34.0;32.5;185;600;2;180;1.9;0.7;0;0;0;1;1;0;0;900;960
2017-03;Poivron;Maraîchers;Extrême-Nord;Centre;Soudano-sahélienne;1.0;0.0;3000;2860000;0.0;34.0;37.5;175;600;2;170;1.9;0.7;0;0;0;1;1;0;0;980;1040
2017-03;Ail;Maraîchers;Extrême-Nord;Centre;Soudano-sahélienne;1.0;0.0;1300;2860000;0.0;34.0;18.5;210;600;2;155;1.9;0.7;0;0;0;1;1;0;0;2320;2450
2017-03;Basilic;Maraîchers;Centre;Centre;Forêt bimodale;1.0;0.0;900;2860000;45.0;27.0;57.0;90;600;3;26;1.9;0.7;0;0;0;0;0;0;0;515;550
2017-03;Légumes feuilles;Maraîchers;Centre;Centre;Forêt bimodale;1.0;0.0;6900;2860000;45.0;27.0;50.0;75;600;3;26;1.9;0.7;0;0;0;0;0;0;0;345;375
2017-03;Choux;Maraîchers;Ouest;Littoral;Hauts Plateaux;1.0;0.0;4700;2950000;55.0;24.0;34.0;115;600;3;55;1.9;0.7;0;0;0;0;0;0;0;465;505
2017-03;Pastèque;Maraîchers;Extrême-Nord;Centre;Soudano-sahélienne;1.0;0.0;2700;2860000;0.0;34.0;22.5;105;600;2;165;1.9;0.7;0;0;0;1;1;0;0;220;245
2017-03;Arachide;Oléagineux et Légumineuses;Nord;Centre;Soudano-sahélienne;1.0;0.0;54000;2860000;0.0;34.5;11.5;185;600;2;128;1.9;0.7;0;0;0;1;1;0;0;590;630
2017-03;Soja;Oléagineux et Légumineuses;Adamaoua;Centre;Savane guinéenne;1.0;0.0;8900;2860000;10.0;26.0;11.0;170;600;3;100;1.9;0.7;0;0;0;0;0;0;0;565;605
2017-03;Niébé;Oléagineux et Légumineuses;Extrême-Nord;Extrême-Nord;Soudano-sahélienne;1.0;0.0;37000;4200000;0.0;34.0;13.0;190;600;3;45;1.9;0.7;0;0;0;1;1;0;0;580;620
2017-03;Haricot sec;Oléagineux et Légumineuses;Ouest;Littoral;Hauts Plateaux;1.0;0.0;34000;2950000;55.0;24.0;9.5;120;600;3;55;1.9;0.7;0;0;0;0;0;0;0;525;560
2017-03;Huile de palme;Oléagineux et Légumineuses;Littoral;Centre;Forêt monomodale;1.0;0.0;57000;2860000;65.0;28.5;6.5;245;600;3;48;1.9;0.7;0;0;0;0;0;0;0;775;820
2017-03;Ananas;Fruits;Littoral;Centre;Forêt monomodale;1.0;0.0;8900;2860000;65.0;28.5;18.0;120;600;3;55;1.9;0.7;0;0;0;0;0;0;0;345;375
2017-03;Papaye;Fruits;Centre;Centre;Forêt bimodale;1.0;0.0;3700;2860000;45.0;27.0;38.0;90;600;3;26;1.9;0.7;0;0;0;0;0;0;0;325;355
2017-03;Mangue;Fruits;Nord;Centre;Soudano-sahélienne;1.0;0.0;6900;2860000;0.0;34.5;43.0;70;600;2;155;1.9;0.7;0;0;0;1;1;0;0;105;90
2017-03;Avocat;Fruits;Ouest;Littoral;Hauts Plateaux;1.0;0.0;13000;2950000;55.0;24.0;28.0;80;600;3;55;1.9;0.7;0;0;0;0;0;0;0;280;315
2017-03;Safou;Fruits;Littoral;Centre;Forêt monomodale;1.0;0.0;4700;2860000;65.0;28.5;43.0;90;600;3;55;1.9;0.7;0;0;0;0;0;0;0;470;510
2017-03;Citron;Fruits;Centre;Centre;Forêt bimodale;1.0;0.0;2700;2860000;45.0;27.0;23.0;85;600;3;26;1.9;0.7;0;0;0;0;0;0;0;345;375
2017-03;Orange;Fruits;Centre;Centre;Forêt bimodale;1.0;0.0;4700;2860000;45.0;27.0;23.0;95;600;3;26;1.9;0.7;0;0;0;0;0;0;0;310;340
2017-03;Banane douce;Fruits;Sud-Ouest;Littoral;Forêt monomodale;1.0;0.0;19000;2950000;65.0;28.5;40.0;120;600;2;115;1.9;0.7;0;1;0;1;0;0;0;605;650
2017-03;Cacao;Cultures de Rente et Stimulants;Centre;Littoral;Forêt bimodale;1.0;0.0;220000;2950000;45.0;27.0;6.5;415;600;3;38;1.9;0.7;0;0;0;0;0;0;0;1655;1680
2017-03;Café;Cultures de Rente et Stimulants;Ouest;Littoral;Hauts Plateaux;1.0;0.0;97000;2950000;55.0;24.0;5.5;365;600;3;55;1.9;0.7;0;0;0;0;0;0;0;1905;1940
2017-04;Maïs;Céréales;Ouest;Centre;Hauts Plateaux;0.866;-0.5;58800;2860000;110.0;23.5;11.5;100;600;2;60;1.9;0.8;0;1;0;0;0;0;0;185;205
2017-04;Riz;Céréales;Extrême-Nord;Centre;Soudano-sahélienne;0.866;-0.5;26500;2860000;10.0;35.0;5.5;140;600;2;100;1.9;0.8;0;0;0;1;1;0;0;410;435
2017-04;Mil-Sorgho;Céréales;Nord;Extrême-Nord;Soudano-sahélienne;0.866;-0.5;57000;4200000;10.0;36.0;13.0;85;600;2;48;1.9;0.8;0;0;0;1;1;0;0;205;220
2017-04;Blé;Céréales;Littoral(Import);Centre;Forêt monomodale;0.866;-0.5;0;2860000;130.0;27.0;2.5;0;600;2;38;1.9;0.8;1;1;0;0;0;0;0;405;430
2017-04;Manioc;"Tubercules, Racines et Plantains";Centre;Centre;Forêt bimodale;0.866;-0.5;120000;2860000;130.0;26.0;35.5;65;600;2;30;1.9;0.8;0;1;0;0;0;0;0;175;195
2017-04;Plantain;"Tubercules, Racines et Plantains";Sud-Ouest;Littoral;Forêt monomodale;0.866;-0.5;37000;2950000;160.0;27.5;35.0;95;600;1;155;1.9;0.8;0;1;0;1;0;0;0;830;910
2017-04;Macabo-Taro;"Tubercules, Racines et Plantains";Littoral;Littoral;Forêt monomodale;0.866;-0.5;19000;2950000;160.0;27.5;32.0;80;600;2;38;1.9;0.8;0;1;0;0;0;0;0;305;335
2017-04;Igname;"Tubercules, Racines et Plantains";Adamaoua;Centre;Savane guinéenne;0.866;-0.5;22000;2860000;45.0;25.0;28.5;125;600;2;100;1.9;0.8;0;0;0;0;0;0;0;440;480
2017-04;Pomme de terre;"Tubercules, Racines et Plantains";Ouest;Littoral;Hauts Plateaux;0.866;-0.5;16000;2950000;110.0;23.5;26.0;130;600;2;68;1.9;0.8;0;1;0;0;0;0;0;530;585
2017-04;Patate douce;"Tubercules, Racines et Plantains";Ouest;Centre;Hauts Plateaux;0.866;-0.5;8400;2860000;110.0;23.5;27.0;80;600;2;62;1.9;0.8;0;1;0;0;0;0;0;255;285
2017-04;Tomate;Maraîchers;Ouest;Centre;Hauts Plateaux;0.866;-0.5;13000;2860000;110.0;23.5;32.0;160;600;2;68;1.9;0.8;0;1;0;0;0;0;0;840;980
2017-04;Oignon;Maraîchers;Extrême-Nord;Centre;Soudano-sahélienne;0.866;-0.5;23000;2860000;10.0;35.0;28.5;135;600;2;185;1.9;0.8;0;0;0;1;1;0;0;685;740
2017-04;Gombo;Maraîchers;Centre;Centre;Forêt bimodale;0.866;-0.5;4400;2860000;130.0;26.0;48.0;115;600;2;30;1.9;0.8;0;1;0;0;0;0;0;525;580
2017-04;Piment;Maraîchers;Extrême-Nord;Littoral;Soudano-sahélienne;0.866;-0.5;3700;2950000;10.0;35.0;35.0;190;600;2;195;1.9;0.8;0;0;0;1;1;0;0;960;1040
2017-04;Poivron;Maraîchers;Extrême-Nord;Centre;Soudano-sahélienne;0.866;-0.5;3000;2860000;10.0;35.0;40.0;180;600;2;180;1.9;0.8;0;0;0;1;1;0;0;1040;1120
2017-04;Ail;Maraîchers;Extrême-Nord;Centre;Soudano-sahélienne;0.866;-0.5;1300;2860000;10.0;35.0;20.5;215;600;2;165;1.9;0.8;0;0;0;1;1;0;0;2450;2580
2017-04;Basilic;Maraîchers;Centre;Centre;Forêt bimodale;0.866;-0.5;900;2860000;130.0;26.0;60.0;95;600;2;30;1.9;0.8;0;1;0;0;0;0;0;550;600
2017-04;Légumes feuilles;Maraîchers;Centre;Centre;Forêt bimodale;0.866;-0.5;6900;2860000;130.0;26.0;53.0;80;600;2;30;1.9;0.8;0;1;0;0;0;0;0;375;415
2017-04;Choux;Maraîchers;Ouest;Littoral;Hauts Plateaux;0.866;-0.5;4700;2950000;110.0;23.5;37.0;120;600;2;62;1.9;0.8;0;1;0;0;0;0;0;505;560
2017-04;Pastèque;Maraîchers;Extrême-Nord;Centre;Soudano-sahélienne;0.866;-0.5;2700;2860000;10.0;35.0;24.5;110;600;2;175;1.9;0.8;0;0;0;1;1;0;0;245;270
2017-04;Arachide;Oléagineux et Légumineuses;Nord;Centre;Soudano-sahélienne;0.866;-0.5;54000;2860000;10.0;35.5;12.5;190;600;2;140;1.9;0.8;0;0;0;1;1;0;0;630;670
2017-04;Soja;Oléagineux et Légumineuses;Adamaoua;Centre;Savane guinéenne;0.866;-0.5;8900;2860000;45.0;25.0;12.0;175;600;2;110;1.9;0.8;0;0;0;0;0;0;0;605;645
2017-04;Niébé;Oléagineux et Légumineuses;Extrême-Nord;Extrême-Nord;Soudano-sahélienne;0.866;-0.5;37000;4200000;10.0;35.0;14.0;195;600;2;52;1.9;0.8;0;0;0;1;1;0;0;620;660
2017-04;Haricot sec;Oléagineux et Légumineuses;Ouest;Littoral;Hauts Plateaux;0.866;-0.5;34000;2950000;110.0;23.5;11.0;125;600;2;62;1.9;0.8;0;1;0;0;0;0;0;560;610
2017-04;Huile de palme;Oléagineux et Légumineuses;Littoral;Centre;Forêt monomodale;0.866;-0.5;57000;2860000;160.0;27.5;7.5;250;600;2;58;1.9;0.8;0;1;0;0;0;0;0;820;880
2017-04;Ananas;Fruits;Littoral;Centre;Forêt monomodale;0.866;-0.5;8900;2860000;160.0;27.5;20.5;125;600;2;62;1.9;0.8;0;1;0;0;0;0;0;375;415
2017-04;Papaye;Fruits;Centre;Centre;Forêt bimodale;0.866;-0.5;3700;2860000;130.0;26.0;41.0;95;600;2;30;1.9;0.8;0;1;0;0;0;0;0;355;395
2017-04;Mangue;Fruits;Nord;Centre;Soudano-sahélienne;0.866;-0.5;6900;2860000;10.0;35.5;44.0;75;600;2;165;1.9;0.8;0;0;0;1;1;0;0;90;80
2017-04;Avocat;Fruits;Ouest;Littoral;Hauts Plateaux;0.866;-0.5;13000;2950000;110.0;23.5;31.0;85;600;2;62;1.9;0.8;0;1;0;0;0;0;0;315;350
2017-04;Safou;Fruits;Littoral;Centre;Forêt monomodale;0.866;-0.5;4700;2860000;160.0;27.5;46.0;95;600;2;62;1.9;0.8;0;1;0;0;0;0;0;510;565
2017-04;Citron;Fruits;Centre;Centre;Forêt bimodale;0.866;-0.5;2700;2860000;130.0;26.0;25.0;90;600;2;30;1.9;0.8;0;1;0;0;0;0;0;375;410
2017-04;Orange;Fruits;Centre;Centre;Forêt bimodale;0.866;-0.5;4700;2860000;130.0;26.0;25.0;100;600;2;30;1.9;0.8;0;1;0;0;0;0;0;340;375
2017-04;Banane douce;Fruits;Sud-Ouest;Littoral;Forêt monomodale;0.866;-0.5;19000;2950000;160.0;27.5;40.0;125;600;1;135;1.9;0.8;0;1;0;1;0;0;0;650;730
2017-04;Cacao;Cultures de Rente et Stimulants;Centre;Littoral;Forêt bimodale;0.866;-0.5;220000;2950000;130.0;26.0;7.5;420;600;2;45;1.9;0.8;0;1;0;0;0;0;0;1680;1715
2017-04;Café;Cultures de Rente et Stimulants;Ouest;Littoral;Hauts Plateaux;0.866;-0.5;97000;2950000;110.0;23.5;6.5;370;600;2;62;1.9;0.8;0;1;0;0;0;0;0;1940;1990
2017-05;Maïs;Céréales;Ouest;Centre;Hauts Plateaux;0.5;-0.866;58800;2860000;160.0;23.0;13.5;100;600;1;75;1.9;0.9;0;1;0;0;0;0;0;205;230
2017-05;Riz;Céréales;Extrême-Nord;Centre;Soudano-sahélienne;0.5;-0.866;26500;2860000;35.0;34.0;6.5;140;600;1;110;1.9;0.9;0;1;0;1;1;0;0;435;460
2017-05;Mil-Sorgho;Céréales;Nord;Extrême-Nord;Soudano-sahélienne;0.5;-0.866;57000;4200000;35.0;34.0;14.0;85;600;1;55;1.9;0.9;0;1;0;1;1;0;0;220;235
2017-05;Blé;Céréales;Littoral(Import);Centre;Forêt monomodale;0.5;-0.866;0;2860000;190.0;26.0;3.5;0;600;1;55;1.9;0.9;1;1;0;0;0;0;0;430;465
2017-05;Manioc;"Tubercules, Racines et Plantains";Centre;Centre;Forêt bimodale;0.5;-0.866;120000;2860000;190.0;25.0;38.5;65;600;1;42;1.9;0.9;0;1;0;0;0;0;0;195;220
2017-05;Plantain;"Tubercules, Racines et Plantains";Sud-Ouest;Littoral;Forêt monomodale;0.5;-0.866;37000;2950000;230.0;26.5;35.0;95;600;1;180;1.9;0.9;0;1;0;1;0;0;0;910;1050
2017-05;Macabo-Taro;"Tubercules, Racines et Plantains";Littoral;Littoral;Forêt monomodale;0.5;-0.866;19000;2950000;230.0;26.5;35.0;80;600;1;50;1.9;0.9;0;1;0;0;0;0;0;335;375
2017-05;Igname;"Tubercules, Racines et Plantains";Adamaoua;Centre;Savane guinéenne;0.5;-0.866;22000;2860000;90.0;24.0;31.5;125;600;1;110;1.9;0.9;0;1;0;0;0;0;0;480;530
2017-05;Pomme de terre;"Tubercules, Racines et Plantains";Ouest;Littoral;Hauts Plateaux;0.5;-0.866;16000;2950000;160.0;23.0;29.0;130;600;1;85;1.9;0.9;0;1;0;0;0;0;0;585;650
2017-05;Patate douce;"Tubercules, Racines et Plantains";Ouest;Centre;Hauts Plateaux;0.5;-0.866;8400;2860000;160.0;23.0;30.0;80;600;1;75;1.9;0.9;0;1;0;0;0;0;0;285;320
2017-05;Tomate;Maraîchers;Ouest;Centre;Hauts Plateaux;0.5;-0.866;13000;2860000;160.0;23.0;35.0;160;600;1;85;1.9;0.9;0;1;0;0;0;0;0;980;1180
2017-05;Oignon;Maraîchers;Extrême-Nord;Centre;Soudano-sahélienne;0.5;-0.866;23000;2860000;35.0;34.0;31.5;135;600;1;205;1.9;0.9;0;1;0;1;1;0;0;740;800
2017-05;Gombo;Maraîchers;Centre;Centre;Forêt bimodale;0.5;-0.866;4400;2860000;190.0;25.0;51.0;115;600;1;42;1.9;0.9;0;1;0;0;0;0;0;580;640
2017-05;Piment;Maraîchers;Extrême-Nord;Littoral;Soudano-sahélienne;0.5;-0.866;3700;2950000;35.0;34.0;38.0;190;600;1;215;1.9;0.9;0;1;0;1;1;0;0;1040;1120
2017-05;Poivron;Maraîchers;Extrême-Nord;Centre;Soudano-sahélienne;0.5;-0.866;3000;2860000;35.0;34.0;43.0;180;600;1;200;1.9;0.9;0;1;0;1;1;0;0;1120;1200
2017-05;Ail;Maraîchers;Extrême-Nord;Centre;Soudano-sahélienne;0.5;-0.866;1300;2860000;35.0;34.0;23.5;215;600;1;185;1.9;0.9;0;1;0;1;1;0;0;2580;2700
2017-05;Basilic;Maraîchers;Centre;Centre;Forêt bimodale;0.5;-0.866;900;2860000;190.0;25.0;63.0;95;600;1;42;1.9;0.9;0;1;0;0;0;0;0;600;660
2017-05;Légumes feuilles;Maraîchers;Centre;Centre;Forêt bimodale;0.5;-0.866;6900;2860000;190.0;25.0;56.0;80;600;1;42;1.9;0.9;0;1;0;0;0;0;0;415;465
2017-05;Choux;Maraîchers;Ouest;Littoral;Hauts Plateaux;0.5;-0.866;4700;2950000;160.0;23.0;40.0;120;600;1;75;1.9;0.9;0;1;0;0;0;0;0;560;625
2017-05;Pastèque;Maraîchers;Extrême-Nord;Centre;Soudano-sahélienne;0.5;-0.866;2700;2860000;35.0;34.0;27.5;110;600;1;195;1.9;0.9;0;1;0;1;1;0;0;270;305
2017-05;Arachide;Oléagineux et Légumineuses;Nord;Centre;Soudano-sahélienne;0.5;-0.866;54000;2860000;35.0;32.5;14.5;190;600;1;155;1.9;0.9;0;1;0;1;1;0;0;670;715
2017-05;Soja;Oléagineux et Légumineuses;Adamaoua;Centre;Savane guinéenne;0.5;-0.866;8900;2860000;90.0;24.0;14.0;175;600;1;120;1.9;0.9;0;1;0;0;0;0;0;645;690
2017-05;Niébé;Oléagineux et Légumineuses;Extrême-Nord;Extrême-Nord;Soudano-sahélienne;0.5;-0.866;37000;4200000;35.0;34.0;16.0;195;600;1;65;1.9;0.9;0;1;0;1;1;0;0;660;705
2017-05;Haricot sec;Oléagineux et Légumineuses;Ouest;Littoral;Hauts Plateaux;0.5;-0.866;34000;2950000;160.0;23.0;13.5;125;600;1;75;1.9;0.9;0;1;0;0;0;0;0;610;670
2017-05;Huile de palme;Oléagineux et Légumineuses;Littoral;Centre;Forêt monomodale;0.5;-0.866;57000;2860000;230.0;26.5;9.5;250;600;1;70;1.9;0.9;0;1;0;0;0;0;0;880;955
2017-05;Ananas;Fruits;Littoral;Centre;Forêt monomodale;0.5;-0.866;8900;2860000;230.0;26.5;23.5;125;600;1;75;1.9;0.9;0;1;0;0;0;0;0;415;465
2017-05;Papaye;Fruits;Centre;Centre;Forêt bimodale;0.5;-0.866;3700;2860000;190.0;25.0;44.0;95;600;1;42;1.9;0.9;0;1;0;0;0;0;0;395;440
2017-05;Mangue;Fruits;Nord;Centre;Soudano-sahélienne;0.5;-0.866;6900;2860000;35.0;32.5;47.0;75;600;1;185;1.9;0.9;0;1;0;1;1;0;0;80;60
2017-05;Avocat;Fruits;Ouest;Littoral;Hauts Plateaux;0.5;-0.866;13000;2950000;160.0;23.0;34.0;85;600;1;75;1.9;0.9;0;1;0;0;0;0;0;350;395
2017-05;Safou;Fruits;Littoral;Centre;Forêt monomodale;0.5;-0.866;4700;2860000;230.0;26.5;49.0;95;600;1;75;1.9;0.9;0;1;0;0;0;0;0;565;630
2017-05;Citron;Fruits;Centre;Centre;Forêt bimodale;0.5;-0.866;2700;2860000;190.0;25.0;28.0;90;600;1;42;1.9;0.9;0;1;0;0;0;0;0;410;455
2017-05;Orange;Fruits;Centre;Centre;Forêt bimodale;0.5;-0.866;4700;2860000;190.0;25.0;28.0;100;600;1;42;1.9;0.9;0;1;0;0;0;0;0;375;415
2017-05;Banane douce;Fruits;Sud-Ouest;Littoral;Forêt monomodale;0.5;-0.866;19000;2950000;230.0;26.5;40.0;125;600;1;160;1.9;0.9;0;1;0;1;0;0;0;730;820
2017-05;Cacao;Cultures de Rente et Stimulants;Centre;Littoral;Forêt bimodale;0.5;-0.866;220000;2950000;190.0;25.0;8.5;420;600;1;55;1.9;0.9;0;1;0;0;0;0;0;1715;1765
2017-05;Café;Cultures de Rente et Stimulants;Ouest;Littoral;Hauts Plateaux;0.5;-0.866;97000;2950000;160.0;23.0;7.5;370;600;1;75;1.9;0.9;0;1;0;0;0;0;0;1990;2060
2017-06;Maïs;Céréales;Ouest;Centre;Hauts Plateaux;0.0;-1.0;58800;2860000;210.0;22.0;15.5;100;600;1;80;1.9;0.9;0;1;0;0;0;0;0;230;250
2017-06;Riz;Céréales;Extrême-Nord;Centre;Soudano-sahélienne;0.0;-1.0;26500;2860000;65.0;32.0;7.5;140;600;1;120;1.9;0.9;0;1;0;1;1;0;0;460;485
2017-06;Mil-Sorgho;Céréales;Nord;Extrême-Nord;Soudano-sahélienne;0.0;-1.0;57000;4200000;65.0;32.0;15.0;85;600;1;65;1.9;0.9;0;1;0;1;1;0;0;235;250
2017-06;Blé;Céréales;Littoral(Import);Centre;Forêt monomodale;0.0;-1.0;0;2860000;260.0;25.0;4.5;0;600;1;65;1.9;0.9;1;1;0;0;0;0;0;465;495
2017-06;Manioc;"Tubercules, Racines et Plantains";Centre;Centre;Forêt bimodale;0.0;-1.0;120000;2860000;260.0;24.0;41.5;65;600;1;52;1.9;0.9;0;1;0;0;0;0;0;220;245
2017-06;Plantain;"Tubercules, Racines et Plantains";Sud-Ouest;Littoral;Forêt monomodale;0.0;-1.0;37000;2950000;310.0;25.5;38.0;95;600;1;200;1.9;0.9;0;1;0;1;0;0;0;1050;1220
2017-06;Macabo-Taro;"Tubercules, Racines et Plantains";Littoral;Littoral;Forêt monomodale;0.0;-1.0;19000;2950000;310.0;25.5;38.0;80;600;1;62;1.9;0.9;0;1;0;0;0;0;0;375;420
2017-06;Igname;"Tubercules, Racines et Plantains";Adamaoua;Centre;Savane guinéenne;0.0;-1.0;22000;2860000;130.0;23.0;34.5;125;600;1;125;1.9;0.9;0;1;0;0;0;0;0;530;585
2017-06;Pomme de terre;"Tubercules, Racines et Plantains";Ouest;Littoral;Hauts Plateaux;0.0;-1.0;16000;2950000;210.0;22.0;32.0;130;600;1;95;1.9;0.9;0;1;0;0;0;0;0;650;720
2017-06;Patate douce;"Tubercules, Racines et Plantains";Ouest;Centre;Hauts Plateaux;0.0;-1.0;8400;2860000;210.0;22.0;33.0;80;600;1;85;1.9;0.9;0;1;0;0;0;0;0;320;360
2017-06;Tomate;Maraîchers;Ouest;Centre;Hauts Plateaux;0.0;-1.0;13000;2860000;210.0;22.0;38.0;160;600;1;95;1.9;0.9;0;1;0;0;0;0;0;1180;1420
2017-06;Oignon;Maraîchers;Extrême-Nord;Centre;Soudano-sahélienne;0.0;-1.0;23000;2860000;65.0;32.0;34.5;135;600;1;220;1.9;0.9;0;1;0;1;1;0;0;800;875
2017-06;Gombo;Maraîchers;Centre;Centre;Forêt bimodale;0.0;-1.0;4400;2860000;260.0;24.0;54.0;115;600;1;52;1.9;0.9;0;1;0;0;0;0;0;640;710
2017-06;Piment;Maraîchers;Extrême-Nord;Littoral;Soudano-sahélienne;0.0;-1.0;3700;2950000;65.0;32.0;41.0;190;600;1;230;1.9;0.9;0;1;0;1;1;0;0;1120;1210
2017-06;Poivron;Maraîchers;Extrême-Nord;Centre;Soudano-sahélienne;0.0;-1.0;3000;2860000;65.0;32.0;46.0;180;600;1;215;1.9;0.9;0;1;0;1;1;0;0;1200;1300
2017-06;Ail;Maraîchers;Extrême-Nord;Centre;Soudano-sahélienne;0.0;-1.0;1300;2860000;65.0;32.0;26.5;215;600;1;200;1.9;0.9;0;1;0;1;1;0;0;2700;2850
2017-06;Basilic;Maraîchers;Centre;Centre;Forêt bimodale;0.0;-1.0;900;2860000;260.0;24.0;66.0;95;600;1;52;1.9;0.9;0;1;0;0;0;0;0;660;730
2017-06;Légumes feuilles;Maraîchers;Centre;Centre;Forêt bimodale;0.0;-1.0;6900;2860000;260.0;24.0;59.0;80;600;1;52;1.9;0.9;0;1;0;0;0;0;0;465;520
2017-06;Choux;Maraîchers;Ouest;Littoral;Hauts Plateaux;0.0;-1.0;4700;2950000;210.0;22.0;43.0;120;600;1;85;1.9;0.9;0;1;0;0;0;0;0;625;700
2017-06;Pastèque;Maraîchers;Extrême-Nord;Centre;Soudano-sahélienne;0.0;-1.0;2700;2860000;65.0;32.0;30.5;110;600;1;210;1.9;0.9;0;1;0;1;1;0;0;305;340
2017-06;Arachide;Oléagineux et Légumineuses;Nord;Centre;Soudano-sahélienne;0.0;-1.0;54000;2860000;65.0;31.5;17.5;190;600;1;170;1.9;0.9;0;1;0;1;1;0;0;715;770
2017-06;Soja;Oléagineux et Légumineuses;Adamaoua;Centre;Savane guinéenne;0.0;-1.0;8900;2860000;130.0;23.0;17.0;175;600;1;135;1.9;0.9;0;1;0;0;0;0;0;690;745
2017-06;Niébé;Oléagineux et Légumineuses;Extrême-Nord;Extrême-Nord;Soudano-sahélienne;0.0;-1.0;37000;4200000;65.0;32.0;19.0;195;600;1;75;1.9;0.9;0;1;0;1;1;0;0;705;755
2017-06;Haricot sec;Oléagineux et Légumineuses;Ouest;Littoral;Hauts Plateaux;0.0;-1.0;34000;2950000;210.0;22.0;16.5;125;600;1;85;1.9;0.9;0;1;0;0;0;0;0;670;735
2017-06;Huile de palme;Oléagineux et Légumineuses;Littoral;Centre;Forêt monomodale;0.0;-1.0;57000;2860000;310.0;25.5;11.5;250;600;1;80;1.9;0.9;0;1;0;0;0;0;0;955;1030
2017-06;Ananas;Fruits;Littoral;Centre;Forêt monomodale;0.0;-1.0;8900;2860000;310.0;25.5;26.5;125;600;1;85;1.9;0.9;0;1;0;0;0;0;0;465;515
2017-06;Papaye;Fruits;Centre;Centre;Forêt bimodale;0.0;-1.0;3700;2860000;260.0;24.0;47.0;95;600;1;52;1.9;0.9;0;1;0;0;0;0;0;440;490
2017-06;Mangue;Fruits;Nord;Centre;Soudano-sahélienne;0.0;-1.0;6900;2860000;65.0;31.5;50.0;75;600;1;200;1.9;0.9;0;1;0;1;1;0;0;60;50
2017-06;Avocat;Fruits;Ouest;Littoral;Hauts Plateaux;0.0;-1.0;13000;2950000;210.0;22.0;37.0;85;600;1;85;1.9;0.9;0;1;0;0;0;0;0;395;440
2017-06;Safou;Fruits;Littoral;Centre;Forêt monomodale;0.0;-1.0;4700;2860000;310.0;25.5;52.0;95;600;1;85;1.9;0.9;0;1;0;0;0;0;0;630;695
2017-06;Citron;Fruits;Centre;Centre;Forêt bimodale;0.0;-1.0;2700;2860000;260.0;24.0;31.0;90;600;1;52;1.9;0.9;0;1;0;0;0;0;0;455;505
2017-06;Orange;Fruits;Centre;Centre;Forêt bimodale;0.0;-1.0;4700;2860000;260.0;24.0;31.0;100;600;1;52;1.9;0.9;0;1;0;0;0;0;0;415;460
2017-06;Banane douce;Fruits;Sud-Ouest;Littoral;Forêt monomodale;0.0;-1.0;19000;2950000;310.0;25.5;40.5;125;600;1;180;1.9;0.9;0;1;0;1;0;0;0;820;950
2017-06;Cacao;Cultures de Rente et Stimulants;Centre;Littoral;Forêt bimodale;0.0;-1.0;220000;2950000;260.0;24.0;9.5;420;600;1;65;1.9;0.9;0;1;0;0;0;0;0;1765;1805
2017-06;Café;Cultures de Rente et Stimulants;Ouest;Littoral;Hauts Plateaux;0.0;-1.0;97000;2950000;210.0;22.0;8.5;370;600;1;85;1.9;0.9;0;1;0;0;0;0;0;2060;2120
2017-07;Maïs;Céréales;Ouest;Centre;Hauts Plateaux;-0.5;-0.866;58800;2860000;260.0;21.5;16.5;105;600;1;85;1.9;0.9;0;1;0;0;0;0;0;250;270
2017-07;Riz;Céréales;Extrême-Nord;Centre;Soudano-sahélienne;-0.5;-0.866;26500;2860000;110.0;30.0;8.5;145;600;1;125;1.9;0.9;0;1;0;1;1;0;0;485;510
2017-07;Mil-Sorgho;Céréales;Nord;Extrême-Nord;Soudano-sahélienne;-0.5;-0.866;57000;4200000;110.0;30.0;16.0;90;600;1;70;1.9;0.9;0;1;0;1;1;0;0;250;265
2017-07;Blé;Céréales;Littoral(Import);Centre;Forêt monomodale;-0.5;-0.866;0;2860000;310.0;24.5;5.0;0;600;1;75;1.9;0.9;1;1;0;0;0;0;0;495;520
2017-07;Manioc;"Tubercules, Racines et Plantains";Centre;Centre;Forêt bimodale;-0.5;-0.866;120000;2860000;310.0;23.5;43.5;70;600;1;60;1.9;0.9;0;1;0;0;0;0;0;245;275
2017-07;Plantain;"Tubercules, Racines et Plantains";Sud-Ouest;Littoral;Forêt monomodale;-0.5;-0.866;37000;2950000;380.0;25.0;38.5;100;600;1;220;1.9;0.9;0;1;0;1;0;0;0;1220;1350
2017-07;Macabo-Taro;"Tubercules, Racines et Plantains";Littoral;Littoral;Forêt monomodale;-0.5;-0.866;19000;2950000;380.0;25.0;41.0;85;600;1;70;1.9;0.9;0;1;0;0;0;0;0;420;460
2017-07;Igname;"Tubercules, Racines et Plantains";Adamaoua;Centre;Savane guinéenne;-0.5;-0.866;22000;2860000;180.0;22.5;36.5;130;600;1;135;1.9;0.9;0;1;0;0;0;0;0;585;630
2017-07;Pomme de terre;"Tubercules, Racines et Plantains";Ouest;Littoral;Hauts Plateaux;-0.5;-0.866;16000;2950000;260.0;21.5;35.0;135;600;1;105;1.9;0.9;0;1;0;0;0;0;0;720;790
2017-07;Patate douce;"Tubercules, Racines et Plantains";Ouest;Centre;Hauts Plateaux;-0.5;-0.866;8400;2860000;260.0;21.5;35.0;85;600;1;95;1.9;0.9;0;1;0;0;0;0;0;360;400
2017-07;Tomate;Maraîchers;Ouest;Centre;Hauts Plateaux;-0.5;-0.866;13000;2860000;260.0;21.5;42.0;165;600;1;105;1.9;0.9;0;1;0;0;0;0;0;1420;1600
2017-07;Oignon;Maraîchers;Extrême-Nord;Centre;Soudano-sahélienne;-0.5;-0.866;23000;2860000;110.0;30.0;36.5;140;600;1;230;1.9;0.9;0;1;0;1;1;0;0;875;950
2017-07;Gombo;Maraîchers;Centre;Centre;Forêt bimodale;-0.5;-0.866;4400;2860000;310.0;23.5;57.0;120;600;1;60;1.9;0.9;0;1;0;0;0;0;0;710;780
2017-07;Piment;Maraîchers;Extrême-Nord;Littoral;Soudano-sahélienne;-0.5;-0.866;3700;2950000;110.0;30.0;44.0;195;600;1;240;1.9;0.9;0;1;0;1;1;0;0;1210;1300
2017-07;Poivron;Maraîchers;Extrême-Nord;Centre;Soudano-sahélienne;-0.5;-0.866;3000;2860000;110.0;30.0;49.0;185;600;1;225;1.9;0.9;0;1;0;1;1;0;0;1300;1400
2017-07;Ail;Maraîchers;Extrême-Nord;Centre;Soudano-sahélienne;-0.5;-0.866;1300;2860000;110.0;30.0;28.5;220;600;1;210;1.9;0.9;0;1;0;1;1;0;0;2850;3000
2017-07;Basilic;Maraîchers;Centre;Centre;Forêt bimodale;-0.5;-0.866;900;2860000;310.0;23.5;69.0;100;600;1;60;1.9;0.9;0;1;0;0;0;0;0;730;800
2017-07;Légumes feuilles;Maraîchers;Centre;Centre;Forêt bimodale;-0.5;-0.866;6900;2860000;310.0;23.5;62.0;85;600;1;60;1.9;0.9;0;1;0;0;0;0;0;520;580
2017-07;Choux;Maraîchers;Ouest;Littoral;Hauts Plateaux;-0.5;-0.866;4700;2950000;260.0;21.5;46.0;125;600;1;95;1.9;0.9;0;1;0;0;0;0;0;700;770
2017-07;Pastèque;Maraîchers;Extrême-Nord;Centre;Soudano-sahélienne;-0.5;-0.866;2700;2860000;110.0;30.0;33.5;115;600;1;220;1.9;0.9;0;1;0;1;1;0;0;340;380
2017-07;Arachide;Oléagineux et Légumineuses;Nord;Centre;Soudano-sahélienne;-0.5;-0.866;54000;2860000;110.0;29.5;19.5;195;600;1;180;1.9;0.9;0;1;0;1;1;0;0;770;830
2017-07;Soja;Oléagineux et Légumineuses;Adamaoua;Centre;Savane guinéenne;-0.5;-0.866;8900;2860000;180.0;22.5;19.0;180;600;1;145;1.9;0.9;0;1;0;0;0;0;0;745;800
2017-07;Niébé;Oléagineux et Légumineuses;Extrême-Nord;Extrême-Nord;Soudano-sahélienne;-0.5;-0.866;37000;4200000;110.0;30.0;21.0;200;600;1;85;1.9;0.9;0;1;0;1;1;0;0;755;810
2017-07;Haricot sec;Oléagineux et Légumineuses;Ouest;Littoral;Hauts Plateaux;-0.5;-0.866;34000;2950000;260.0;21.5;18.5;130;600;1;95;1.9;0.9;0;1;0;0;0;0;0;735;800
2017-07;Huile de palme;Oléagineux et Légumineuses;Littoral;Centre;Forêt monomodale;-0.5;-0.866;57000;2860000;380.0;25.0;13.5;255;600;1;90;1.9;0.9;0;1;0;0;0;0;0;1030;1110
2017-07;Ananas;Fruits;Littoral;Centre;Forêt monomodale;-0.5;-0.866;8900;2860000;380.0;25.0;29.5;130;600;1;95;1.9;0.9;0;1;0;0;0;0;0;515;570
2017-07;Papaye;Fruits;Centre;Centre;Forêt bimodale;-0.5;-0.866;3700;2860000;310.0;23.5;50.0;100;600;1;60;1.9;0.9;0;1;0;0;0;0;0;490;540
2017-07;Mangue;Fruits;Nord;Centre;Soudano-sahélienne;-0.5;-0.866;6900;2860000;110.0;29.5;53.0;80;600;1;210;1.9;0.9;0;1;0;1;1;0;0;50;40
2017-07;Avocat;Fruits;Ouest;Littoral;Hauts Plateaux;-0.5;-0.866;13000;2950000;260.0;21.5;40.0;90;600;1;95;1.9;0.9;0;1;0;0;0;0;0;440;490
2017-07;Safou;Fruits;Littoral;Centre;Forêt monomodale;-0.5;-0.866;4700;2860000;380.0;25.0;55.0;100;600;1;95;1.9;0.9;0;1;0;0;0;0;0;695;760
2017-07;Citron;Fruits;Centre;Centre;Forêt bimodale;-0.5;-0.866;2700;2860000;310.0;23.5;34.0;95;600;1;60;1.9;0.9;0;1;0;0;0;0;0;505;560
2017-07;Orange;Fruits;Centre;Centre;Forêt bimodale;-0.5;-0.866;4700;2860000;310.0;23.5;34.0;105;600;1;60;1.9;0.9;0;1;0;0;0;0;0;460;510
2017-07;Banane douce;Fruits;Sud-Ouest;Littoral;Forêt monomodale;-0.5;-0.866;19000;2950000;380.0;25.0;43.5;130;600;1;190;1.9;0.9;0;1;0;1;0;0;0;950;1080
2017-07;Cacao;Cultures de Rente et Stimulants;Centre;Littoral;Forêt bimodale;-0.5;-0.866;220000;2950000;310.0;23.5;10.5;425;600;1;75;1.9;0.9;0;1;0;0;0;0;0;1805;1840
2017-07;Café;Cultures de Rente et Stimulants;Ouest;Littoral;Hauts Plateaux;-0.5;-0.866;97000;2950000;260.0;21.5;9.5;375;600;1;95;1.9;0.9;0;1;0;0;0;0;0;2120;2160
2017-08;Maïs;Céréales;Ouest;Centre;Hauts Plateaux;-0.866;-0.5;58800;2860000;300.0;21.0;17.5;110;600;1;95;1.9;0.9;0;1;0;0;0;0;0;270;295
2017-08;Riz;Céréales;Extrême-Nord;Centre;Soudano-sahélienne;-0.866;-0.5;26500;2860000;160.0;29.0;9.5;150;600;1;135;1.9;0.9;0;1;0;1;1;0;0;510;535
2017-08;Mil-Sorgho;Céréales;Nord;Extrême-Nord;Soudano-sahélienne;-0.866;-0.5;57000;4200000;160.0;29.0;17.0;95;600;1;80;1.9;0.9;0;1;0;1;1;0;0;265;285
2017-08;Blé;Céréales;Littoral(Import);Centre;Forêt monomodale;-0.866;-0.5;0;2860000;400.0;24.0;5.5;0;600;1;85;1.9;0.9;1;1;0;0;0;0;0;520;550
2017-08;Manioc;"Tubercules, Racines et Plantains";Centre;Centre;Forêt bimodale;-0.866;-0.5;120000;2860000;380.0;23.0;45.5;75;600;1;70;1.9;0.9;0;1;0;0;0;0;0;275;310
2017-08;Plantain;"Tubercules, Racines et Plantains";Sud-Ouest;Littoral;Forêt monomodale;-0.866;-0.5;37000;2950000;450.0;24.5;40.5;105;600;1;230;1.9;0.9;0;1;0;1;0;0;0;1350;1500
2017-08;Macabo-Taro;"Tubercules, Racines et Plantains";Littoral;Littoral;Forêt monomodale;-0.866;-0.5;19000;2950000;450.0;24.5;43.0;90;600;1;80;1.9;0.9;0;1;0;0;0;0;0;460;510
2017-08;Igname;"Tubercules, Racines et Plantains";Adamaoua;Centre;Savane guinéenne;-0.866;-0.5;22000;2860000;250.0;22.0;38.5;135;600;1;145;1.9;0.9;0;1;0;0;0;0;0;630;680
2017-08;Pomme de terre;"Tubercules, Racines et Plantains";Ouest;Littoral;Hauts Plateaux;-0.866;-0.5;16000;2950000;320.0;21.0;37.0;140;600;1;115;1.9;0.9;0;1;0;0;0;0;0;790;860
2017-08;Patate douce;"Tubercules, Racines et Plantains";Ouest;Centre;Hauts Plateaux;-0.866;-0.5;8400;2860000;320.0;21.0;37.0;90;600;1;105;1.9;0.9;0;1;0;0;0;0;0;400;450
2017-08;Tomate;Maraîchers;Ouest;Centre;Hauts Plateaux;-0.866;-0.5;13000;2860000;320.0;21.0;45.0;170;600;1;115;1.9;0.9;0;1;0;0;0;0;0;1600;1850
2017-08;Oignon;Maraîchers;Extrême-Nord;Centre;Soudano-sahélienne;-0.866;-0.5;23000;2860000;160.0;29.0;38.5;145;600;1;240;1.9;0.9;0;1;0;1;1;0;0;950;1050
2017-08;Gombo;Maraîchers;Centre;Centre;Forêt bimodale;-0.866;-0.5;4400;2860000;380.0;23.0;59.0;125;600;1;70;1.9;0.9;0;1;0;0;0;0;0;780;860
2017-08;Piment;Maraîchers;Extrême-Nord;Littoral;Soudano-sahélienne;-0.866;-0.5;3700;2950000;160.0;29.0;46.0;200;600;1;250;1.9;0.9;0;1;0;1;1;0;0;1300;1420
2017-08;Poivron;Maraîchers;Extrême-Nord;Centre;Soudano-sahélienne;-0.866;-0.5;3000;2860000;160.0;29.0;51.0;190;600;1;235;1.9;0.9;0;1;0;1;1;0;0;1400;1530
2017-08;Ail;Maraîchers;Extrême-Nord;Centre;Soudano-sahélienne;-0.866;-0.5;1300;2860000;160.0;29.0;30.5;225;600;1;220;1.9;0.9;0;1;0;1;1;0;0;3000;3200
2017-08;Basilic;Maraîchers;Centre;Centre;Forêt bimodale;-0.866;-0.5;900;2860000;380.0;23.0;71.0;105;600;1;70;1.9;0.9;0;1;0;0;0;0;0;800;890
2017-08;Légumes feuilles;Maraîchers;Centre;Centre;Forêt bimodale;-0.866;-0.5;6900;2860000;380.0;23.0;64.0;90;600;1;70;1.9;0.9;0;1;0;0;0;0;0;580;650
2017-08;Choux;Maraîchers;Ouest;Littoral;Hauts Plateaux;-0.866;-0.5;4700;2950000;320.0;21.0;48.0;130;600;1;105;1.9;0.9;0;1;0;0;0;0;0;770;850
2017-08;Pastèque;Maraîchers;Extrême-Nord;Centre;Soudano-sahélienne;-0.866;-0.5;2700;2860000;160.0;29.0;35.5;120;600;1;230;1.9;0.9;0;1;0;1;1;0;0;380;425
2017-08;Arachide;Oléagineux et Légumineuses;Nord;Centre;Soudano-sahélienne;-0.866;-0.5;54000;2860000;160.0;28.5;21.5;200;600;1;190;1.9;0.9;0;1;0;1;1;0;0;830;890
2017-08;Soja;Oléagineux et Légumineuses;Adamaoua;Centre;Savane guinéenne;-0.866;-0.5;8900;2860000;250.0;22.0;21.0;185;600;1;155;1.9;0.9;0;1;0;0;0;0;0;800;860
2017-08;Niébé;Oléagineux et Légumineuses;Extrême-Nord;Extrême-Nord;Soudano-sahélienne;-0.866;-0.5;37000;4200000;160.0;29.0;23.0;205;600;1;95;1.9;0.9;0;1;0;1;1;0;0;810;870
2017-08;Haricot sec;Oléagineux et Légumineuses;Ouest;Littoral;Hauts Plateaux;-0.866;-0.5;34000;2950000;320.0;21.0;20.5;135;600;1;105;1.9;0.9;0;1;0;0;0;0;0;800;875
2017-08;Huile de palme;Oléagineux et Légumineuses;Littoral;Centre;Forêt monomodale;-0.866;-0.5;57000;2860000;450.0;24.5;15.5;260;600;1;100;1.9;0.9;0;1;0;0;0;0;0;1110;1200
2017-08;Ananas;Fruits;Littoral;Centre;Forêt monomodale;-0.866;-0.5;8900;2860000;450.0;24.5;31.5;135;600;1;105;1.9;0.9;0;1;0;0;0;0;0;570;630
2017-08;Papaye;Fruits;Centre;Centre;Forêt bimodale;-0.866;-0.5;3700;2860000;380.0;23.0;52.0;105;600;1;70;1.9;0.9;0;1;0;0;0;0;0;540;600
2017-08;Mangue;Fruits;Nord;Centre;Soudano-sahélienne;-0.866;-0.5;6900;2860000;160.0;28.5;55.0;85;600;1;220;1.9;0.9;0;1;0;1;1;0;0;40;35
2017-08;Avocat;Fruits;Ouest;Littoral;Hauts Plateaux;-0.866;-0.5;13000;2950000;320.0;21.0;42.0;95;600;1;105;1.9;0.9;0;1;0;0;0;0;0;490;550
2017-08;Safou;Fruits;Littoral;Centre;Forêt monomodale;-0.866;-0.5;4700;2860000;450.0;24.5;57.0;105;600;1;105;1.9;0.9;0;1;0;0;0;0;0;760;840
2017-08;Citron;Fruits;Centre;Centre;Forêt bimodale;-0.866;-0.5;2700;2860000;380.0;23.0;36.0;100;600;1;70;1.9;0.9;0;1;0;0;0;0;0;560;620
2017-08;Orange;Fruits;Centre;Centre;Forêt bimodale;-0.866;-0.5;4700;2860000;380.0;23.0;36.0;110;600;1;70;1.9;0.9;0;1;0;0;0;0;0;510;570
2017-08;Banane douce;Fruits;Sud-Ouest;Littoral;Forêt monomodale;-0.866;-0.5;19000;2950000;450.0;24.5;45.5;135;600;1;200;1.9;0.9;0;1;0;1;0;0;0;1080;1250
2017-08;Cacao;Cultures de Rente et Stimulants;Centre;Littoral;Forêt bimodale;-0.866;-0.5;220000;2950000;380.0;23.0;11.5;435;600;1;85;1.9;0.9;0;1;0;0;0;0;0;1840;1890
2017-08;Café;Cultures de Rente et Stimulants;Ouest;Littoral;Hauts Plateaux;-0.866;-0.5;97000;2950000;320.0;21.0;10.5;385;600;1;105;1.9;0.9;0;1;0;0;0;0;0;2160;2220
2017-09;Maïs;Céréales;Ouest;Centre;Hauts Plateaux;-1.0;0.0;58800;2860000;250.0;22.0;13.5;100;600;2;75;1.9;0.6;0;0;0;0;0;0;0;295;250
2017-09;Riz;Céréales;Extrême-Nord;Centre;Soudano-sahélienne;-1.0;0.0;26500;2860000;110.0;30.0;7.5;145;600;2;125;1.9;0.6;0;0;0;1;1;0;0;535;500
2017-09;Mil-Sorgho;Céréales;Nord;Extrême-Nord;Soudano-sahélienne;-1.0;0.0;57000;4200000;80.0;31.0;14.0;85;600;2;60;1.9;0.6;0;0;0;1;1;0;0;285;260
2017-09;Blé;Céréales;Littoral(Import);Centre;Forêt monomodale;-1.0;0.0;0;2860000;350.0;25.0;5.0;0;600;2;55;1.9;0.6;1;0;0;0;0;0;0;550;510
2017-09;Manioc;"Tubercules, Racines et Plantains";Centre;Centre;Forêt bimodale;-1.0;0.0;120000;2860000;150.0;24.0;38.0;65;600;2;45;1.9;0.6;0;0;0;0;0;0;0;310;270
2017-09;Plantain;"Tubercules, Racines et Plantains";Sud-Ouest;Littoral;Forêt monomodale;-1.0;0.0;37000;2950000;350.0;25.5;35.5;95;600;2;180;1.9;0.6;0;0;0;1;0;0;0;1500;1380
2017-09;Macabo-Taro;"Tubercules, Racines et Plantains";Littoral;Littoral;Forêt monomodale;-1.0;0.0;19000;2950000;350.0;25.5;38.0;75;600;2;55;1.9;0.6;0;0;0;0;0;0;0;510;450
2017-09;Igname;"Tubercules, Racines et Plantains";Adamaoua;Centre;Savane guinéenne;-1.0;0.0;22000;2860000;150.0;22.0;32.0;115;600;2;105;1.9;0.6;0;0;0;0;0;0;0;680;600
2017-09;Pomme de terre;"Tubercules, Racines et Plantains";Ouest;Littoral;Hauts Plateaux;-1.0;0.0;16000;2950000;200.0;21.0;30.0;120;600;2;90;1.9;0.6;0;0;0;0;0;0;0;860;740
2017-09;Patate douce;"Tubercules, Racines et Plantains";Ouest;Centre;Hauts Plateaux;-1.0;0.0;8400;2860000;200.0;21.0;32.0;75;600;2;85;1.9;0.6;0;0;0;0;0;0;0;450;390
2017-09;Tomate;Maraîchers;Ouest;Centre;Hauts Plateaux;-1.0;0.0;13000;2860000;200.0;21.0;40.0;145;600;2;90;1.9;0.6;0;0;0;0;0;0;0;1850;1400
2017-09;Oignon;Maraîchers;Extrême-Nord;Centre;Soudano-sahélienne;-1.0;0.0;23000;2860000;100.0;31.0;30.0;125;600;2;175;1.9;0.6;0;0;0;1;1;0;0;1050;920
2017-09;Gombo;Maraîchers;Centre;Centre;Forêt bimodale;-1.0;0.0;4400;2860000;150.0;24.0;50.0;105;600;2;48;1.9;0.6;0;0;0;0;0;0;0;860;750
2017-09;Piment;Maraîchers;Extrême-Nord;Littoral;Soudano-sahélienne;-1.0;0.0;3700;2950000;100.0;31.0;38.0;175;600;2;180;1.9;0.6;0;0;0;1;1;0;0;1420;1250
2017-09;Poivron;Maraîchers;Extrême-Nord;Centre;Soudano-sahélienne;-1.0;0.0;3000;2860000;100.0;31.0;42.0;165;600;2;170;1.9;0.6;0;0;0;1;1;0;0;1530;1350
2017-09;Ail;Maraîchers;Extrême-Nord;Centre;Soudano-sahélienne;-1.0;0.0;1300;2860000;100.0;31.0;25.0;200;600;2;165;1.9;0.6;0;0;0;1;1;0;0;3200;2900
2017-09;Basilic;Maraîchers;Centre;Centre;Forêt bimodale;-1.0;0.0;900;2860000;150.0;24.0;60.0;85;600;2;48;1.9;0.6;0;0;0;0;0;0;0;890;770
2017-09;Légumes feuilles;Maraîchers;Centre;Centre;Forêt bimodale;-1.0;0.0;6900;2860000;150.0;24.0;55.0;75;600;2;48;1.9;0.6;0;0;0;0;0;0;0;650;560
2017-09;Choux;Maraîchers;Ouest;Littoral;Hauts Plateaux;-1.0;0.0;4700;2950000;200.0;21.0;40.0;110;600;2;85;1.9;0.6;0;0;0;0;0;0;0;850;730
2017-09;Pastèque;Maraîchers;Extrême-Nord;Centre;Soudano-sahélienne;-1.0;0.0;2700;2860000;100.0;31.0;26.0;100;600;2;170;1.9;0.6;0;0;0;1;1;0;0;425;360
2017-09;Arachide;Oléagineux et Légumineuses;Nord;Centre;Soudano-sahélienne;-1.0;0.0;54000;2860000;80.0;30.0;16.0;175;600;2;130;1.9;0.6;0;0;0;1;1;0;0;890;800
2017-09;Soja;Oléagineux et Légumineuses;Adamaoua;Centre;Savane guinéenne;-1.0;0.0;8900;2860000;150.0;22.0;16.0;165;600;2;120;1.9;0.6;0;0;0;0;0;0;0;860;760
2017-09;Niébé;Oléagineux et Légumineuses;Extrême-Nord;Extrême-Nord;Soudano-sahélienne;-1.0;0.0;37000;4200000;100.0;31.0;14.0;185;600;2;55;1.9;0.6;0;0;0;1;1;0;0;870;780
2017-09;Haricot sec;Oléagineux et Légumineuses;Ouest;Littoral;Hauts Plateaux;-1.0;0.0;34000;2950000;200.0;21.0;14.0;115;600;2;85;1.9;0.6;0;0;0;0;0;0;0;875;760
2017-09;Huile de palme;Oléagineux et Légumineuses;Littoral;Centre;Forêt monomodale;-1.0;0.0;57000;2860000;350.0;25.5;9.0;240;600;2;75;1.9;0.6;0;0;0;0;0;0;0;1200;1050
2017-09;Ananas;Fruits;Littoral;Centre;Forêt monomodale;-1.0;0.0;8900;2860000;350.0;25.5;28.0;115;600;2;85;1.9;0.6;0;0;0;0;0;0;0;630;540
2017-09;Papaye;Fruits;Centre;Centre;Forêt bimodale;-1.0;0.0;3700;2860000;150.0;24.0;45.0;85;600;2;48;1.9;0.6;0;0;0;0;0;0;0;600;510
2017-09;Mangue;Fruits;Nord;Centre;Soudano-sahélienne;-1.0;0.0;6900;2860000;80.0;30.0;48.0;65;600;2;160;1.9;0.6;0;0;0;1;1;0;0;35;45
2017-09;Avocat;Fruits;Ouest;Littoral;Hauts Plateaux;-1.0;0.0;13000;2950000;200.0;21.0;35.0;75;600;2;85;1.9;0.6;0;0;0;0;0;0;0;550;460
2017-09;Safou;Fruits;Littoral;Centre;Forêt monomodale;-1.0;0.0;4700;2860000;350.0;25.5;48.0;85;600;2;85;1.9;0.6;0;0;0;0;0;0;0;840;720
2017-09;Citron;Fruits;Centre;Centre;Forêt bimodale;-1.0;0.0;2700;2860000;150.0;24.0;30.0;80;600;2;48;1.9;0.6;0;0;0;0;0;0;0;620;540
2017-09;Orange;Fruits;Centre;Centre;Forêt bimodale;-1.0;0.0;4700;2860000;150.0;24.0;30.0;90;600;2;48;1.9;0.6;0;0;0;0;0;0;0;570;480
2017-09;Banane douce;Fruits;Sud-Ouest;Littoral;Forêt monomodale;-1.0;0.0;19000;2950000;350.0;25.5;40.0;110;600;2;160;1.9;0.6;0;0;0;1;0;0;0;1250;1100
2017-09;Cacao;Cultures de Rente et Stimulants;Centre;Littoral;Forêt bimodale;-1.0;0.0;220000;2950000;280.0;24.0;9.0;390;600;2;65;1.9;0.6;0;0;0;0;0;0;0;1890;1820
2017-09;Café;Cultures de Rente et Stimulants;Ouest;Littoral;Hauts Plateaux;-1.0;0.0;97000;2950000;200.0;21.0;8.0;340;600;2;85;1.9;0.6;0;0;0;0;0;0;0;2220;2120
2017-10;Maïs;Céréales;Ouest;Centre;Hauts Plateaux;-0.866;0.5;58800;2860000;150.0;23.0;10.0;95;600;3;55;1.9;0.4;0;0;0;0;0;0;0;250;210
2017-10;Riz;Céréales;Extrême-Nord;Centre;Soudano-sahélienne;-0.866;0.5;26500;2860000;40.0;31.5;5.5;135;600;3;105;1.9;0.4;0;0;0;1;1;0;0;500;460
2017-10;Mil-Sorgho;Céréales;Nord;Extrême-Nord;Soudano-sahélienne;-0.866;0.5;57000;4200000;40.0;32.0;13.0;80;600;3;50;1.9;0.4;0;0;0;1;1;0;0;260;235
2017-10;Blé;Céréales;Littoral(Import);Centre;Forêt monomodale;-0.866;0.5;0;2860000;250.0;26.0;3.0;0;600;3;45;1.9;0.4;1;0;0;0;0;0;0;510;460
2017-10;Manioc;"Tubercules, Racines et Plantains";Centre;Centre;Forêt bimodale;-0.866;0.5;120000;2860000;100.0;25.0;34.0;65;600;3;35;1.9;0.4;0;0;0;0;0;0;0;270;230
2017-10;Plantain;"Tubercules, Racines et Plantains";Sud-Ouest;Littoral;Forêt monomodale;-0.866;0.5;37000;2950000;250.0;26.5;30.0;90;600;3;160;1.9;0.4;0;1;0;1;0;0;0;1380;1550
2017-10;Macabo-Taro;"Tubercules, Racines et Plantains";Littoral;Littoral;Forêt monomodale;-0.866;0.5;19000;2950000;250.0;26.5;33.0;70;600;3;45;1.9;0.4;0;0;0;0;0;0;0;450;390
2017-10;Igname;"Tubercules, Racines et Plantains";Adamaoua;Centre;Savane guinéenne;-0.866;0.5;22000;2860000;50.0;23.0;28.0;110;600;3;90;1.9;0.4;0;0;0;0;0;0;0;600;530
2017-10;Pomme de terre;"Tubercules, Racines et Plantains";Ouest;Littoral;Hauts Plateaux;-0.866;0.5;16000;2950000;100.0;23.0;25.0;115;600;3;75;1.9;0.4;0;0;0;0;0;0;0;740;640
2017-10;Patate douce;"Tubercules, Racines et Plantains";Ouest;Centre;Hauts Plateaux;-0.866;0.5;8400;2860000;100.0;23.0;26.0;70;600;3;70;1.9;0.4;0;0;0;0;0;0;0;390;330
2017-10;Tomate;Maraîchers;Ouest;Centre;Hauts Plateaux;-0.866;0.5;13000;2860000;100.0;23.0;30.0;140;600;3;75;1.9;0.4;0;0;0;0;0;0;0;1400;1050
2017-10;Oignon;Maraîchers;Extrême-Nord;Centre;Soudano-sahélienne;-0.866;0.5;23000;2860000;30.0;33.0;28.0;120;600;3;160;1.9;0.4;0;0;0;1;1;0;0;920;810
2017-10;Gombo;Maraîchers;Centre;Centre;Forêt bimodale;-0.866;0.5;4400;2860000;100.0;25.0;45.0;100;600;3;35;1.9;0.4;0;0;0;0;0;0;0;750;640
2017-10;Piment;Maraîchers;Extrême-Nord;Littoral;Soudano-sahélienne;-0.866;0.5;3700;2950000;30.0;33.0;34.0;170;600;3;165;1.9;0.4;0;0;0;1;1;0;0;1250;1080
2017-10;Poivron;Maraîchers;Extrême-Nord;Centre;Soudano-sahélienne;-0.866;0.5;3000;2860000;30.0;33.0;38.0;160;600;3;155;1.9;0.4;0;0;0;1;1;0;0;1350;1180
2017-10;Ail;Maraîchers;Extrême-Nord;Centre;Soudano-sahélienne;-0.866;0.5;1300;2860000;30.0;33.0;22.0;195;600;3;150;1.9;0.4;0;0;0;1;1;0;0;2900;2650
2017-10;Basilic;Maraîchers;Centre;Centre;Forêt bimodale;-0.866;0.5;900;2860000;100.0;25.0;55.0;80;600;3;35;1.9;0.4;0;0;0;0;0;0;0;770;660
2017-10;Légumes feuilles;Maraîchers;Centre;Centre;Forêt bimodale;-0.866;0.5;6900;2860000;100.0;25.0;50.0;70;600;3;35;1.9;0.4;0;0;0;0;0;0;0;560;470
2017-10;Choux;Maraîchers;Ouest;Littoral;Hauts Plateaux;-0.866;0.5;4700;2950000;100.0;23.0;34.0;105;600;3;70;1.9;0.4;0;0;0;0;0;0;0;730;620
2017-10;Pastèque;Maraîchers;Extrême-Nord;Centre;Soudano-sahélienne;-0.866;0.5;2700;2860000;30.0;33.0;24.0;95;600;3;155;1.9;0.4;0;0;0;1;1;0;0;360;310
2017-10;Arachide;Oléagineux et Légumineuses;Nord;Centre;Soudano-sahélienne;-0.866;0.5;54000;2860000;20.0;32.0;12.0;170;600;3;115;1.9;0.4;0;0;0;1;1;0;0;800;720
2017-10;Soja;Oléagineux et Légumineuses;Adamaoua;Centre;Savane guinéenne;-0.866;0.5;8900;2860000;50.0;23.0;12.0;160;600;3;105;1.9;0.4;0;0;0;0;0;0;0;760;680
2017-10;Niébé;Oléagineux et Légumineuses;Extrême-Nord;Extrême-Nord;Soudano-sahélienne;-0.866;0.5;37000;4200000;30.0;33.0;12.0;180;600;3;45;1.9;0.4;0;0;0;1;1;0;0;780;690
2017-10;Haricot sec;Oléagineux et Légumineuses;Ouest;Littoral;Hauts Plateaux;-0.866;0.5;34000;2950000;100.0;23.0;11.0;110;600;3;70;1.9;0.4;0;0;0;0;0;0;0;760;660
2017-10;Huile de palme;Oléagineux et Légumineuses;Littoral;Centre;Forêt monomodale;-0.866;0.5;57000;2860000;250.0;26.5;7.0;230;600;3;60;1.9;0.4;0;0;0;0;0;0;0;1050;920
2017-10;Ananas;Fruits;Littoral;Centre;Forêt monomodale;-0.866;0.5;8900;2860000;250.0;26.5;22.0;110;600;3;70;1.9;0.4;0;0;0;0;0;0;0;540;460
2017-10;Papaye;Fruits;Centre;Centre;Forêt bimodale;-0.866;0.5;3700;2860000;100.0;25.0;38.0;80;600;3;35;1.9;0.4;0;0;0;0;0;0;0;510;430
2017-10;Mangue;Fruits;Nord;Centre;Soudano-sahélienne;-0.866;0.5;6900;2860000;20.0;32.0;42.0;60;600;3;145;1.9;0.4;0;0;0;1;1;0;0;45;55
2017-10;Avocat;Fruits;Ouest;Littoral;Hauts Plateaux;-0.866;0.5;13000;2950000;100.0;23.0;28.0;70;600;3;70;1.9;0.4;0;0;0;0;0;0;0;460;390
2017-10;Safou;Fruits;Littoral;Centre;Forêt monomodale;-0.866;0.5;4700;2860000;250.0;26.5;42.0;80;600;3;70;1.9;0.4;0;0;0;0;0;0;0;720;610
2017-10;Citron;Fruits;Centre;Centre;Forêt bimodale;-0.866;0.5;2700;2860000;100.0;25.0;24.0;75;600;3;35;1.9;0.4;0;0;0;0;0;0;0;540;460
2017-10;Orange;Fruits;Centre;Centre;Forêt bimodale;-0.866;0.5;4700;2860000;100.0;25.0;24.0;85;600;3;35;1.9;0.4;0;0;0;0;0;0;0;480;410
2017-10;Banane douce;Fruits;Sud-Ouest;Littoral;Forêt monomodale;-0.866;0.5;19000;2950000;250.0;26.5;33.0;105;600;3;145;1.9;0.4;0;1;0;1;0;0;0;1100;1220
2017-10;Cacao;Cultures de Rente et Stimulants;Centre;Littoral;Forêt bimodale;-0.866;0.5;220000;2950000;100.0;25.0;7.0;380;600;3;55;1.9;0.4;0;0;0;0;0;0;0;1820;1720
2017-10;Café;Cultures de Rente et Stimulants;Ouest;Littoral;Hauts Plateaux;-0.866;0.5;97000;2950000;100.0;23.0;7.0;330;600;3;70;1.9;0.4;0;0;0;0;0;0;0;2120;2010
2017-11;Maïs;Céréales;Ouest;Centre;Hauts Plateaux;-0.5;0.866;58800;2860000;50.0;24.0;8.0;85;600;4;40;1.9;0.2;0;0;0;0;0;0;0;210;180
2017-11;Riz;Céréales;Extrême-Nord;Centre;Soudano-sahélienne;-0.5;0.866;26500;2860000;0.0;31.0;5.0;125;600;4;85;1.9;0.2;0;0;0;1;1;0;0;460;430
2017-11;Mil-Sorgho;Céréales;Nord;Extrême-Nord;Soudano-sahélienne;-0.5;0.866;57000;4200000;0.0;32.0;12.0;75;600;4;35;1.9;0.2;0;0;0;1;1;0;0;235;215
2017-11;Blé;Céréales;Littoral(Import);Centre;Forêt monomodale;-0.5;0.866;0;2860000;100.0;27.0;2.0;0;600;4;30;1.9;0.2;1;0;0;0;0;0;0;460;425
2017-11;Manioc;"Tubercules, Racines et Plantains";Centre;Centre;Forêt bimodale;-0.5;0.866;120000;2860000;50.0;26.0;30.0;55;600;4;22;1.9;0.2;0;0;0;0;0;0;0;230;195
2017-11;Plantain;"Tubercules, Racines et Plantains";Sud-Ouest;Littoral;Forêt monomodale;-0.5;0.866;37000;2950000;100.0;28.0;25.0;75;600;4;135;1.9;0.2;0;1;0;1;0;0;0;1550;1680
2017-11;Macabo-Taro;"Tubercules, Racines et Plantains";Littoral;Littoral;Forêt monomodale;-0.5;0.866;19000;2950000;100.0;28.0;28.0;65;600;4;30;1.9;0.2;0;0;0;0;0;0;0;390;335
2017-11;Igname;"Tubercules, Racines et Plantains";Adamaoua;Centre;Savane guinéenne;-0.5;0.866;22000;2860000;10.0;24.0;25.0;105;600;4;80;1.9;0.2;0;0;0;0;0;0;0;530;465
2017-11;Pomme de terre;"Tubercules, Racines et Plantains";Ouest;Littoral;Hauts Plateaux;-0.5;0.866;16000;2950000;50.0;24.0;22.0;110;600;4;55;1.9;0.2;0;0;0;0;0;0;0;640;545
2017-11;Patate douce;"Tubercules, Racines et Plantains";Ouest;Centre;Hauts Plateaux;-0.5;0.866;8400;2860000;50.0;24.0;23.0;65;600;4;50;1.9;0.2;0;0;0;0;0;0;0;330;285
2017-11;Tomate;Maraîchers;Ouest;Centre;Hauts Plateaux;-0.5;0.866;13000;2860000;50.0;24.0;22.0;135;600;4;55;1.9;0.2;0;0;0;0;0;0;0;1050;820
2017-11;Oignon;Maraîchers;Extrême-Nord;Centre;Soudano-sahélienne;-0.5;0.866;23000;2860000;0.0;31.0;25.0;115;600;4;145;1.9;0.2;0;0;0;1;1;0;0;810;710
2017-11;Gombo;Maraîchers;Centre;Centre;Forêt bimodale;-0.5;0.866;4400;2860000;50.0;26.0;42.0;95;600;4;22;1.9;0.2;0;0;0;0;0;0;0;640;550
2017-11;Piment;Maraîchers;Extrême-Nord;Littoral;Soudano-sahélienne;-0.5;0.866;3700;2950000;0.0;31.0;30.0;165;600;4;155;1.9;0.2;0;0;0;1;1;0;0;1080;970
2017-11;Poivron;Maraîchers;Extrême-Nord;Centre;Soudano-sahélienne;-0.5;0.866;3000;2860000;0.0;31.0;35.0;155;600;4;145;1.9;0.2;0;0;0;1;1;0;0;1180;1060
2017-11;Ail;Maraîchers;Extrême-Nord;Centre;Soudano-sahélienne;-0.5;0.866;1300;2860000;0.0;31.0;18.0;190;600;4;135;1.9;0.2;0;0;0;1;1;0;0;2650;2480
2017-11;Basilic;Maraîchers;Centre;Centre;Forêt bimodale;-0.5;0.866;900;2860000;50.0;26.0;52.0;75;600;4;22;1.9;0.2;0;0;0;0;0;0;0;660;570
2017-11;Légumes feuilles;Maraîchers;Centre;Centre;Forêt bimodale;-0.5;0.866;6900;2860000;50.0;26.0;45.0;65;600;4;22;1.9;0.2;0;0;0;0;0;0;0;470;400
2017-11;Choux;Maraîchers;Ouest;Littoral;Hauts Plateaux;-0.5;0.866;4700;2950000;50.0;24.0;30.0;100;600;4;50;1.9;0.2;0;0;0;0;0;0;0;620;530
2017-11;Pastèque;Maraîchers;Extrême-Nord;Centre;Soudano-sahélienne;-0.5;0.866;2700;2860000;0.0;31.0;20.0;90;600;4;145;1.9;0.2;0;0;0;1;1;0;0;310;270
2017-11;Arachide;Oléagineux et Légumineuses;Nord;Centre;Soudano-sahélienne;-0.5;0.866;54000;2860000;0.0;30.0;10.0;165;600;4;105;1.9;0.2;0;0;0;1;1;0;0;720;650
2017-11;Soja;Oléagineux et Légumineuses;Adamaoua;Centre;Savane guinéenne;-0.5;0.866;8900;2860000;10.0;24.0;10.0;155;600;4;90;1.9;0.2;0;0;0;0;0;0;0;680;610
2017-11;Niébé;Oléagineux et Légumineuses;Extrême-Nord;Extrême-Nord;Soudano-sahélienne;-0.5;0.866;37000;4200000;0.0;31.0;12.0;175;600;4;35;1.9;0.2;0;0;0;1;1;0;0;690;625
2017-11;Haricot sec;Oléagineux et Légumineuses;Ouest;Littoral;Hauts Plateaux;-0.5;0.866;34000;2950000;50.0;24.0;8.0;105;600;4;50;1.9;0.2;0;0;0;0;0;0;0;660;570
2017-11;Huile de palme;Oléagineux et Légumineuses;Littoral;Centre;Forêt monomodale;-0.5;0.866;57000;2860000;100.0;28.0;5.0;220;600;4;40;1.9;0.2;0;0;0;0;0;0;0;920;815
2017-11;Ananas;Fruits;Littoral;Centre;Forêt monomodale;-0.5;0.866;8900;2860000;100.0;28.0;18.0;105;600;4;50;1.9;0.2;0;0;0;0;0;0;0;460;395
2017-11;Papaye;Fruits;Centre;Centre;Forêt bimodale;-0.5;0.866;3700;2860000;50.0;26.0;35.0;75;600;4;22;1.9;0.2;0;0;0;0;0;0;0;430;370
2017-11;Mangue;Fruits;Nord;Centre;Soudano-sahélienne;-0.5;0.866;6900;2860000;0.0;30.0;40.0;55;600;4;135;1.9;0.2;0;0;0;1;1;0;0;55;65
2017-11;Avocat;Fruits;Ouest;Littoral;Hauts Plateaux;-0.5;0.866;13000;2950000;50.0;24.0;25.0;65;600;4;50;1.9;0.2;0;0;0;0;0;0;0;390;330
2017-11;Safou;Fruits;Littoral;Centre;Forêt monomodale;-0.5;0.866;4700;2860000;100.0;28.0;40.0;75;600;4;50;1.9;0.2;0;0;0;0;0;0;0;610;525
2017-11;Citron;Fruits;Centre;Centre;Forêt bimodale;-0.5;0.866;2700;2860000;50.0;26.0;20.0;70;600;4;22;1.9;0.2;0;0;0;0;0;0;0;460;395
2017-11;Orange;Fruits;Centre;Centre;Forêt bimodale;-0.5;0.866;4700;2860000;50.0;26.0;20.0;80;600;4;22;1.9;0.2;0;0;0;0;0;0;0;410;350
2017-11;Banane douce;Fruits;Sud-Ouest;Littoral;Forêt monomodale;-0.5;0.866;19000;2950000;100.0;28.0;30.0;100;600;4;120;1.9;0.2;0;1;0;1;0;0;0;1220;1360
2017-11;Cacao;Cultures de Rente et Stimulants;Centre;Littoral;Forêt bimodale;-0.5;0.866;220000;2950000;50.0;26.0;6.0;370;600;4;35;1.9;0.2;0;0;0;0;0;0;0;1720;1640
2017-11;Café;Cultures de Rente et Stimulants;Ouest;Littoral;Hauts Plateaux;-0.5;0.866;97000;2950000;50.0;24.0;5.0;320;600;4;50;1.9;0.2;0;0;0;0;0;0;0;2010;1920
2017-12;Maïs;Céréales;Ouest;Centre;Hauts Plateaux;0.0;1.0;58800;2860000;10.5;23.0;8.0;80;600;4;38;1.9;0.2;0;0;1;0;0;0;0;180;190
2017-12;Riz;Céréales;Extrême-Nord;Centre;Soudano-sahélienne;0.0;1.0;26500;2860000;0.0;30.5;5.0;120;600;4;80;1.9;0.2;0;0;1;1;1;0;0;430;455
2017-12;Mil-Sorgho;Céréales;Nord;Extrême-Nord;Soudano-sahélienne;0.0;1.0;57000;4200000;0.0;32.0;12.0;70;600;4;32;1.9;0.2;0;0;1;1;1;0;0;215;235
2017-12;Blé;Céréales;Littoral(Import);Centre;Forêt monomodale;0.0;1.0;0;2860000;50.0;27.0;2.0;0;600;4;28;1.9;0.2;1;0;1;0;0;0;0;425;450
2017-12;Manioc;"Tubercules, Racines et Plantains";Centre;Centre;Forêt bimodale;0.0;1.0;120000;2860000;20.0;25.0;30.0;52;600;4;20;1.9;0.2;0;0;1;0;0;0;0;195;220
2017-12;Plantain;"Tubercules, Racines et Plantains";Sud-Ouest;Littoral;Forêt monomodale;0.0;1.0;37000;2950000;50.0;27.0;25.0;70;600;4;145;1.9;0.2;0;1;1;1;0;0;0;1680;1850
2017-12;Macabo-Taro;"Tubercules, Racines et Plantains";Littoral;Littoral;Forêt monomodale;0.0;1.0;19000;2950000;50.0;27.0;28.0;60;600;4;28;1.9;0.2;0;0;1;0;0;0;0;335;380
2017-12;Igname;"Tubercules, Racines et Plantains";Adamaoua;Centre;Savane guinéenne;0.0;1.0;22000;2860000;0.0;24.0;25.0;100;600;4;75;1.9;0.2;0;0;1;0;0;0;0;465;515
2017-12;Pomme de terre;"Tubercules, Racines et Plantains";Ouest;Littoral;Hauts Plateaux;0.0;1.0;16000;2950000;10.5;23.0;22.0;105;600;4;52;1.9;0.2;0;0;1;0;0;0;0;545;610
2017-12;Patate douce;"Tubercules, Racines et Plantains";Ouest;Centre;Hauts Plateaux;0.0;1.0;8400;2860000;10.5;23.0;23.0;60;600;4;48;1.9;0.2;0;0;1;0;0;0;0;285;320
2017-12;Tomate;Maraîchers;Ouest;Centre;Hauts Plateaux;0.0;1.0;13000;2860000;10.5;23.0;22.0;130;600;4;52;1.9;0.2;0;0;1;0;0;0;0;820;980
2017-12;Oignon;Maraîchers;Extrême-Nord;Centre;Soudano-sahélienne;0.0;1.0;23000;2860000;0.0;30.5;25.0;110;600;4;140;1.9;0.2;0;0;1;1;1;0;0;710;780
2017-12;Gombo;Maraîchers;Centre;Centre;Forêt bimodale;0.0;1.0;4400;2860000;20.0;25.0;42.0;90;600;4;20;1.9;0.2;0;0;1;0;0;0;0;550;620
2017-12;Piment;Maraîchers;Extrême-Nord;Littoral;Soudano-sahélienne;0.0;1.0;3700;2950000;0.0;30.5;30.0;160;600;4;150;1.9;0.2;0;0;1;1;1;0;0;970;1080
2017-12;Poivron;Maraîchers;Extrême-Nord;Centre;Soudano-sahélienne;0.0;1.0;3000;2860000;0.0;30.5;35.0;150;600;4;140;1.9;0.2;0;0;1;1;1;0;0;1060;1180
2017-12;Ail;Maraîchers;Extrême-Nord;Centre;Soudano-sahélienne;0.0;1.0;1300;2860000;0.0;30.5;18.0;185;600;4;130;1.9;0.2;0;0;1;1;1;0;0;2480;2650
2017-12;Basilic;Maraîchers;Centre;Centre;Forêt bimodale;0.0;1.0;900;2860000;20.0;25.0;52.0;70;600;4;20;1.9;0.2;0;0;1;0;0;0;0;570;640
2017-12;Légumes feuilles;Maraîchers;Centre;Centre;Forêt bimodale;0.0;1.0;6900;2860000;20.0;25.0;45.0;60;600;4;20;1.9;0.2;0;0;1;0;0;0;0;400;460
2017-12;Choux;Maraîchers;Ouest;Littoral;Hauts Plateaux;0.0;1.0;4700;2950000;10.5;23.0;30.0;95;600;4;48;1.9;0.2;0;0;1;0;0;0;0;530;610
2017-12;Pastèque;Maraîchers;Extrême-Nord;Centre;Soudano-sahélienne;0.0;1.0;2700;2860000;0.0;30.5;20.0;85;600;4;140;1.9;0.2;0;0;1;1;1;0;0;270;305
2017-12;Arachide;Oléagineux et Légumineuses;Nord;Centre;Soudano-sahélienne;0.0;1.0;54000;2860000;0.0;29.0;10.0;160;600;4;100;1.9;0.2;0;0;1;1;1;0;0;650;700
2017-12;Soja;Oléagineux et Légumineuses;Adamaoua;Centre;Savane guinéenne;0.0;1.0;8900;2860000;0.0;24.0;10.0;150;600;4;85;1.9;0.2;0;0;1;0;0;0;0;610;660
2017-12;Niébé;Oléagineux et Légumineuses;Extrême-Nord;Extrême-Nord;Soudano-sahélienne;0.0;1.0;37000;4200000;0.0;30.5;12.0;170;600;4;32;1.9;0.2;0;0;1;1;1;0;0;625;670
2017-12;Haricot sec;Oléagineux et Légumineuses;Ouest;Littoral;Hauts Plateaux;0.0;1.0;34000;2950000;10.5;23.0;8.0;100;600;4;48;1.9;0.2;0;0;1;0;0;0;0;570;640
2017-12;Huile de palme;Oléagineux et Légumineuses;Littoral;Centre;Forêt monomodale;0.0;1.0;57000;2860000;50.0;27.0;5.0;215;600;4;38;1.9;0.2;0;0;1;0;0;0;0;815;890
2017-12;Ananas;Fruits;Littoral;Centre;Forêt monomodale;0.0;1.0;8900;2860000;50.0;27.0;18.0;100;600;4;48;1.9;0.2;0;0;1;0;0;0;0;395;440
2017-12;Papaye;Fruits;Centre;Centre;Forêt bimodale;0.0;1.0;3700;2860000;20.0;25.0;35.0;70;600;4;20;1.9;0.2;0;0;1;0;0;0;0;370;410
2017-12;Mangue;Fruits;Nord;Centre;Soudano-sahélienne;0.0;1.0;6900;2860000;0.0;29.0;40.0;50;600;4;130;1.9;0.2;0;0;1;1;1;0;0;65;80
2017-12;Avocat;Fruits;Ouest;Littoral;Hauts Plateaux;0.0;1.0;13000;2950000;10.5;23.0;25.0;60;600;4;48;1.9;0.2;0;0;1;0;0;0;0;330;380
2017-12;Safou;Fruits;Littoral;Centre;Forêt monomodale;0.0;1.0;4700;2860000;50.0;27.0;40.0;70;600;4;48;1.9;0.2;0;0;1;0;0;0;0;525;580
2017-12;Citron;Fruits;Centre;Centre;Forêt bimodale;0.0;1.0;2700;2860000;20.0;25.0;20.0;65;600;4;20;1.9;0.2;0;0;1;0;0;0;0;395;440
2017-12;Orange;Fruits;Centre;Centre;Forêt bimodale;0.0;1.0;4700;2860000;20.0;25.0;20.0;75;600;4;20;1.9;0.2;0;0;1;0;0;0;0;350;390
2017-12;Banane douce;Fruits;Sud-Ouest;Littoral;Forêt monomodale;0.0;1.0;19000;2950000;50.0;27.0;30.0;95;600;4;130;1.9;0.2;0;1;1;1;0;0;0;1360;1510
2017-12;Cacao;Cultures de Rente et Stimulants;Centre;Littoral;Forêt bimodale;0.0;1.0;220000;2950000;20.0;25.0;6.0;365;600;4;32;1.9;0.2;0;0;1;0;0;0;0;1640;1690
2017-12;Café;Cultures de Rente et Stimulants;Ouest;Littoral;Hauts Plateaux;0.0;1.0;97000;2950000;10.5;23.0;5.0;315;600;4;48;1.9;0.2;0;0;1;0;0;0;0;1920;1960
2018-01;Maïs;Céréales;Ouest;Centre;Hauts Plateaux;0.5;0.866;59500;2960000;10.5;23.0;9.6;90;600;4;45;1.9;0.5;0;0;1;0;0;0;0;190;185
2018-01;Riz;Céréales;Extrême-Nord;Centre;Soudano-sahélienne;0.5;0.866;27000;2960000;0.0;30.5;5.0;130;600;3;90;1.9;0.5;0;0;1;1;1;0;0;455;440
2018-01;Mil-Sorgho;Céréales;Nord;Extrême-Nord;Soudano-sahélienne;0.5;0.866;58000;4300000;0.0;32.0;12.5;75;600;3;40;1.9;0.5;0;0;1;1;1;0;0;235;220
2018-01;Blé;Céréales;Littoral(Import);Centre;Forêt monomodale;0.5;0.866;0;2960000;25.0;27.0;2.0;0;600;4;28;1.9;0.5;1;0;1;0;0;0;0;450;430
2018-01;Manioc;"Tubercules, Racines et Plantains";Centre;Centre;Forêt bimodale;0.5;0.866;122000;2960000;15.0;25.0;30.5;55;600;3;22;1.9;0.5;0;0;1;0;0;0;0;220;200
2018-01;Plantain;"Tubercules, Racines et Plantains";Sud-Ouest;Littoral;Forêt monomodale;0.5;0.866;38000;3050000;35.0;26.5;35.0;90;600;2;135;1.9;0.5;0;1;1;1;0;0;0;1850;1650
2018-01;Macabo-Taro;"Tubercules, Racines et Plantains";Littoral;Littoral;Forêt monomodale;0.5;0.866;19500;3050000;35.0;26.5;28.5;75;600;3;30;1.9;0.5;0;0;1;0;0;0;0;380;340
2018-01;Igname;"Tubercules, Racines et Plantains";Adamaoua;Centre;Savane guinéenne;0.5;0.866;22500;2960000;0.0;24.0;26.0;120;600;3;85;1.9;0.5;0;0;1;0;0;0;0;515;480
2018-01;Pomme de terre;"Tubercules, Racines et Plantains";Ouest;Littoral;Hauts Plateaux;0.5;0.866;16500;3050000;10.5;23.0;21.0;125;600;4;55;1.9;0.5;0;0;1;0;0;0;0;610;560
2018-01;Patate douce;"Tubercules, Racines et Plantains";Ouest;Centre;Hauts Plateaux;0.5;0.866;8600;2960000;10.5;23.0;23.0;75;600;4;48;1.9;0.5;0;0;1;0;0;0;0;320;290
2018-01;Tomate;Maraîchers;Ouest;Centre;Hauts Plateaux;0.5;0.866;13500;2960000;10.5;23.0;25.5;155;600;4;55;1.9;0.5;0;0;1;0;0;0;0;980;850
2018-01;Oignon;Maraîchers;Extrême-Nord;Centre;Soudano-sahélienne;0.5;0.866;23500;2960000;0.0;30.5;26.0;130;600;2;170;1.9;0.5;0;0;1;1;1;0;0;780;740
2018-01;Gombo;Maraîchers;Centre;Centre;Forêt bimodale;0.5;0.866;4600;2960000;15.0;25.0;42.0;110;600;3;22;1.9;0.5;0;0;1;0;0;0;0;620;570
2018-01;Piment;Maraîchers;Extrême-Nord;Littoral;Soudano-sahélienne;0.5;0.866;3800;3050000;0.0;30.5;32.0;185;600;2;180;1.9;0.5;0;0;1;1;1;0;0;1080;1000
2018-01;Poivron;Maraîchers;Extrême-Nord;Centre;Soudano-sahélienne;0.5;0.866;3100;2960000;0.0;30.5;37.0;175;600;2;170;1.9;0.5;0;0;1;1;1;0;0;1180;1100
2018-01;Ail;Maraîchers;Extrême-Nord;Centre;Soudano-sahélienne;0.5;0.866;1350;2960000;0.0;30.5;18.0;210;600;2;155;1.9;0.5;0;0;1;1;1;0;0;2650;2550
2018-01;Basilic;Maraîchers;Centre;Centre;Forêt bimodale;0.5;0.866;950;2960000;15.0;25.0;55.0;90;600;3;22;1.9;0.5;0;0;1;0;0;0;0;640;590
2018-01;Légumes feuilles;Maraîchers;Centre;Centre;Forêt bimodale;0.5;0.866;7100;2960000;15.0;25.0;48.0;75;600;3;22;1.9;0.5;0;0;1;0;0;0;0;460;410
2018-01;Choux;Maraîchers;Ouest;Littoral;Hauts Plateaux;0.5;0.866;4800;3050000;10.5;23.0;32.0;115;600;4;48;1.9;0.5;0;0;1;0;0;0;0;610;560
2018-01;Pastèque;Maraîchers;Extrême-Nord;Centre;Soudano-sahélienne;0.5;0.866;2800;2960000;0.0;30.5;22.0;105;600;2;165;1.9;0.5;0;0;1;1;1;0;0;305;280
2018-01;Arachide;Oléagineux et Légumineuses;Nord;Centre;Soudano-sahélienne;0.5;0.866;55000;2960000;0.0;32.0;11.0;185;600;2;125;1.9;0.5;0;0;1;1;1;0;0;700;670
2018-01;Soja;Oléagineux et Légumineuses;Adamaoua;Centre;Savane guinéenne;0.5;0.866;9100;2960000;0.0;24.0;10.5;170;600;3;95;1.9;0.5;0;0;1;0;0;0;0;660;620
2018-01;Niébé;Oléagineux et Légumineuses;Extrême-Nord;Extrême-Nord;Soudano-sahélienne;0.5;0.866;38000;4300000;0.0;30.5;12.5;190;600;3;40;1.9;0.5;0;0;1;1;1;0;0;670;640
2018-01;Haricot sec;Oléagineux et Légumineuses;Ouest;Littoral;Hauts Plateaux;0.5;0.866;35000;3050000;10.5;23.0;8.5;120;600;4;48;1.9;0.5;0;0;1;0;0;0;0;640;590
2018-01;Huile de palme;Oléagineux et Légumineuses;Littoral;Centre;Forêt monomodale;0.5;0.866;58000;2960000;25.0;27.0;6.0;245;600;4;42;1.9;0.5;0;0;1;0;0;0;0;890;840
2018-01;Ananas;Fruits;Littoral;Centre;Forêt monomodale;0.5;0.866;9100;2960000;25.0;27.0;16.5;120;600;4;48;1.9;0.5;0;0;1;0;0;0;0;440;410
2018-01;Papaye;Fruits;Centre;Centre;Forêt bimodale;0.5;0.866;3800;2960000;15.0;25.0;36.0;90;600;3;22;1.9;0.5;0;0;1;0;0;0;0;410;380
2018-01;Mangue;Fruits;Nord;Centre;Soudano-sahélienne;0.5;0.866;7100;2960000;0.0;32.0;42.0;70;600;2;155;1.9;0.5;0;0;1;1;1;0;0;80;90
2018-01;Avocat;Fruits;Ouest;Littoral;Hauts Plateaux;0.5;0.866;13500;3050000;10.5;23.0;26.0;80;600;4;48;1.9;0.5;0;0;1;0;0;0;0;380;340
2018-01;Safou;Fruits;Littoral;Centre;Forêt monomodale;0.5;0.866;4800;2960000;25.0;27.0;41.0;90;600;3;48;1.9;0.5;0;0;1;0;0;0;0;580;540
2018-01;Citron;Fruits;Centre;Centre;Forêt bimodale;0.5;0.866;2800;2960000;15.0;25.0;21.0;85;600;3;22;1.9;0.5;0;0;1;0;0;0;0;440;400
2018-01;Orange;Fruits;Centre;Centre;Forêt bimodale;0.5;0.866;4800;2960000;15.0;25.0;21.0;95;600;3;22;1.9;0.5;0;0;1;0;0;0;0;390;360
2018-01;Banane douce;Fruits;Sud-Ouest;Littoral;Forêt monomodale;0.5;0.866;19500;3050000;35.0;26.5;40.0;120;600;2;110;1.9;0.5;0;1;1;1;0;0;0;1510;1380
2018-01;Cacao;Cultures de Rente et Stimulants;Centre;Littoral;Forêt bimodale;0.5;0.866;225000;3050000;15.0;25.0;6.0;415;600;4;32;1.9;0.5;0;0;0;0;0;0;0;1690;1660
2018-01;Café;Cultures de Rente et Stimulants;Ouest;Littoral;Hauts Plateaux;0.5;0.866;98000;3050000;10.5;23.0;5.0;365;600;4;48;1.9;0.5;0;0;0;0;0;0;0;1960;1910
2018-02;Maïs;Céréales;Ouest;Centre;Hauts Plateaux;0.866;0.5;59500;2960000;15.5;24.0;9.6;90;600;4;45;1.9;0.5;0;0;0;0;0;0;0;185;180
2018-02;Riz;Céréales;Extrême-Nord;Centre;Soudano-sahélienne;0.866;0.5;27000;2960000;0.0;31.5;5.0;130;600;3;90;1.9;0.5;0;0;0;1;1;0;0;440;430
2018-02;Mil-Sorgho;Céréales;Nord;Extrême-Nord;Soudano-sahélienne;0.866;0.5;58000;4300000;0.0;33.0;12.5;75;600;3;40;1.9;0.5;0;0;0;1;1;0;0;220;215
2018-02;Blé;Céréales;Littoral(Import);Centre;Forêt monomodale;0.866;0.5;0;2960000;30.0;28.0;2.0;0;600;4;28;1.9;0.5;1;0;0;0;0;0;0;430;420
2018-02;Manioc;"Tubercules, Racines et Plantains";Centre;Centre;Forêt bimodale;0.866;0.5;122000;2960000;20.0;26.0;30.5;55;600;3;22;1.9;0.5;0;0;0;0;0;0;0;200;190
2018-02;Plantain;"Tubercules, Racines et Plantains";Sud-Ouest;Littoral;Forêt monomodale;0.866;0.5;38000;3050000;40.0;27.5;35.0;90;600;2;135;1.9;0.5;0;1;0;1;0;0;0;1650;1580
2018-02;Macabo-Taro;"Tubercules, Racines et Plantains";Littoral;Littoral;Forêt monomodale;0.866;0.5;19500;3050000;40.0;27.5;28.5;75;600;3;30;1.9;0.5;0;0;0;0;0;0;0;340;330
2018-02;Igname;"Tubercules, Racines et Plantains";Adamaoua;Centre;Savane guinéenne;0.866;0.5;22500;2960000;0.0;25.0;26.0;120;600;3;85;1.9;0.5;0;0;0;0;0;0;0;480;460
2018-02;Pomme de terre;"Tubercules, Racines et Plantains";Ouest;Littoral;Hauts Plateaux;0.866;0.5;16500;3050000;15.5;24.0;21.0;125;600;4;55;1.9;0.5;0;0;0;0;0;0;0;560;540
2018-02;Patate douce;"Tubercules, Racines et Plantains";Ouest;Centre;Hauts Plateaux;0.866;0.5;8600;2960000;15.5;24.0;23.0;75;600;4;48;1.9;0.5;0;0;0;0;0;0;0;290;280
2018-02;Tomate;Maraîchers;Ouest;Centre;Hauts Plateaux;0.866;0.5;13500;2960000;15.5;24.0;25.5;155;600;4;55;1.9;0.5;0;0;0;0;0;0;0;850;820
2018-02;Oignon;Maraîchers;Extrême-Nord;Centre;Soudano-sahélienne;0.866;0.5;23500;2960000;0.0;31.5;26.0;130;600;2;170;1.9;0.5;0;0;0;1;1;0;0;740;720
2018-02;Gombo;Maraîchers;Centre;Centre;Forêt bimodale;0.866;0.5;4600;2960000;20.0;26.0;42.0;110;600;3;22;1.9;0.5;0;0;0;0;0;0;0;570;550
2018-02;Piment;Maraîchers;Extrême-Nord;Littoral;Soudano-sahélienne;0.866;0.5;3800;3050000;0.0;31.5;32.0;185;600;2;180;1.9;0.5;0;0;0;1;1;0;0;1000;970
2018-02;Poivron;Maraîchers;Extrême-Nord;Centre;Soudano-sahélienne;0.866;0.5;3100;2960000;0.0;31.5;37.0;175;600;2;170;1.9;0.5;0;0;0;1;1;0;0;1100;1060
2018-02;Ail;Maraîchers;Extrême-Nord;Centre;Soudano-sahélienne;0.866;0.5;1350;2960000;0.0;31.5;18.0;210;600;2;155;1.9;0.5;0;0;0;1;1;0;0;2550;2480
2018-02;Basilic;Maraîchers;Centre;Centre;Forêt bimodale;0.866;0.5;950;2960000;20.0;26.0;55.0;90;600;3;22;1.9;0.5;0;0;0;0;0;0;0;590;570
2018-02;Légumes feuilles;Maraîchers;Centre;Centre;Forêt bimodale;0.866;0.5;7100;2960000;20.0;26.0;48.0;75;600;3;22;1.9;0.5;0;0;0;0;0;0;0;410;390
2018-02;Choux;Maraîchers;Ouest;Littoral;Hauts Plateaux;0.866;0.5;4800;3050000;15.5;24.0;32.0;115;600;4;48;1.9;0.5;0;0;0;0;0;0;0;560;530
2018-02;Pastèque;Maraîchers;Extrême-Nord;Centre;Soudano-sahélienne;0.866;0.5;2800;2960000;0.0;31.5;22.0;105;600;2;165;1.9;0.5;0;0;0;1;1;0;0;280;260
2018-02;Arachide;Oléagineux et Légumineuses;Nord;Centre;Soudano-sahélienne;0.866;0.5;55000;2960000;0.0;33.0;11.0;185;600;2;125;1.9;0.5;0;0;0;1;1;0;0;670;650
2018-02;Soja;Oléagineux et Légumineuses;Adamaoua;Centre;Savane guinéenne;0.866;0.5;9100;2960000;0.0;25.0;10.5;170;600;3;95;1.9;0.5;0;0;0;0;0;0;0;620;600
2018-02;Niébé;Oléagineux et Légumineuses;Extrême-Nord;Extrême-Nord;Soudano-sahélienne;0.866;0.5;38000;4300000;0.0;31.5;12.5;190;600;3;40;1.9;0.5;0;0;0;1;1;0;0;640;620
2018-02;Haricot sec;Oléagineux et Légumineuses;Ouest;Littoral;Hauts Plateaux;0.866;0.5;35000;3050000;15.5;24.0;8.5;120;600;4;48;1.9;0.5;0;0;0;0;0;0;0;590;560
2018-02;Huile de palme;Oléagineux et Légumineuses;Littoral;Centre;Forêt monomodale;0.866;0.5;58000;2960000;30.0;28.0;6.0;245;600;4;42;1.9;0.5;0;0;0;0;0;0;0;840;810
2018-02;Ananas;Fruits;Littoral;Centre;Forêt monomodale;0.866;0.5;9100;2960000;30.0;28.0;16.5;120;600;4;48;1.9;0.5;0;0;0;0;0;0;0;410;390
2018-02;Papaye;Fruits;Centre;Centre;Forêt bimodale;0.866;0.5;3800;2960000;20.0;26.0;36.0;90;600;3;22;1.9;0.5;0;0;0;0;0;0;0;380;360
2018-02;Mangue;Fruits;Nord;Centre;Soudano-sahélienne;0.866;0.5;7100;2960000;0.0;33.0;42.0;70;600;2;155;1.9;0.5;0;0;0;1;1;0;0;90;100
2018-02;Avocat;Fruits;Ouest;Littoral;Hauts Plateaux;0.866;0.5;13500;3050000;15.5;24.0;26.0;80;600;4;48;1.9;0.5;0;0;0;0;0;0;0;340;320
2018-02;Safou;Fruits;Littoral;Centre;Forêt monomodale;0.866;0.5;4800;2960000;30.0;28.0;41.0;90;600;3;48;1.9;0.5;0;0;0;0;0;0;0;540;510
2018-02;Citron;Fruits;Centre;Centre;Forêt bimodale;0.866;0.5;2800;2960000;20.0;26.0;21.0;85;600;3;22;1.9;0.5;0;0;0;0;0;0;0;400;380
2018-02;Orange;Fruits;Centre;Centre;Forêt bimodale;0.866;0.5;4800;2960000;20.0;26.0;21.0;95;600;3;22;1.9;0.5;0;0;0;0;0;0;0;360;340
2018-02;Banane douce;Fruits;Sud-Ouest;Littoral;Forêt monomodale;0.866;0.5;19500;3050000;40.0;27.5;40.0;120;600;2;110;1.9;0.5;0;1;0;1;0;0;0;1380;1290
2018-02;Cacao;Cultures de Rente et Stimulants;Centre;Littoral;Forêt bimodale;0.866;0.5;225000;3050000;20.0;26.0;6.0;415;600;4;32;1.9;0.5;0;0;0;0;0;0;0;1660;1640
2018-02;Café;Cultures de Rente et Stimulants;Ouest;Littoral;Hauts Plateaux;0.866;0.5;98000;3050000;15.5;24.0;5.0;365;600;4;48;1.9;0.5;0;0;0;0;0;0;0;1910;1890
2018-03;Maïs;Céréales;Ouest;Centre;Hauts Plateaux;1.0;0.0;59500;2960000;55.0;24.0;10.5;90;600;3;50;1.9;0.6;0;0;0;0;0;0;0;180;195
2018-03;Riz;Céréales;Extrême-Nord;Centre;Soudano-sahélienne;1.0;0.0;27000;2960000;0.0;33.5;5.0;130;600;3;95;1.9;0.6;0;0;0;1;1;0;0;430;445
2018-03;Mil-Sorgho;Céréales;Nord;Extrême-Nord;Soudano-sahélienne;1.0;0.0;58000;4300000;0.0;35.0;12.5;75;600;3;45;1.9;0.6;0;0;0;1;1;0;0;215;225
2018-03;Blé;Céréales;Littoral(Import);Centre;Forêt monomodale;1.0;0.0;0;2960000;55.0;28.0;2.0;0;600;3;35;1.9;0.6;1;0;0;0;0;0;0;420;435
2018-03;Manioc;"Tubercules, Racines et Plantains";Centre;Centre;Forêt bimodale;1.0;0.0;122000;2960000;45.0;27.0;32.5;55;600;3;28;1.9;0.6;0;0;0;0;0;0;0;190;205
2018-03;Plantain;"Tubercules, Racines et Plantains";Sud-Ouest;Littoral;Forêt monomodale;1.0;0.0;38000;3050000;65.0;28.5;35.0;90;600;2;145;1.9;0.6;0;1;0;1;0;0;0;1580;1520
2018-03;Macabo-Taro;"Tubercules, Racines et Plantains";Littoral;Littoral;Forêt monomodale;1.0;0.0;19500;3050000;65.0;28.5;29.5;75;600;3;35;1.9;0.6;0;0;0;0;0;0;0;330;350
2018-03;Igname;"Tubercules, Racines et Plantains";Adamaoua;Centre;Savane guinéenne;1.0;0.0;22500;2960000;10.0;26.0;26.5;120;600;3;90;1.9;0.6;0;0;0;0;0;0;0;460;485
2018-03;Pomme de terre;"Tubercules, Racines et Plantains";Ouest;Littoral;Hauts Plateaux;1.0;0.0;16500;3050000;55.0;24.0;23.0;125;600;3;65;1.9;0.6;0;0;0;0;0;0;0;540;570
2018-03;Patate douce;"Tubercules, Racines et Plantains";Ouest;Centre;Hauts Plateaux;1.0;0.0;8600;2960000;55.0;24.0;24.0;75;600;3;55;1.9;0.6;0;0;0;0;0;0;0;280;300
2018-03;Tomate;Maraîchers;Ouest;Centre;Hauts Plateaux;1.0;0.0;13500;2960000;55.0;24.0;28.5;155;600;3;65;1.9;0.6;0;0;0;0;0;0;0;820;870
2018-03;Oignon;Maraîchers;Extrême-Nord;Centre;Soudano-sahélienne;1.0;0.0;23500;2960000;0.0;34.0;26.5;130;600;2;180;1.9;0.6;0;0;0;1;1;0;0;720;750
2018-03;Gombo;Maraîchers;Centre;Centre;Forêt bimodale;1.0;0.0;4600;2960000;45.0;27.0;44.0;110;600;3;28;1.9;0.6;0;0;0;0;0;0;0;550;580
2018-03;Piment;Maraîchers;Extrême-Nord;Littoral;Soudano-sahélienne;1.0;0.0;3800;3050000;0.0;34.0;32.5;185;600;2;190;1.9;0.6;0;0;0;1;1;0;0;970;1020
2018-03;Poivron;Maraîchers;Extrême-Nord;Centre;Soudano-sahélienne;1.0;0.0;3100;2960000;0.0;34.0;37.5;175;600;2;180;1.9;0.6;0;0;0;1;1;0;0;1060;1110
2018-03;Ail;Maraîchers;Extrême-Nord;Centre;Soudano-sahélienne;1.0;0.0;1350;2960000;0.0;34.0;18.5;210;600;2;165;1.9;0.6;0;0;0;1;1;0;0;2480;2560
2018-03;Basilic;Maraîchers;Centre;Centre;Forêt bimodale;1.0;0.0;950;2960000;45.0;27.0;57.0;90;600;3;28;1.9;0.6;0;0;0;0;0;0;0;570;600
2018-03;Légumes feuilles;Maraîchers;Centre;Centre;Forêt bimodale;1.0;0.0;7100;2960000;45.0;27.0;50.0;75;600;3;28;1.9;0.6;0;0;0;0;0;0;0;390;420
2018-03;Choux;Maraîchers;Ouest;Littoral;Hauts Plateaux;1.0;0.0;4800;3050000;55.0;24.0;34.0;115;600;3;55;1.9;0.6;0;0;0;0;0;0;0;530;560
2018-03;Pastèque;Maraîchers;Extrême-Nord;Centre;Soudano-sahélienne;1.0;0.0;2800;2960000;0.0;34.0;22.5;105;600;2;175;1.9;0.6;0;0;0;1;1;0;0;260;285
2018-03;Arachide;Oléagineux et Légumineuses;Nord;Centre;Soudano-sahélienne;1.0;0.0;55000;2960000;0.0;34.5;11.5;185;600;2;135;1.9;0.6;0;0;0;1;1;0;0;650;680
2018-03;Soja;Oléagineux et Légumineuses;Adamaoua;Centre;Savane guinéenne;1.0;0.0;9100;2960000;10.0;26.0;11.0;170;600;3;105;1.9;0.6;0;0;0;0;0;0;0;600;620
2018-03;Niébé;Oléagineux et Légumineuses;Extrême-Nord;Extrême-Nord;Soudano-sahélienne;1.0;0.0;38000;4300000;0.0;34.0;13.0;190;600;3;50;1.9;0.6;0;0;0;1;1;0;0;620;650
2018-03;Haricot sec;Oléagineux et Légumineuses;Ouest;Littoral;Hauts Plateaux;1.0;0.0;35000;3050000;55.0;24.0;9.5;120;600;3;55;1.9;0.6;0;0;0;0;0;0;0;560;590
2018-03;Huile de palme;Oléagineux et Légumineuses;Littoral;Centre;Forêt monomodale;1.0;0.0;58000;2960000;65.0;28.5;6.5;245;600;3;50;1.9;0.6;0;0;0;0;0;0;0;810;840
2018-03;Ananas;Fruits;Littoral;Centre;Forêt monomodale;1.0;0.0;9100;2960000;65.0;28.5;18.0;120;600;3;55;1.9;0.6;0;0;0;0;0;0;0;390;415
2018-03;Papaye;Fruits;Centre;Centre;Forêt bimodale;1.0;0.0;3800;2960000;45.0;27.0;38.0;90;600;3;28;1.9;0.6;0;0;0;0;0;0;0;360;390
2018-03;Mangue;Fruits;Nord;Centre;Soudano-sahélienne;1.0;0.0;7100;2960000;0.0;34.5;43.0;70;600;2;165;1.9;0.6;0;0;0;1;1;0;0;100;105
2018-03;Avocat;Fruits;Ouest;Littoral;Hauts Plateaux;1.0;0.0;13500;3050000;55.0;24.0;28.0;80;600;3;55;1.9;0.6;0;0;0;0;0;0;0;320;350
2018-03;Safou;Fruits;Littoral;Centre;Forêt monomodale;1.0;0.0;4800;2960000;65.0;28.5;43.0;90;600;3;55;1.9;0.6;0;0;0;0;0;0;0;510;540
2018-03;Citron;Fruits;Centre;Centre;Forêt bimodale;1.0;0.0;2800;2960000;45.0;27.0;23.0;85;600;3;28;1.9;0.6;0;0;0;0;0;0;0;380;405
2018-03;Orange;Fruits;Centre;Centre;Forêt bimodale;1.0;0.0;4800;2960000;45.0;27.0;23.0;95;600;3;28;1.9;0.6;0;0;0;0;0;0;0;340;365
2018-03;Banane douce;Fruits;Sud-Ouest;Littoral;Forêt monomodale;1.0;0.0;19500;3050000;65.0;28.5;40.0;120;600;2;120;1.9;0.6;0;1;0;1;0;0;0;1290;1250
2018-03;Cacao;Cultures de Rente et Stimulants;Centre;Littoral;Forêt bimodale;1.0;0.0;225000;3050000;45.0;27.0;6.5;415;600;3;40;1.9;0.6;0;0;0;0;0;0;0;1640;1670
2018-03;Café;Cultures de Rente et Stimulants;Ouest;Littoral;Hauts Plateaux;1.0;0.0;98000;3050000;55.0;24.0;5.5;365;600;3;55;1.9;0.6;0;0;0;0;0;0;0;1890;1920
2018-04;Maïs;Céréales;Ouest;Centre;Hauts Plateaux;0.866;-0.5;59500;2960000;110.0;23.5;11.5;90;600;2;65;1.9;0.7;0;1;0;0;0;0;0;195;210
2018-04;Riz;Céréales;Extrême-Nord;Centre;Soudano-sahélienne;0.866;-0.5;27000;2960000;10.0;35.0;5.5;130;600;2;110;1.9;0.7;0;0;0;1;1;0;0;445;460
2018-04;Mil-Sorgho;Céréales;Nord;Extrême-Nord;Soudano-sahélienne;0.866;-0.5;58000;4300000;10.0;36.0;13.0;75;600;2;55;1.9;0.7;0;0;0;1;1;0;0;225;235
2018-04;Blé;Céréales;Littoral(Import);Centre;Forêt monomodale;0.866;-0.5;0;2960000;130.0;27.0;2.5;0;600;2;45;1.9;0.7;1;1;0;0;0;0;0;435;450
2018-04;Manioc;"Tubercules, Racines et Plantains";Centre;Centre;Forêt bimodale;0.866;-0.5;122000;2960000;130.0;26.0;35.5;55;600;2;35;1.9;0.7;0;1;0;0;0;0;0;205;220
2018-04;Plantain;"Tubercules, Racines et Plantains";Sud-Ouest;Littoral;Forêt monomodale;0.866;-0.5;38000;3050000;160.0;27.5;35.0;90;600;1;165;1.9;0.7;0;1;0;1;0;0;0;1520;1580
2018-04;Macabo-Taro;"Tubercules, Racines et Plantains";Littoral;Littoral;Forêt monomodale;0.866;-0.5;19500;3050000;160.0;27.5;32.0;75;600;2;45;1.9;0.7;0;1;0;0;0;0;0;350;370
2018-04;Igname;"Tubercules, Racines et Plantains";Adamaoua;Centre;Savane guinéenne;0.866;-0.5;22500;2960000;45.0;25.0;28.5;120;600;2;110;1.9;0.7;0;0;0;0;0;0;0;485;515
2018-04;Pomme de terre;"Tubercules, Racines et Plantains";Ouest;Littoral;Hauts Plateaux;0.866;-0.5;16500;3050000;110.0;23.5;26.0;125;600;2;75;1.9;0.7;0;1;0;0;0;0;0;570;615
2018-04;Patate douce;"Tubercules, Racines et Plantains";Ouest;Centre;Hauts Plateaux;0.866;-0.5;8600;2960000;110.0;23.5;27.0;75;600;2;68;1.9;0.7;0;1;0;0;0;0;0;300;325
2018-04;Tomate;Maraîchers;Ouest;Centre;Hauts Plateaux;0.866;-0.5;13500;2960000;110.0;23.5;32.0;155;600;2;75;1.9;0.7;0;1;0;0;0;0;0;870;960
2018-04;Oignon;Maraîchers;Extrême-Nord;Centre;Soudano-sahélienne;0.866;-0.5;23500;2960000;10.0;35.0;28.5;130;600;2;190;1.9;0.7;0;0;0;1;1;0;0;750;790
2018-04;Gombo;Maraîchers;Centre;Centre;Forêt bimodale;0.866;-0.5;4600;2960000;130.0;26.0;48.0;110;600;2;35;1.9;0.7;0;1;0;0;0;0;0;580;620
2018-04;Piment;Maraîchers;Extrême-Nord;Littoral;Soudano-sahélienne;0.866;-0.5;3800;3050000;10.0;35.0;35.0;185;600;2;205;1.9;0.7;0;0;0;1;1;0;0;1020;1080
2018-04;Poivron;Maraîchers;Extrême-Nord;Centre;Soudano-sahélienne;0.866;-0.5;3100;2960000;10.0;35.0;40.0;175;600;2;195;1.9;0.7;0;0;0;1;1;0;0;1110;1180
2018-04;Ail;Maraîchers;Extrême-Nord;Centre;Soudano-sahélienne;0.866;-0.5;1350;2960000;10.0;35.0;20.5;210;600;2;175;1.9;0.7;0;0;0;1;1;0;0;2560;2660
2018-04;Basilic;Maraîchers;Centre;Centre;Forêt bimodale;0.866;-0.5;950;2960000;130.0;26.0;60.0;90;600;2;35;1.9;0.7;0;1;0;0;0;0;0;600;640
2018-04;Légumes feuilles;Maraîchers;Centre;Centre;Forêt bimodale;0.866;-0.5;7100;2960000;130.0;26.0;53.0;75;600;2;35;1.9;0.7;0;1;0;0;0;0;0;420;455
2018-04;Choux;Maraîchers;Ouest;Littoral;Hauts Plateaux;0.866;-0.5;4800;3050000;110.0;23.5;37.0;115;600;2;68;1.9;0.7;0;1;0;0;0;0;0;560;610
2018-04;Pastèque;Maraîchers;Extrême-Nord;Centre;Soudano-sahélienne;0.866;-0.5;2800;2960000;10.0;35.0;24.5;105;600;2;185;1.9;0.7;0;0;0;1;1;0;0;285;310
2018-04;Arachide;Oléagineux et Légumineuses;Nord;Centre;Soudano-sahélienne;0.866;-0.5;55000;2960000;10.0;35.5;12.5;185;600;2;145;1.9;0.7;0;0;0;1;1;0;0;680;720
2018-04;Soja;Oléagineux et Légumineuses;Adamaoua;Centre;Savane guinéenne;0.866;-0.5;9100;2960000;45.0;25.0;12.0;170;600;2;120;1.9;0.7;0;0;0;0;0;0;0;620;660
2018-04;Niébé;Oléagineux et Légumineuses;Extrême-Nord;Extrême-Nord;Soudano-sahélienne;0.866;-0.5;38000;4300000;10.0;35.0;14.0;190;600;2;60;1.9;0.7;0;0;0;1;1;0;0;650;680
2018-04;Haricot sec;Oléagineux et Légumineuses;Ouest;Littoral;Hauts Plateaux;0.866;-0.5;35000;3050000;110.0;23.5;11.0;120;600;2;68;1.9;0.7;0;1;0;0;0;0;0;590;630
2018-04;Huile de palme;Oléagineux et Légumineuses;Littoral;Centre;Forêt monomodale;0.866;-0.5;58000;2960000;160.0;27.5;7.5;245;600;2;65;1.9;0.7;0;1;0;0;0;0;0;840;890
2018-04;Ananas;Fruits;Littoral;Centre;Forêt monomodale;0.866;-0.5;9100;2960000;160.0;27.5;20.5;120;600;2;68;1.9;0.7;0;1;0;0;0;0;0;415;450
2018-04;Papaye;Fruits;Centre;Centre;Forêt bimodale;0.866;-0.5;3800;2960000;130.0;26.0;41.0;90;600;2;35;1.9;0.7;0;1;0;0;0;0;0;390;425
2018-04;Mangue;Fruits;Nord;Centre;Soudano-sahélienne;0.866;-0.5;7100;2960000;10.0;35.5;44.0;70;600;2;175;1.9;0.7;0;0;0;1;1;0;0;105;95
2018-04;Avocat;Fruits;Ouest;Littoral;Hauts Plateaux;0.866;-0.5;13500;3050000;110.0;23.5;31.0;80;600;2;68;1.9;0.7;0;1;0;0;0;0;0;350;385
2018-04;Safou;Fruits;Littoral;Centre;Forêt monomodale;0.866;-0.5;4800;2960000;160.0;27.5;46.0;90;600;2;68;1.9;0.7;0;1;0;0;0;0;0;540;590
2018-04;Citron;Fruits;Centre;Centre;Forêt bimodale;0.866;-0.5;2800;2960000;130.0;26.0;25.0;85;600;2;35;1.9;0.7;0;1;0;0;0;0;0;405;440
2018-04;Orange;Fruits;Centre;Centre;Forêt bimodale;0.866;-0.5;4800;2960000;130.0;26.0;25.0;95;600;2;35;1.9;0.7;0;1;0;0;0;0;0;365;400
2018-04;Banane douce;Fruits;Sud-Ouest;Littoral;Forêt monomodale;0.866;-0.5;19500;3050000;160.0;27.5;40.0;120;600;1;145;1.9;0.7;0;1;0;1;0;0;0;1250;1340
2018-04;Cacao;Cultures de Rente et Stimulants;Centre;Littoral;Forêt bimodale;0.866;-0.5;225000;3050000;130.0;26.0;7.5;415;600;2;50;1.9;0.7;0;1;0;0;0;0;0;1670;1710
2018-04;Café;Cultures de Rente et Stimulants;Ouest;Littoral;Hauts Plateaux;0.866;-0.5;98000;3050000;110.0;23.5;6.5;365;600;2;68;1.9;0.7;0;1;0;0;0;0;0;1920;1970
2018-05;Maïs;Céréales;Ouest;Centre;Hauts Plateaux;0.5;-0.866;59500;2960000;160.0;23.0;13.5;90;600;1;75;1.9;0.8;0;1;0;0;0;0;0;210;230
2018-05;Riz;Céréales;Extrême-Nord;Centre;Soudano-sahélienne;0.5;-0.866;27000;2960000;35.0;34.0;6.5;130;600;1;120;1.9;0.8;0;1;0;1;1;0;0;460;480
2018-05;Mil-Sorgho;Céréales;Nord;Extrême-Nord;Soudano-sahélienne;0.5;-0.866;58000;4300000;35.0;34.0;14.0;75;600;1;65;1.9;0.8;0;1;0;1;1;0;0;235;250
2018-05;Blé;Céréales;Littoral(Import);Centre;Forêt monomodale;0.5;-0.866;0;2960000;190.0;26.0;3.5;0;600;1;60;1.9;0.8;1;1;0;0;0;0;0;450;480
2018-05;Manioc;"Tubercules, Racines et Plantains";Centre;Centre;Forêt bimodale;0.5;-0.866;122000;2960000;190.0;25.0;38.5;55;600;1;50;1.9;0.8;0;1;0;0;0;0;0;220;245
2018-05;Plantain;"Tubercules, Racines et Plantains";Sud-Ouest;Littoral;Forêt monomodale;0.5;-0.866;38000;3050000;230.0;26.5;35.0;90;600;1;190;1.9;0.8;0;1;0;1;0;0;0;1580;1670
2018-05;Macabo-Taro;"Tubercules, Racines et Plantains";Littoral;Littoral;Forêt monomodale;0.5;-0.866;19500;3050000;230.0;26.5;35.0;75;600;1;60;1.9;0.8;0;1;0;0;0;0;0;370;410
2018-05;Igname;"Tubercules, Racines et Plantains";Adamaoua;Centre;Savane guinéenne;0.5;-0.866;22500;2960000;90.0;24.0;31.5;120;600;1;120;1.9;0.8;0;1;0;0;0;0;0;515;560
2018-05;Pomme de terre;"Tubercules, Racines et Plantains";Ouest;Littoral;Hauts Plateaux;0.5;-0.866;16500;3050000;160.0;23.0;29.0;125;600;1;95;1.9;0.8;0;1;0;0;0;0;0;615;680
2018-05;Patate douce;"Tubercules, Racines et Plantains";Ouest;Centre;Hauts Plateaux;0.5;-0.866;8600;2960000;160.0;23.0;30.0;75;600;1;85;1.9;0.8;0;1;0;0;0;0;0;325;360
2018-05;Tomate;Maraîchers;Ouest;Centre;Hauts Plateaux;0.5;-0.866;13500;2960000;160.0;23.0;35.0;155;600;1;95;1.9;0.8;0;1;0;0;0;0;0;960;1160
2018-05;Oignon;Maraîchers;Extrême-Nord;Centre;Soudano-sahélienne;0.5;-0.866;23500;2960000;35.0;34.0;31.5;130;600;1;215;1.9;0.8;0;1;0;1;1;0;0;790;840
2018-05;Gombo;Maraîchers;Centre;Centre;Forêt bimodale;0.5;-0.866;4600;2960000;190.0;25.0;51.0;110;600;1;50;1.9;0.8;0;1;0;0;0;0;0;620;680
2018-05;Piment;Maraîchers;Extrême-Nord;Littoral;Soudano-sahélienne;0.5;-0.866;3800;3050000;35.0;34.0;38.0;185;600;1;225;1.9;0.8;0;1;0;1;1;0;0;1080;1160
2018-05;Poivron;Maraîchers;Extrême-Nord;Centre;Soudano-sahélienne;0.5;-0.866;3100;2960000;35.0;34.0;43.0;175;600;1;210;1.9;0.8;0;1;0;1;1;0;0;1180;1260
2018-05;Ail;Maraîchers;Extrême-Nord;Centre;Soudano-sahélienne;0.5;-0.866;1350;2960000;35.0;34.0;23.5;210;600;1;195;1.9;0.8;0;1;0;1;1;0;0;2660;2780
2018-05;Basilic;Maraîchers;Centre;Centre;Forêt bimodale;0.5;-0.866;950;2960000;190.0;25.0;63.0;90;600;1;50;1.9;0.8;0;1;0;0;0;0;0;640;700
2018-05;Légumes feuilles;Maraîchers;Centre;Centre;Forêt bimodale;0.5;-0.866;7100;2960000;190.0;25.0;56.0;75;600;1;50;1.9;0.8;0;1;0;0;0;0;0;455;505
2018-05;Choux;Maraîchers;Ouest;Littoral;Hauts Plateaux;0.5;-0.866;4800;3050000;160.0;23.0;40.0;115;600;1;85;1.9;0.8;0;1;0;0;0;0;0;610;675
2018-05;Pastèque;Maraîchers;Extrême-Nord;Centre;Soudano-sahélienne;0.5;-0.866;2800;2960000;35.0;34.0;27.5;105;600;1;205;1.9;0.8;0;1;0;1;1;0;0;310;340
2018-05;Arachide;Oléagineux et Légumineuses;Nord;Centre;Soudano-sahélienne;0.5;-0.866;55000;2960000;35.0;32.5;14.5;185;600;1;165;1.9;0.8;0;1;0;1;1;0;0;720;760
2018-05;Soja;Oléagineux et Légumineuses;Adamaoua;Centre;Savane guinéenne;0.5;-0.866;9100;2960000;90.0;24.0;14.0;170;600;1;130;1.9;0.8;0;1;0;0;0;0;0;660;705
2018-05;Niébé;Oléagineux et Légumineuses;Extrême-Nord;Extrême-Nord;Soudano-sahélienne;0.5;-0.866;38000;4300000;35.0;34.0;16.0;190;600;1;75;1.9;0.8;0;1;0;1;1;0;0;680;720
2018-05;Haricot sec;Oléagineux et Légumineuses;Ouest;Littoral;Hauts Plateaux;0.5;-0.866;35000;3050000;160.0;23.0;13.5;120;600;1;85;1.9;0.8;0;1;0;0;0;0;0;630;690
2018-05;Huile de palme;Oléagineux et Légumineuses;Littoral;Centre;Forêt monomodale;0.5;-0.866;58000;2960000;230.0;26.5;9.5;245;600;1;80;1.9;0.8;0;1;0;0;0;0;0;890;960
2018-05;Ananas;Fruits;Littoral;Centre;Forêt monomodale;0.5;-0.866;9100;2960000;230.0;26.5;23.5;120;600;1;85;1.9;0.8;0;1;0;0;0;0;0;450;500
2018-05;Papaye;Fruits;Centre;Centre;Forêt bimodale;0.5;-0.866;3800;2960000;190.0;25.0;44.0;90;600;1;50;1.9;0.8;0;1;0;0;0;0;0;425;475
2018-05;Mangue;Fruits;Nord;Centre;Soudano-sahélienne;0.5;-0.866;7100;2960000;35.0;32.5;47.0;70;600;1;195;1.9;0.8;0;1;0;1;1;0;0;95;80
2018-05;Avocat;Fruits;Ouest;Littoral;Hauts Plateaux;0.5;-0.866;13500;3050000;160.0;23.0;34.0;80;600;1;85;1.9;0.8;0;1;0;0;0;0;0;385;430
2018-05;Safou;Fruits;Littoral;Centre;Forêt monomodale;0.5;-0.866;4800;2960000;230.0;26.5;49.0;90;600;1;85;1.9;0.8;0;1;0;0;0;0;0;590;650
2018-05;Citron;Fruits;Centre;Centre;Forêt bimodale;0.5;-0.866;2800;2960000;190.0;25.0;28.0;85;600;1;50;1.9;0.8;0;1;0;0;0;0;0;440;490
2018-05;Orange;Fruits;Centre;Centre;Forêt bimodale;0.5;-0.866;4800;2960000;190.0;25.0;28.0;95;600;1;50;1.9;0.8;0;1;0;0;0;0;0;400;450
2018-05;Banane douce;Fruits;Sud-Ouest;Littoral;Forêt monomodale;0.5;-0.866;19500;3050000;230.0;26.5;37.5;120;600;1;170;1.9;0.8;0;1;0;1;0;0;0;1340;1450
2018-05;Cacao;Cultures de Rente et Stimulants;Centre;Littoral;Forêt bimodale;0.5;-0.866;225000;3050000;190.0;25.0;8.5;415;600;1;60;1.9;0.8;0;1;0;0;0;0;0;1710;1740
2018-05;Café;Cultures de Rente et Stimulants;Ouest;Littoral;Hauts Plateaux;0.5;-0.866;98000;3050000;160.0;23.0;7.5;365;600;1;85;1.9;0.8;0;1;0;0;0;0;0;1970;2030
2018-06;Maïs;Céréales;Ouest;Centre;Hauts Plateaux;0.0;-1.0;59500;2960000;210.0;22.0;15.5;90;600;1;80;1.9;0.9;0;1;0;0;0;0;0;230;250
2018-06;Riz;Céréales;Extrême-Nord;Centre;Soudano-sahélienne;0.0;-1.0;27000;2960000;65.0;32.0;7.5;130;600;1;130;1.9;0.9;0;1;0;1;1;0;0;480;505
2018-06;Mil-Sorgho;Céréales;Nord;Extrême-Nord;Soudano-sahélienne;0.0;-1.0;58000;4300000;65.0;32.0;15.0;75;600;1;75;1.9;0.9;0;1;0;1;1;0;0;250;265
2018-06;Blé;Céréales;Littoral(Import);Centre;Forêt monomodale;0.0;-1.0;0;2960000;260.0;25.0;4.5;0;600;1;75;1.9;0.9;1;1;0;0;0;0;0;480;510
2018-06;Manioc;"Tubercules, Racines et Plantains";Centre;Centre;Forêt bimodale;0.0;-1.0;122000;2960000;260.0;24.0;41.5;55;600;1;60;1.9;0.9;0;1;0;0;0;0;0;245;275
2018-06;Plantain;"Tubercules, Racines et Plantains";Sud-Ouest;Littoral;Forêt monomodale;0.0;-1.0;38000;3050000;310.0;25.5;38.0;90;600;1;210;1.9;0.9;0;1;0;1;0;0;0;1670;1820
2018-06;Macabo-Taro;"Tubercules, Racines et Plantains";Littoral;Littoral;Forêt monomodale;0.0;-1.0;19500;3050000;310.0;25.5;38.0;75;600;1;72;1.9;0.9;0;1;0;0;0;0;0;410;460
2018-06;Igname;"Tubercules, Racines et Plantains";Adamaoua;Centre;Savane guinéenne;0.0;-1.0;22500;2960000;130.0;23.0;34.5;120;600;1;135;1.9;0.9;0;1;0;0;0;0;0;560;615
2018-06;Pomme de terre;"Tubercules, Racines et Plantains";Ouest;Littoral;Hauts Plateaux;0.0;-1.0;16500;3050000;210.0;22.0;32.0;125;600;1;105;1.9;0.9;0;1;0;0;0;0;0;680;750
2018-06;Patate douce;"Tubercules, Racines et Plantains";Ouest;Centre;Hauts Plateaux;0.0;-1.0;8600;2960000;210.0;22.0;33.0;75;600;1;95;1.9;0.9;0;1;0;0;0;0;0;360;400
2018-06;Tomate;Maraîchers;Ouest;Centre;Hauts Plateaux;0.0;-1.0;13500;2960000;210.0;22.0;38.0;155;600;1;105;1.9;0.9;0;1;0;0;0;0;0;1160;1450
2018-06;Oignon;Maraîchers;Extrême-Nord;Centre;Soudano-sahélienne;0.0;-1.0;23500;2960000;65.0;32.0;34.5;130;600;1;230;1.9;0.9;0;1;0;1;1;0;0;840;920
2018-06;Gombo;Maraîchers;Centre;Centre;Forêt bimodale;0.0;-1.0;4600;2960000;260.0;24.0;54.0;110;600;1;60;1.9;0.9;0;1;0;0;0;0;0;680;750
2018-06;Piment;Maraîchers;Extrême-Nord;Littoral;Soudano-sahélienne;0.0;-1.0;3800;3050000;65.0;32.0;41.0;185;600;1;240;1.9;0.9;0;1;0;1;1;0;0;1160;1250
2018-06;Poivron;Maraîchers;Extrême-Nord;Centre;Soudano-sahélienne;0.0;-1.0;3100;2960000;65.0;32.0;46.0;175;600;1;225;1.9;0.9;0;1;0;1;1;0;0;1260;1360
2018-06;Ail;Maraîchers;Extrême-Nord;Centre;Soudano-sahélienne;0.0;-1.0;1350;2960000;65.0;32.0;26.5;210;600;1;210;1.9;0.9;0;1;0;1;1;0;0;2780;2920
2018-06;Basilic;Maraîchers;Centre;Centre;Forêt bimodale;0.0;-1.0;950;2960000;260.0;24.0;66.0;90;600;1;60;1.9;0.9;0;1;0;0;0;0;0;700;780
2018-06;Légumes feuilles;Maraîchers;Centre;Centre;Forêt bimodale;0.0;-1.0;7100;2960000;260.0;24.0;59.0;75;600;1;60;1.9;0.9;0;1;0;0;0;0;0;505;560
2018-06;Choux;Maraîchers;Ouest;Littoral;Hauts Plateaux;0.0;-1.0;4800;3050000;210.0;22.0;43.0;115;600;1;95;1.9;0.9;0;1;0;0;0;0;0;675;750
2018-06;Pastèque;Maraîchers;Extrême-Nord;Centre;Soudano-sahélienne;0.0;-1.0;2800;2960000;65.0;32.0;30.5;105;600;1;220;1.9;0.9;0;1;0;1;1;0;0;340;380
2018-06;Arachide;Oléagineux et Légumineuses;Nord;Centre;Soudano-sahélienne;0.0;-1.0;55000;2960000;65.0;31.5;17.5;185;600;1;180;1.9;0.9;0;1;0;1;1;0;0;760;815
2018-06;Soja;Oléagineux et Légumineuses;Adamaoua;Centre;Savane guinéenne;0.0;-1.0;9100;2960000;130.0;23.0;17.0;170;600;1;145;1.9;0.9;0;1;0;0;0;0;0;705;760
2018-06;Niébé;Oléagineux et Légumineuses;Extrême-Nord;Extrême-Nord;Soudano-sahélienne;0.0;-1.0;38000;4300000;65.0;32.0;19.0;190;600;1;85;1.9;0.9;0;1;0;1;1;0;0;720;770
2018-06;Haricot sec;Oléagineux et Légumineuses;Ouest;Littoral;Hauts Plateaux;0.0;-1.0;35000;3050000;210.0;22.0;16.5;120;600;1;95;1.9;0.9;0;1;0;0;0;0;0;690;760
2018-06;Huile de palme;Oléagineux et Légumineuses;Littoral;Centre;Forêt monomodale;0.0;-1.0;58000;2960000;310.0;25.5;11.5;245;600;1;90;1.9;0.9;0;1;0;0;0;0;0;960;1035
2018-06;Ananas;Fruits;Littoral;Centre;Forêt monomodale;0.0;-1.0;9100;2960000;310.0;25.5;26.5;120;600;1;95;1.9;0.9;0;1;0;0;0;0;0;500;555
2018-06;Papaye;Fruits;Centre;Centre;Forêt bimodale;0.0;-1.0;3800;2960000;260.0;24.0;47.0;90;600;1;60;1.9;0.9;0;1;0;0;0;0;0;475;525
2018-06;Mangue;Fruits;Nord;Centre;Soudano-sahélienne;0.0;-1.0;7100;2960000;65.0;31.5;50.0;70;600;1;210;1.9;0.9;0;1;0;1;1;0;0;80;70
2018-06;Avocat;Fruits;Ouest;Littoral;Hauts Plateaux;0.0;-1.0;13500;3050000;210.0;22.0;37.0;80;600;1;95;1.9;0.9;0;1;0;0;0;0;0;430;480
2018-06;Safou;Fruits;Littoral;Centre;Forêt monomodale;0.0;-1.0;4800;2960000;310.0;25.5;52.0;90;600;1;95;1.9;0.9;0;1;0;0;0;0;0;650;715
2018-06;Citron;Fruits;Centre;Centre;Forêt bimodale;0.0;-1.0;2800;2960000;260.0;24.0;31.0;85;600;1;60;1.9;0.9;0;1;0;0;0;0;0;490;545
2018-06;Orange;Fruits;Centre;Centre;Forêt bimodale;0.0;-1.0;4800;2960000;260.0;24.0;31.0;95;600;1;60;1.9;0.9;0;1;0;0;0;0;0;450;500
2018-06;Banane douce;Fruits;Sud-Ouest;Littoral;Forêt monomodale;0.0;-1.0;19500;3050000;310.0;25.5;40.5;120;600;1;190;1.9;0.9;0;1;0;1;0;0;0;1450;1600
2018-06;Cacao;Cultures de Rente et Stimulants;Centre;Littoral;Forêt bimodale;0.0;-1.0;225000;3050000;260.0;24.0;9.5;415;600;1;75;1.9;0.9;0;1;0;0;0;0;0;1740;1780
2018-06;Café;Cultures de Rente et Stimulants;Ouest;Littoral;Hauts Plateaux;0.0;-1.0;98000;3050000;210.0;22.0;8.5;365;600;1;95;1.9;0.9;0;1;0;0;0;0;0;2030;2090
2018-07;Maïs;Céréales;Ouest;Centre;Hauts Plateaux;-0.5;-0.866;59500;2960000;260.0;21.5;16.5;95;600;1;85;1.9;0.9;0;0;0;0;0;0;0;250;280
2018-07;Riz;Céréales;Extrême-Nord;Centre;Soudano-sahélienne;-0.5;-0.866;27000;2960000;110.0;30.0;8.5;135;600;1;135;1.9;0.9;0;0;0;1;1;0;0;505;530
2018-07;Mil-Sorgho;Céréales;Nord;Extrême-Nord;Soudano-sahélienne;-0.5;-0.866;58000;4300000;110.0;30.0;16.0;80;600;1;80;1.9;0.9;0;0;0;1;1;0;0;265;280
2018-07;Blé;Céréales;Littoral(Import);Centre;Forêt monomodale;-0.5;-0.866;0;2960000;310.0;24.5;5.0;0;600;1;80;1.9;0.9;1;0;0;0;0;0;0;510;535
2018-07;Manioc;"Tubercules, Racines et Plantains";Centre;Centre;Forêt bimodale;-0.5;-0.866;122000;2960000;310.0;23.5;43.5;60;600;1;65;1.9;0.9;0;0;0;0;0;0;0;275;310
2018-07;Plantain;"Tubercules, Racines et Plantains";Sud-Ouest;Littoral;Forêt monomodale;-0.5;-0.866;38000;3050000;380.0;25.0;38.5;95;600;1;225;1.9;0.9;0;0;0;1;0;0;0;1820;1950
2018-07;Macabo-Taro;"Tubercules, Racines et Plantains";Littoral;Littoral;Forêt monomodale;-0.5;-0.866;19500;3050000;380.0;25.0;41.0;80;600;1;75;1.9;0.9;0;0;0;0;0;0;0;460;510
2018-07;Igname;"Tubercules, Racines et Plantains";Adamaoua;Centre;Savane guinéenne;-0.5;-0.866;22500;2960000;180.0;22.5;36.5;125;600;1;145;1.9;0.9;0;0;0;0;0;0;0;615;660
2018-07;Pomme de terre;"Tubercules, Racines et Plantains";Ouest;Littoral;Hauts Plateaux;-0.5;-0.866;16500;3050000;260.0;21.5;35.0;130;600;1;115;1.9;0.9;0;0;0;0;0;0;0;750;820
2018-07;Patate douce;"Tubercules, Racines et Plantains";Ouest;Centre;Hauts Plateaux;-0.5;-0.866;8600;2960000;260.0;21.5;35.0;80;600;1;105;1.9;0.9;0;0;0;0;0;0;0;400;445
2018-07;Tomate;Maraîchers;Ouest;Centre;Hauts Plateaux;-0.5;-0.866;13500;2960000;260.0;21.5;42.0;160;600;1;115;1.9;0.9;0;0;0;0;0;0;0;1450;1680
2018-07;Oignon;Maraîchers;Extrême-Nord;Centre;Soudano-sahélienne;-0.5;-0.866;23500;2960000;110.0;30.0;36.5;135;600;1;240;1.9;0.9;0;0;0;1;1;0;0;920;990
2018-07;Gombo;Maraîchers;Centre;Centre;Forêt bimodale;-0.5;-0.866;4600;2960000;310.0;23.5;57.0;115;600;1;65;1.9;0.9;0;0;0;0;0;0;0;750;820
2018-07;Piment;Maraîchers;Extrême-Nord;Littoral;Soudano-sahélienne;-0.5;-0.866;3800;3050000;110.0;30.0;44.0;190;600;1;250;1.9;0.9;0;0;0;1;1;0;0;1250;1340
2018-07;Poivron;Maraîchers;Extrême-Nord;Centre;Soudano-sahélienne;-0.5;-0.866;3100;2960000;110.0;30.0;49.0;180;600;1;235;1.9;0.9;0;0;0;1;1;0;0;1360;1450
2018-07;Ail;Maraîchers;Extrême-Nord;Centre;Soudano-sahélienne;-0.5;-0.866;1350;2960000;110.0;30.0;28.5;215;600;1;220;1.9;0.9;0;0;0;1;1;0;0;2920;3050
2018-07;Basilic;Maraîchers;Centre;Centre;Forêt bimodale;-0.5;-0.866;950;2960000;310.0;23.5;69.0;95;600;1;65;1.9;0.9;0;0;0;0;0;0;0;780;850
2018-07;Légumes feuilles;Maraîchers;Centre;Centre;Forêt bimodale;-0.5;-0.866;7100;2960000;310.0;23.5;62.0;80;600;1;65;1.9;0.9;0;0;0;0;0;0;0;560;610
2018-07;Choux;Maraîchers;Ouest;Littoral;Hauts Plateaux;-0.5;-0.866;4800;3050000;260.0;21.5;46.0;120;600;1;105;1.9;0.9;0;0;0;0;0;0;0;750;820
2018-07;Pastèque;Maraîchers;Extrême-Nord;Centre;Soudano-sahélienne;-0.5;-0.866;2800;2960000;110.0;30.0;33.5;110;600;1;230;1.9;0.9;0;0;0;1;1;0;0;380;420
2018-07;Arachide;Oléagineux et Légumineuses;Nord;Centre;Soudano-sahélienne;-0.5;-0.866;55000;2960000;110.0;29.5;19.5;190;600;1;190;1.9;0.9;0;0;0;1;1;0;0;815;880
2018-07;Soja;Oléagineux et Légumineuses;Adamaoua;Centre;Savane guinéenne;-0.5;-0.866;9100;2960000;180.0;22.5;19.0;175;600;1;155;1.9;0.9;0;0;0;0;0;0;0;760;810
2018-07;Niébé;Oléagineux et Légumineuses;Extrême-Nord;Extrême-Nord;Soudano-sahélienne;-0.5;-0.866;38000;4300000;110.0;30.0;21.0;195;600;1;95;1.9;0.9;0;0;0;1;1;0;0;770;820
2018-07;Haricot sec;Oléagineux et Légumineuses;Ouest;Littoral;Hauts Plateaux;-0.5;-0.866;35000;3050000;260.0;21.5;18.5;125;600;1;105;1.9;0.9;0;0;0;0;0;0;0;760;830
2018-07;Huile de palme;Oléagineux et Légumineuses;Littoral;Centre;Forêt monomodale;-0.5;-0.866;58000;2960000;380.0;25.0;13.5;250;600;1;100;1.9;0.9;0;0;0;0;0;0;0;1035;1100
2018-07;Ananas;Fruits;Littoral;Centre;Forêt monomodale;-0.5;-0.866;9100;2960000;380.0;25.0;29.5;125;600;1;105;1.9;0.9;0;0;0;0;0;0;0;555;610
2018-07;Papaye;Fruits;Centre;Centre;Forêt bimodale;-0.5;-0.866;3800;2960000;310.0;23.5;50.0;95;600;1;65;1.9;0.9;0;0;0;0;0;0;0;525;580
2018-07;Mangue;Fruits;Nord;Centre;Soudano-sahélienne;-0.5;-0.866;7100;2960000;110.0;29.5;53.0;75;600;1;220;1.9;0.9;0;0;0;1;1;0;0;70;60
2018-07;Avocat;Fruits;Ouest;Littoral;Hauts Plateaux;-0.5;-0.866;13500;3050000;260.0;21.5;40.0;85;600;1;105;1.9;0.9;0;0;0;0;0;0;0;480;530
2018-07;Safou;Fruits;Littoral;Centre;Forêt monomodale;-0.5;-0.866;4800;2960000;380.0;25.0;55.0;95;600;1;105;1.9;0.9;0;0;0;0;0;0;0;715;780
2018-07;Citron;Fruits;Centre;Centre;Forêt bimodale;-0.5;-0.866;2800;2960000;310.0;23.5;34.0;90;600;1;65;1.9;0.9;0;0;0;0;0;0;0;545;600
2018-07;Orange;Fruits;Centre;Centre;Forêt bimodale;-0.5;-0.866;4800;2960000;310.0;23.5;34.0;100;600;1;65;1.9;0.9;0;0;0;0;0;0;0;500;550
2018-07;Banane douce;Fruits;Sud-Ouest;Littoral;Forêt monomodale;-0.5;-0.866;19500;3050000;380.0;25.0;43.5;125;600;1;200;1.9;0.9;0;0;0;1;0;0;0;1600;1750
2018-07;Cacao;Cultures de Rente et Stimulants;Centre;Littoral;Forêt bimodale;-0.5;-0.866;225000;3050000;310.0;23.5;10.5;420;600;1;85;1.9;0.9;0;0;0;0;0;0;0;1780;1820
2018-07;Café;Cultures de Rente et Stimulants;Ouest;Littoral;Hauts Plateaux;-0.5;-0.866;98000;3050000;260.0;21.5;9.5;375;600;1;105;1.9;0.9;0;0;0;0;0;0;0;2090;2140
2018-08;Maïs;Céréales;Ouest;Centre;Hauts Plateaux;-0.866;-0.5;59500;2960000;300.0;21.0;17.5;95;600;1;90;1.9;1.0;0;0;0;0;0;0;0;280;310
2018-08;Riz;Céréales;Extrême-Nord;Centre;Soudano-sahélienne;-0.866;-0.5;27000;2960000;160.0;29.0;9.5;140;600;1;145;1.9;1.0;0;0;0;1;1;0;0;530;560
2018-08;Mil-Sorgho;Céréales;Nord;Extrême-Nord;Soudano-sahélienne;-0.866;-0.5;58000;4300000;160.0;29.0;17.0;85;600;1;90;1.9;1.0;0;0;0;1;1;0;0;280;305
2018-08;Blé;Céréales;Littoral(Import);Centre;Forêt monomodale;-0.866;-0.5;0;2960000;400.0;24.0;5.5;0;600;1;90;1.9;1.0;1;0;0;0;0;0;0;535;565
2018-08;Manioc;"Tubercules, Racines et Plantains";Centre;Centre;Forêt bimodale;-0.866;-0.5;122000;2960000;380.0;23.0;45.5;65;600;1;75;1.9;1.0;0;0;0;0;0;0;0;310;345
2018-08;Plantain;"Tubercules, Racines et Plantains";Sud-Ouest;Littoral;Forêt monomodale;-0.866;-0.5;38000;3050000;450.0;24.5;40.5;100;600;1;235;1.9;1.0;0;0;0;1;0;0;0;1950;2100
2018-08;Macabo-Taro;"Tubercules, Racines et Plantains";Littoral;Littoral;Forêt monomodale;-0.866;-0.5;19500;3050000;450.0;24.5;43.0;85;600;1;85;1.9;1.0;0;0;0;0;0;0;0;510;565
2018-08;Igname;"Tubercules, Racines et Plantains";Adamaoua;Centre;Savane guinéenne;-0.866;-0.5;22500;2960000;250.0;22.0;38.5;130;600;1;155;1.9;1.0;0;0;0;0;0;0;0;660;715
2018-08;Pomme de terre;"Tubercules, Racines et Plantains";Ouest;Littoral;Hauts Plateaux;-0.866;-0.5;16500;3050000;320.0;21.0;37.0;135;600;1;125;1.9;1.0;0;0;0;0;0;0;0;820;890
2018-08;Patate douce;"Tubercules, Racines et Plantains";Ouest;Centre;Hauts Plateaux;-0.866;-0.5;8600;2960000;320.0;21.0;37.0;85;600;1;115;1.9;1.0;0;0;0;0;0;0;0;445;495
2018-08;Tomate;Maraîchers;Ouest;Centre;Hauts Plateaux;-0.866;-0.5;13500;2960000;320.0;21.0;45.0;165;600;1;125;1.9;1.0;0;0;0;0;0;0;0;1680;1920
2018-08;Oignon;Maraîchers;Extrême-Nord;Centre;Soudano-sahélienne;-0.866;-0.5;23500;2960000;160.0;29.0;38.5;140;600;1;250;1.9;1.0;0;0;0;1;1;0;0;990;1080
2018-08;Gombo;Maraîchers;Centre;Centre;Forêt bimodale;-0.866;-0.5;4600;2960000;380.0;23.0;59.0;120;600;1;75;1.9;1.0;0;0;0;0;0;0;0;820;900
2018-08;Piment;Maraîchers;Extrême-Nord;Littoral;Soudano-sahélienne;-0.866;-0.5;3800;3050000;160.0;29.0;46.0;195;600;1;260;1.9;1.0;0;0;0;1;1;0;0;1340;1450
2018-08;Poivron;Maraîchers;Extrême-Nord;Centre;Soudano-sahélienne;-0.866;-0.5;3100;2960000;160.0;29.0;51.0;185;600;1;245;1.9;1.0;0;0;0;1;1;0;0;1450;1580
2018-08;Ail;Maraîchers;Extrême-Nord;Centre;Soudano-sahélienne;-0.866;-0.5;1350;2960000;160.0;29.0;30.5;220;600;1;230;1.9;1.0;0;0;0;1;1;0;0;3050;3250
2018-08;Basilic;Maraîchers;Centre;Centre;Forêt bimodale;-0.866;-0.5;950;2960000;380.0;23.0;71.0;100;600;1;75;1.9;1.0;0;0;0;0;0;0;0;850;940
2018-08;Légumes feuilles;Maraîchers;Centre;Centre;Forêt bimodale;-0.866;-0.5;7100;2960000;380.0;23.0;64.0;85;600;1;75;1.9;1.0;0;0;0;0;0;0;0;610;680
2018-08;Choux;Maraîchers;Ouest;Littoral;Hauts Plateaux;-0.866;-0.5;4800;3050000;320.0;21.0;48.0;125;600;1;115;1.9;1.0;0;0;0;0;0;0;0;820;900
2018-08;Pastèque;Maraîchers;Extrême-Nord;Centre;Soudano-sahélienne;-0.866;-0.5;2800;2960000;160.0;29.0;35.5;115;600;1;240;1.9;1.0;0;0;0;1;1;0;0;420;470
2018-08;Arachide;Oléagineux et Légumineuses;Nord;Centre;Soudano-sahélienne;-0.866;-0.5;55000;2960000;160.0;28.5;21.5;195;600;1;200;1.9;1.0;0;0;0;1;1;0;0;880;940
2018-08;Soja;Oléagineux et Légumineuses;Adamaoua;Centre;Savane guinéenne;-0.866;-0.5;9100;2960000;250.0;22.0;21.0;180;600;1;165;1.9;1.0;0;0;0;0;0;0;0;810;870
2018-08;Niébé;Oléagineux et Légumineuses;Extrême-Nord;Extrême-Nord;Soudano-sahélienne;-0.866;-0.5;38000;4300000;160.0;29.0;23.0;200;600;1;105;1.9;1.0;0;0;0;1;1;0;0;820;885
2018-08;Haricot sec;Oléagineux et Légumineuses;Ouest;Littoral;Hauts Plateaux;-0.866;-0.5;35000;3050000;320.0;21.0;20.5;130;600;1;115;1.9;1.0;0;0;0;0;0;0;0;830;910
2018-08;Huile de palme;Oléagineux et Légumineuses;Littoral;Centre;Forêt monomodale;-0.866;-0.5;58000;2960000;450.0;24.5;15.5;255;600;1;110;1.9;1.0;0;0;0;0;0;0;0;1100;1190
2018-08;Ananas;Fruits;Littoral;Centre;Forêt monomodale;-0.866;-0.5;9100;2960000;450.0;24.5;31.5;130;600;1;115;1.9;1.0;0;0;0;0;0;0;0;610;670
2018-08;Papaye;Fruits;Centre;Centre;Forêt bimodale;-0.866;-0.5;3800;2960000;380.0;23.0;52.0;100;600;1;75;1.9;1.0;0;0;0;0;0;0;0;580;640
2018-08;Mangue;Fruits;Nord;Centre;Soudano-sahélienne;-0.866;-0.5;7100;2960000;160.0;28.5;55.0;80;600;1;230;1.9;1.0;0;0;0;1;1;0;0;60;55
2018-08;Avocat;Fruits;Ouest;Littoral;Hauts Plateaux;-0.866;-0.5;13500;3050000;320.0;21.0;42.0;90;600;1;115;1.9;1.0;0;0;0;0;0;0;0;530;590
2018-08;Safou;Fruits;Littoral;Centre;Forêt monomodale;-0.866;-0.5;4800;2960000;450.0;24.5;57.0;100;600;1;115;1.9;1.0;0;0;0;0;0;0;0;780;860
2018-08;Citron;Fruits;Centre;Centre;Forêt bimodale;-0.866;-0.5;2800;2960000;380.0;23.0;36.0;95;600;1;75;1.9;1.0;0;0;0;0;0;0;0;600;660
2018-08;Orange;Fruits;Centre;Centre;Forêt bimodale;-0.866;-0.5;4800;2960000;380.0;23.0;36.0;105;600;1;75;1.9;1.0;0;0;0;0;0;0;0;550;610
2018-08;Banane douce;Fruits;Sud-Ouest;Littoral;Forêt monomodale;-0.866;-0.5;19500;3050000;450.0;24.5;45.5;130;600;1;210;1.9;1.0;0;0;0;1;0;0;0;1750;1920
2018-08;Cacao;Cultures de Rente et Stimulants;Centre;Littoral;Forêt bimodale;-0.866;-0.5;225000;3050000;380.0;23.0;11.5;425;600;1;95;1.9;1.0;0;0;0;0;0;0;0;1820;1880
2018-08;Café;Cultures de Rente et Stimulants;Ouest;Littoral;Hauts Plateaux;-0.866;-0.5;98000;3050000;320.0;21.0;10.5;375;600;1;115;1.9;1.0;0;0;0;0;0;0;0;2140;2200
2018-09;Maïs;Céréales;Ouest;Centre;Hauts Plateaux;-1.0;0.0;59500;2960000;250.0;22.0;13.5;95;600;2;75;1.9;1.2;0;1;0;0;0;0;0;310;295
2018-09;Riz;Céréales;Extrême-Nord;Centre;Soudano-sahélienne;-1.0;0.0;27000;2960000;110.0;30.0;7.5;140;600;2;125;1.9;1.2;0;1;0;1;1;0;0;560;540
2018-09;Mil-Sorgho;Céréales;Nord;Extrême-Nord;Soudano-sahélienne;-1.0;0.0;58000;4300000;80.0;31.0;14.0;85;600;2;60;1.9;1.2;0;1;0;1;1;0;0;305;290
2018-09;Blé;Céréales;Littoral(Import);Centre;Forêt monomodale;-1.0;0.0;0;2960000;350.0;25.0;5.0;0;600;2;55;1.9;1.2;1;1;0;0;0;0;0;565;540
2018-09;Manioc;"Tubercules, Racines et Plantains";Centre;Centre;Forêt bimodale;-1.0;0.0;122000;2960000;150.0;24.0;38.0;65;600;2;45;1.9;1.2;0;1;0;0;0;0;0;345;320
2018-09;Plantain;"Tubercules, Racines et Plantains";Sud-Ouest;Littoral;Forêt monomodale;-1.0;0.0;38000;3050000;350.0;25.5;35.5;100;600;2;190;1.9;1.2;0;1;0;1;0;0;0;2100;2050
2018-09;Macabo-Taro;"Tubercules, Racines et Plantains";Littoral;Littoral;Forêt monomodale;-1.0;0.0;19500;3050000;350.0;25.5;38.0;85;600;2;65;1.9;1.2;0;1;0;0;0;0;0;565;530
2018-09;Igname;"Tubercules, Racines et Plantains";Adamaoua;Centre;Savane guinéenne;-1.0;0.0;22500;2960000;150.0;22.0;32.0;130;600;2;115;1.9;1.2;0;1;0;0;0;0;0;715;670
2018-09;Pomme de terre;"Tubercules, Racines et Plantains";Ouest;Littoral;Hauts Plateaux;-1.0;0.0;16500;3050000;200.0;21.0;30.0;135;600;2;100;1.9;1.2;0;1;0;0;0;0;0;890;820
2018-09;Patate douce;"Tubercules, Racines et Plantains";Ouest;Centre;Hauts Plateaux;-1.0;0.0;8600;2960000;200.0;21.0;32.0;85;600;2;95;1.9;1.2;0;1;0;0;0;0;0;495;450
2018-09;Tomate;Maraîchers;Ouest;Centre;Hauts Plateaux;-1.0;0.0;13500;2960000;200.0;21.0;40.0;165;600;2;100;1.9;1.2;0;1;0;0;0;0;0;1920;1650
2018-09;Oignon;Maraîchers;Extrême-Nord;Centre;Soudano-sahélienne;-1.0;0.0;23500;2960000;100.0;31.0;30.0;140;600;2;185;1.9;1.2;0;1;0;1;1;0;0;1080;980
2018-09;Gombo;Maraîchers;Centre;Centre;Forêt bimodale;-1.0;0.0;4600;2960000;150.0;24.0;50.0;120;600;2;55;1.9;1.2;0;1;0;0;0;0;0;900;820
2018-09;Piment;Maraîchers;Extrême-Nord;Littoral;Soudano-sahélienne;-1.0;0.0;3800;3050000;100.0;31.0;38.0;195;600;2;190;1.9;1.2;0;1;0;1;1;0;0;1450;1320
2018-09;Poivron;Maraîchers;Extrême-Nord;Centre;Soudano-sahélienne;-1.0;0.0;3100;2960000;100.0;31.0;42.0;185;600;2;180;1.9;1.2;0;1;0;1;1;0;0;1580;1420
2018-09;Ail;Maraîchers;Extrême-Nord;Centre;Soudano-sahélienne;-1.0;0.0;1350;2960000;100.0;31.0;25.0;220;600;2;175;1.9;1.2;0;1;0;1;1;0;0;3250;2950
2018-09;Basilic;Maraîchers;Centre;Centre;Forêt bimodale;-1.0;0.0;950;2960000;150.0;24.0;60.0;100;600;2;55;1.9;1.2;0;1;0;0;0;0;0;940;840
2018-09;Légumes feuilles;Maraîchers;Centre;Centre;Forêt bimodale;-1.0;0.0;7100;2960000;150.0;24.0;55.0;85;600;2;55;1.9;1.2;0;1;0;0;0;0;0;680;600
2018-09;Choux;Maraîchers;Ouest;Littoral;Hauts Plateaux;-1.0;0.0;4800;3050000;200.0;21.0;40.0;125;600;2;95;1.9;1.2;0;1;0;0;0;0;0;900;800
2018-09;Pastèque;Maraîchers;Extrême-Nord;Centre;Soudano-sahélienne;-1.0;0.0;2800;2960000;100.0;31.0;26.0;115;600;2;180;1.9;1.2;0;1;0;1;1;0;0;470;410
2018-09;Arachide;Oléagineux et Légumineuses;Nord;Centre;Soudano-sahélienne;-1.0;0.0;55000;2960000;80.0;30.0;16.0;195;600;2;130;1.9;1.2;0;1;0;1;1;0;0;940;860
2018-09;Soja;Oléagineux et Légumineuses;Adamaoua;Centre;Savane guinéenne;-1.0;0.0;9100;2960000;150.0;22.0;16.0;180;600;2;120;1.9;1.2;0;1;0;0;0;0;0;870;790
2018-09;Niébé;Oléagineux et Légumineuses;Extrême-Nord;Extrême-Nord;Soudano-sahélienne;-1.0;0.0;38000;4300000;100.0;31.0;14.0;200;600;2;65;1.9;1.2;0;1;0;1;1;0;0;885;800
2018-09;Haricot sec;Oléagineux et Légumineuses;Ouest;Littoral;Hauts Plateaux;-1.0;0.0;35000;3050000;200.0;21.0;14.0;130;600;2;95;1.9;1.2;0;1;0;0;0;0;0;910;810
2018-09;Huile de palme;Oléagineux et Légumineuses;Littoral;Centre;Forêt monomodale;-1.0;0.0;58000;2960000;350.0;25.5;9.0;255;600;2;85;1.9;1.2;0;1;0;0;0;0;0;1190;1080
2018-09;Ananas;Fruits;Littoral;Centre;Forêt monomodale;-1.0;0.0;9100;2960000;350.0;25.5;28.0;130;600;2;95;1.9;1.2;0;1;0;0;0;0;0;670;590
2018-09;Papaye;Fruits;Centre;Centre;Forêt bimodale;-1.0;0.0;3800;2960000;150.0;24.0;45.0;100;600;2;55;1.9;1.2;0;1;0;0;0;0;0;640;560
2018-09;Mangue;Fruits;Nord;Centre;Soudano-sahélienne;-1.0;0.0;7100;2960000;80.0;30.0;48.0;80;600;2;170;1.9;1.2;0;1;0;1;1;0;0;55;65
2018-09;Avocat;Fruits;Ouest;Littoral;Hauts Plateaux;-1.0;0.0;13500;3050000;200.0;21.0;35.0;90;600;2;95;1.9;1.2;0;1;0;0;0;0;0;590;510
2018-09;Safou;Fruits;Littoral;Centre;Forêt monomodale;-1.0;0.0;4800;2960000;350.0;25.5;48.0;100;600;2;95;1.9;1.2;0;1;0;0;0;0;0;860;760
2018-09;Citron;Fruits;Centre;Centre;Forêt bimodale;-1.0;0.0;2800;2960000;150.0;24.0;30.0;95;600;2;55;1.9;1.2;0;1;0;0;0;0;0;660;580
2018-09;Orange;Fruits;Centre;Centre;Forêt bimodale;-1.0;0.0;4800;2960000;150.0;24.0;30.0;105;600;2;55;1.9;1.2;0;1;0;0;0;0;0;610;530
2018-09;Banane douce;Fruits;Sud-Ouest;Littoral;Forêt monomodale;-1.0;0.0;19500;3050000;350.0;25.5;40.0;130;600;2;170;1.9;1.2;0;1;0;1;0;0;0;1920;1850
2018-09;Cacao;Cultures de Rente et Stimulants;Centre;Littoral;Forêt bimodale;-1.0;0.0;225000;3050000;280.0;24.0;9.0;425;600;2;75;1.9;1.2;0;1;0;0;0;0;0;1880;1850
2018-09;Café;Cultures de Rente et Stimulants;Ouest;Littoral;Hauts Plateaux;-1.0;0.0;98000;3050000;200.0;21.0;8.0;375;600;2;95;1.9;1.2;0;1;0;0;0;0;0;2200;2150
2018-10;Maïs;Céréales;Ouest;Centre;Hauts Plateaux;-0.866;0.5;59500;2960000;150.0;23.0;10.0;95;600;3;55;1.9;1.0;0;1;0;0;0;0;0;295;270
2018-10;Riz;Céréales;Extrême-Nord;Centre;Soudano-sahélienne;-0.866;0.5;27000;2960000;40.0;31.5;5.5;140;600;3;105;1.9;1.0;0;1;0;1;1;0;0;540;510
2018-10;Mil-Sorgho;Céréales;Nord;Extrême-Nord;Soudano-sahélienne;-0.866;0.5;58000;4300000;40.0;32.0;13.0;85;600;3;50;1.9;1.0;0;1;0;1;1;0;0;290;270
2018-10;Blé;Céréales;Littoral(Import);Centre;Forêt monomodale;-0.866;0.5;0;2960000;250.0;26.0;3.0;0;600;3;45;1.9;1.0;1;1;0;0;0;0;0;540;500
2018-10;Manioc;"Tubercules, Racines et Plantains";Centre;Centre;Forêt bimodale;-0.866;0.5;122000;2960000;100.0;25.0;34.0;65;600;3;35;1.9;1.0;0;1;0;0;0;0;0;320;290
2018-10;Plantain;"Tubercules, Racines et Plantains";Sud-Ouest;Littoral;Forêt monomodale;-0.866;0.5;38000;3050000;250.0;26.5;30.0;100;600;3;170;1.9;1.0;0;1;0;1;0;0;0;2050;1950
2018-10;Macabo-Taro;"Tubercules, Racines et Plantains";Littoral;Littoral;Forêt monomodale;-0.866;0.5;19500;3050000;250.0;26.5;33.0;85;600;3;55;1.9;1.0;0;1;0;0;0;0;0;530;480
2018-10;Igname;"Tubercules, Racines et Plantains";Adamaoua;Centre;Savane guinéenne;-0.866;0.5;22500;2960000;50.0;23.0;28.0;130;600;3;100;1.9;1.0;0;1;0;0;0;0;0;670;610
2018-10;Pomme de terre;"Tubercules, Racines et Plantains";Ouest;Littoral;Hauts Plateaux;-0.866;0.5;16500;3050000;100.0;23.0;25.0;135;600;3;85;1.9;1.0;0;1;0;0;0;0;0;820;740
2018-10;Patate douce;"Tubercules, Racines et Plantains";Ouest;Centre;Hauts Plateaux;-0.866;0.5;8600;2960000;100.0;23.0;26.0;85;600;3;80;1.9;1.0;0;1;0;0;0;0;0;450;410
2018-10;Tomate;Maraîchers;Ouest;Centre;Hauts Plateaux;-0.866;0.5;13500;2960000;100.0;23.0;30.0;165;600;3;85;1.9;1.0;0;1;0;0;0;0;0;1650;1400
2018-10;Oignon;Maraîchers;Extrême-Nord;Centre;Soudano-sahélienne;-0.866;0.5;23500;2960000;30.0;33.0;28.0;140;600;3;170;1.9;1.0;0;1;0;1;1;0;0;980;880
2018-10;Gombo;Maraîchers;Centre;Centre;Forêt bimodale;-0.866;0.5;4600;2960000;100.0;25.0;45.0;120;600;3;45;1.9;1.0;0;1;0;0;0;0;0;820;740
2018-10;Piment;Maraîchers;Extrême-Nord;Littoral;Soudano-sahélienne;-0.866;0.5;3800;3050000;30.0;33.0;34.0;195;600;3;175;1.9;1.0;0;1;0;1;1;0;0;1320;1180
2018-10;Poivron;Maraîchers;Extrême-Nord;Centre;Soudano-sahélienne;-0.866;0.5;3100;2960000;30.0;33.0;38.0;185;600;3;165;1.9;1.0;0;1;0;1;1;0;0;1420;1280
2018-10;Ail;Maraîchers;Extrême-Nord;Centre;Soudano-sahélienne;-0.866;0.5;1350;2960000;30.0;33.0;22.0;220;600;3;160;1.9;1.0;0;1;0;1;1;0;0;2950;2750
2018-10;Basilic;Maraîchers;Centre;Centre;Forêt bimodale;-0.866;0.5;950;2960000;100.0;25.0;55.0;100;600;3;45;1.9;1.0;0;1;0;0;0;0;0;840;760
2018-10;Légumes feuilles;Maraîchers;Centre;Centre;Forêt bimodale;-0.866;0.5;7100;2960000;100.0;25.0;50.0;85;600;3;45;1.9;1.0;0;1;0;0;0;0;0;600;540
2018-10;Choux;Maraîchers;Ouest;Littoral;Hauts Plateaux;-0.866;0.5;4800;3050000;100.0;23.0;34.0;125;600;3;80;1.9;1.0;0;1;0;0;0;0;0;800;720
2018-10;Pastèque;Maraîchers;Extrême-Nord;Centre;Soudano-sahélienne;-0.866;0.5;2800;2960000;30.0;33.0;24.0;115;600;3;165;1.9;1.0;0;1;0;1;1;0;0;410;370
2018-10;Arachide;Oléagineux et Légumineuses;Nord;Centre;Soudano-sahélienne;-0.866;0.5;55000;2960000;20.0;32.0;12.0;195;600;3;125;1.9;1.0;0;1;0;1;1;0;0;860;780
2018-10;Soja;Oléagineux et Légumineuses;Adamaoua;Centre;Savane guinéenne;-0.866;0.5;9100;2960000;50.0;23.0;12.0;180;600;3;115;1.9;1.0;0;1;0;0;0;0;0;790;720
2018-10;Niébé;Oléagineux et Légumineuses;Extrême-Nord;Extrême-Nord;Soudano-sahélienne;-0.866;0.5;38000;4300000;30.0;33.0;12.0;200;600;3;55;1.9;1.0;0;1;0;1;1;0;0;800;730
2018-10;Haricot sec;Oléagineux et Légumineuses;Ouest;Littoral;Hauts Plateaux;-0.866;0.5;35000;3050000;100.0;23.0;11.0;130;600;3;80;1.9;1.0;0;1;0;0;0;0;0;810;730
2018-10;Huile de palme;Oléagineux et Légumineuses;Littoral;Centre;Forêt monomodale;-0.866;0.5;58000;2960000;250.0;26.5;7.0;255;600;3;70;1.9;1.0;0;1;0;0;0;0;0;1080;980
2018-10;Ananas;Fruits;Littoral;Centre;Forêt monomodale;-0.866;0.5;9100;2960000;250.0;26.5;22.0;130;600;3;80;1.9;1.0;0;1;0;0;0;0;0;590;530
2018-10;Papaye;Fruits;Centre;Centre;Forêt bimodale;-0.866;0.5;3800;2960000;100.0;25.0;38.0;100;600;3;45;1.9;1.0;0;1;0;0;0;0;0;560;500
2018-10;Mangue;Fruits;Nord;Centre;Soudano-sahélienne;-0.866;0.5;7100;2960000;20.0;32.0;42.0;80;600;3;145;1.9;1.0;0;1;0;1;1;0;0;65;70
2018-10;Avocat;Fruits;Ouest;Littoral;Hauts Plateaux;-0.866;0.5;13500;3050000;100.0;23.0;28.0;90;600;3;80;1.9;1.0;0;1;0;0;0;0;0;510;460
2018-10;Safou;Fruits;Littoral;Centre;Forêt monomodale;-0.866;0.5;4800;2960000;250.0;26.5;42.0;100;600;3;80;1.9;1.0;0;1;0;0;0;0;0;760;680
2018-10;Citron;Fruits;Centre;Centre;Forêt bimodale;-0.866;0.5;2800;2960000;100.0;25.0;24.0;95;600;3;45;1.9;1.0;0;1;0;0;0;0;0;580;520
2018-10;Orange;Fruits;Centre;Centre;Forêt bimodale;-0.866;0.5;4800;2960000;100.0;25.0;24.0;105;600;3;45;1.9;1.0;0;1;0;0;0;0;0;530;480
2018-10;Banane douce;Fruits;Sud-Ouest;Littoral;Forêt monomodale;-0.866;0.5;19500;3050000;250.0;26.5;33.0;130;600;3;155;1.9;1.0;0;1;0;1;0;0;0;1850;1720
2018-10;Cacao;Cultures de Rente et Stimulants;Centre;Littoral;Forêt bimodale;-0.866;0.5;225000;3050000;100.0;25.0;7.0;425;600;3;65;1.9;1.0;0;1;0;0;0;0;0;1850;1780
2018-10;Café;Cultures de Rente et Stimulants;Ouest;Littoral;Hauts Plateaux;-0.866;0.5;98000;3050000;100.0;23.0;7.0;375;600;3;80;1.9;1.0;0;1;0;0;0;0;0;2150;2080
2018-11;Maïs;Céréales;Ouest;Centre;Hauts Plateaux;-0.5;0.866;59500;2960000;50.0;24.0;8.0;95;600;4;45;1.9;0.5;0;0;0;0;0;0;0;270;230
2018-11;Riz;Céréales;Extrême-Nord;Centre;Soudano-sahélienne;-0.5;0.866;27000;2960000;0.0;31.0;5.0;140;600;4;95;1.9;0.5;0;0;0;1;1;0;0;510;470
2018-11;Mil-Sorgho;Céréales;Nord;Extrême-Nord;Soudano-sahélienne;-0.5;0.866;58000;4300000;0.0;32.0;12.0;85;600;4;40;1.9;0.5;0;0;0;1;1;0;0;270;245
2018-11;Blé;Céréales;Littoral(Import);Centre;Forêt monomodale;-0.5;0.866;0;2960000;100.0;27.0;2.0;0;600;4;35;1.9;0.5;1;0;0;0;0;0;0;500;460
2018-11;Manioc;"Tubercules, Racines et Plantains";Centre;Centre;Forêt bimodale;-0.5;0.866;122000;2960000;50.0;26.0;30.0;65;600;4;28;1.9;0.5;0;0;0;0;0;0;0;290;250
2018-11;Plantain;"Tubercules, Racines et Plantains";Sud-Ouest;Littoral;Forêt monomodale;-0.5;0.866;38000;3050000;100.0;28.0;25.0;100;600;4;145;1.9;0.5;0;0;0;1;0;0;0;1950;1820
2018-11;Macabo-Taro;"Tubercules, Racines et Plantains";Littoral;Littoral;Forêt monomodale;-0.5;0.866;19500;3050000;100.0;28.0;28.0;85;600;4;40;1.9;0.5;0;0;0;0;0;0;0;480;420
2018-11;Igname;"Tubercules, Racines et Plantains";Adamaoua;Centre;Savane guinéenne;-0.5;0.866;22500;2960000;10.0;24.0;25.0;130;600;4;90;1.9;0.5;0;0;0;0;0;0;0;610;540
2018-11;Pomme de terre;"Tubercules, Racines et Plantains";Ouest;Littoral;Hauts Plateaux;-0.5;0.866;16500;3050000;50.0;24.0;22.0;135;600;4;65;1.9;0.5;0;0;0;0;0;0;0;740;630
2018-11;Patate douce;"Tubercules, Racines et Plantains";Ouest;Centre;Hauts Plateaux;-0.5;0.866;8600;2960000;50.0;24.0;23.0;85;600;4;60;1.9;0.5;0;0;0;0;0;0;0;410;360
2018-11;Tomate;Maraîchers;Ouest;Centre;Hauts Plateaux;-0.5;0.866;13500;2960000;50.0;24.0;22.0;165;600;4;65;1.9;0.5;0;0;0;0;0;0;0;1400;1100
2018-11;Oignon;Maraîchers;Extrême-Nord;Centre;Soudano-sahélienne;-0.5;0.866;23500;2960000;0.0;31.0;25.0;140;600;4;155;1.9;0.5;0;0;0;1;1;0;0;880;780
2018-11;Gombo;Maraîchers;Centre;Centre;Forêt bimodale;-0.5;0.866;4600;2960000;50.0;26.0;42.0;120;600;4;28;1.9;0.5;0;0;0;0;0;0;0;740;640
2018-11;Piment;Maraîchers;Extrême-Nord;Littoral;Soudano-sahélienne;-0.5;0.866;3800;3050000;0.0;31.0;30.0;195;600;4;165;1.9;0.5;0;0;0;1;1;0;0;1180;1050
2018-11;Poivron;Maraîchers;Extrême-Nord;Centre;Soudano-sahélienne;-0.5;0.866;3100;2960000;0.0;31.0;35.0;185;600;4;155;1.9;0.5;0;0;0;1;1;0;0;1280;1140
2018-11;Ail;Maraîchers;Extrême-Nord;Centre;Soudano-sahélienne;-0.5;0.866;1350;2960000;0.0;31.0;18.0;220;600;4;145;1.9;0.5;0;0;0;1;1;0;0;2750;2580
2018-11;Basilic;Maraîchers;Centre;Centre;Forêt bimodale;-0.5;0.866;950;2960000;50.0;26.0;52.0;100;600;4;28;1.9;0.5;0;0;0;0;0;0;0;760;660
2018-11;Légumes feuilles;Maraîchers;Centre;Centre;Forêt bimodale;-0.5;0.866;7100;2960000;50.0;26.0;45.0;85;600;4;28;1.9;0.5;0;0;0;0;0;0;0;540;470
2018-11;Choux;Maraîchers;Ouest;Littoral;Hauts Plateaux;-0.5;0.866;4800;3050000;50.0;24.0;30.0;125;600;4;55;1.9;0.5;0;0;0;0;0;0;0;720;620
2018-11;Pastèque;Maraîchers;Extrême-Nord;Centre;Soudano-sahélienne;-0.5;0.866;2800;2960000;0.0;31.0;20.0;115;600;4;155;1.9;0.5;0;0;0;1;1;0;0;370;320
2018-11;Arachide;Oléagineux et Légumineuses;Nord;Centre;Soudano-sahélienne;-0.5;0.866;55000;2960000;0.0;30.0;10.0;195;600;4;115;1.9;0.5;0;0;0;1;1;0;0;780;710
2018-11;Soja;Oléagineux et Légumineuses;Adamaoua;Centre;Savane guinéenne;-0.5;0.866;9100;2960000;10.0;24.0;10.0;180;600;4;100;1.9;0.5;0;0;0;0;0;0;0;720;640
2018-11;Niébé;Oléagineux et Légumineuses;Extrême-Nord;Extrême-Nord;Soudano-sahélienne;-0.5;0.866;38000;4300000;0.0;31.0;12.0;200;600;4;40;1.9;0.5;0;0;0;1;1;0;0;730;660
2018-11;Haricot sec;Oléagineux et Légumineuses;Ouest;Littoral;Hauts Plateaux;-0.5;0.866;35000;3050000;50.0;24.0;8.0;130;600;4;60;1.9;0.5;0;0;0;0;0;0;0;730;630
2018-11;Huile de palme;Oléagineux et Légumineuses;Littoral;Centre;Forêt monomodale;-0.5;0.866;58000;2960000;100.0;28.0;5.0;255;600;4;50;1.9;0.5;0;0;0;0;0;0;0;980;880
2018-11;Ananas;Fruits;Littoral;Centre;Forêt monomodale;-0.5;0.866;9100;2960000;100.0;28.0;18.0;130;600;4;55;1.9;0.5;0;0;0;0;0;0;0;530;460
2018-11;Papaye;Fruits;Centre;Centre;Forêt bimodale;-0.5;0.866;3800;2960000;50.0;26.0;35.0;100;600;4;28;1.9;0.5;0;0;0;0;0;0;0;500;430
2018-11;Mangue;Fruits;Nord;Centre;Soudano-sahélienne;-0.5;0.866;7100;2960000;0.0;30.0;40.0;80;600;4;145;1.9;0.5;0;0;0;1;1;0;0;70;80
2018-11;Avocat;Fruits;Ouest;Littoral;Hauts Plateaux;-0.5;0.866;13500;3050000;50.0;24.0;25.0;90;600;4;60;1.9;0.5;0;0;0;0;0;0;0;460;400
2018-11;Safou;Fruits;Littoral;Centre;Forêt monomodale;-0.5;0.866;4800;2960000;100.0;28.0;40.0;100;600;4;60;1.9;0.5;0;0;0;0;0;0;0;680;590
2018-11;Citron;Fruits;Centre;Centre;Forêt bimodale;-0.5;0.866;2800;2960000;50.0;26.0;20.0;95;600;4;28;1.9;0.5;0;0;0;0;0;0;0;520;460
2018-11;Orange;Fruits;Centre;Centre;Forêt bimodale;-0.5;0.866;4800;2960000;50.0;26.0;20.0;105;600;4;28;1.9;0.5;0;0;0;0;0;0;0;480;420
2018-11;Banane douce;Fruits;Sud-Ouest;Littoral;Forêt monomodale;-0.5;0.866;19500;3050000;100.0;28.0;30.0;130;600;4;130;1.9;0.5;0;0;0;1;0;0;0;1720;1640
2018-11;Cacao;Cultures de Rente et Stimulants;Centre;Littoral;Forêt bimodale;-0.5;0.866;225000;3050000;50.0;26.0;6.0;425;600;4;45;1.9;0.5;0;0;0;0;0;0;0;1780;1720
2018-11;Café;Cultures de Rente et Stimulants;Ouest;Littoral;Hauts Plateaux;-0.5;0.866;98000;3050000;50.0;24.0;5.0;375;600;4;60;1.9;0.5;0;0;0;0;0;0;0;2080;1990
2018-12;Maïs;Céréales;Ouest;Centre;Hauts Plateaux;0.0;1.0;59500;2960000;10.5;23.0;8.0;95;600;4;45;1.9;0.5;0;0;1;0;0;0;0;230;240
2018-12;Riz;Céréales;Extrême-Nord;Centre;Soudano-sahélienne;0.0;1.0;27000;2960000;0.0;30.5;5.0;140;600;4;90;1.9;0.5;0;0;1;1;1;0;0;470;485
2018-12;Mil-Sorgho;Céréales;Nord;Extrême-Nord;Soudano-sahélienne;0.0;1.0;58000;4300000;0.0;32.0;12.0;85;600;4;40;1.9;0.5;0;0;1;1;1;0;0;245;260
2018-12;Blé;Céréales;Littoral(Import);Centre;Forêt monomodale;0.0;1.0;0;2960000;50.0;27.0;2.0;0;600;4;35;1.9;0.5;1;0;1;0;0;0;0;460;480
2018-12;Manioc;"Tubercules, Racines et Plantains";Centre;Centre;Forêt bimodale;0.0;1.0;122000;2960000;20.0;25.0;30.0;65;600;4;28;1.9;0.5;0;0;1;0;0;0;0;250;270
2018-12;Plantain;"Tubercules, Racines et Plantains";Sud-Ouest;Littoral;Forêt monomodale;0.0;1.0;38000;3050000;50.0;27.0;25.0;100;600;4;155;1.9;0.5;0;0;1;1;0;0;0;1820;1980
2018-12;Macabo-Taro;"Tubercules, Racines et Plantains";Littoral;Littoral;Forêt monomodale;0.0;1.0;19500;3050000;50.0;27.0;28.0;85;600;4;40;1.9;0.5;0;0;1;0;0;0;0;420;465
2018-12;Igname;"Tubercules, Racines et Plantains";Adamaoua;Centre;Savane guinéenne;0.0;1.0;22500;2960000;0.0;24.0;25.0;130;600;4;90;1.9;0.5;0;0;1;0;0;0;0;540;580
2018-12;Pomme de terre;"Tubercules, Racines et Plantains";Ouest;Littoral;Hauts Plateaux;0.0;1.0;16500;3050000;10.5;23.0;22.0;135;600;4;65;1.9;0.5;0;0;1;0;0;0;0;630;680
2018-12;Patate douce;"Tubercules, Racines et Plantains";Ouest;Centre;Hauts Plateaux;0.0;1.0;8600;2960000;10.5;23.0;23.0;85;600;4;60;1.9;0.5;0;0;1;0;0;0;0;360;395
2018-12;Tomate;Maraîchers;Ouest;Centre;Hauts Plateaux;0.0;1.0;13500;2960000;10.5;23.0;22.0;165;600;4;65;1.9;0.5;0;0;1;0;0;0;0;1100;1300
2018-12;Oignon;Maraîchers;Extrême-Nord;Centre;Soudano-sahélienne;0.0;1.0;23500;2960000;0.0;30.5;25.0;140;600;4;155;1.9;0.5;0;0;1;1;1;0;0;780;840
2018-12;Gombo;Maraîchers;Centre;Centre;Forêt bimodale;0.0;1.0;4600;2960000;20.0;25.0;42.0;120;600;4;28;1.9;0.5;0;0;1;0;0;0;0;640;700
2018-12;Piment;Maraîchers;Extrême-Nord;Littoral;Soudano-sahélienne;0.0;1.0;3800;3050000;0.0;30.5;30.0;195;600;4;165;1.9;0.5;0;0;1;1;1;0;0;1050;1130
2018-12;Poivron;Maraîchers;Extrême-Nord;Centre;Soudano-sahélienne;0.0;1.0;3100;2960000;0.0;30.5;35.0;185;600;4;155;1.9;0.5;0;0;1;1;1;0;0;1140;1240
2018-12;Ail;Maraîchers;Extrême-Nord;Centre;Soudano-sahélienne;0.0;1.0;1350;2960000;0.0;30.5;18.0;220;600;4;145;1.9;0.5;0;0;1;1;1;0;0;2580;2680
2018-12;Basilic;Maraîchers;Centre;Centre;Forêt bimodale;0.0;1.0;950;2960000;20.0;25.0;52.0;100;600;4;28;1.9;0.5;0;0;1;0;0;0;0;660;720
2018-12;Légumes feuilles;Maraîchers;Centre;Centre;Forêt bimodale;0.0;1.0;7100;2960000;20.0;25.0;45.0;85;600;4;28;1.9;0.5;0;0;1;0;0;0;0;470;520
2018-12;Choux;Maraîchers;Ouest;Littoral;Hauts Plateaux;0.0;1.0;4800;3050000;10.5;23.0;30.0;125;600;4;55;1.9;0.5;0;0;1;0;0;0;0;620;690
2018-12;Pastèque;Maraîchers;Extrême-Nord;Centre;Soudano-sahélienne;0.0;1.0;2800;2960000;0.0;30.5;20.0;115;600;4;155;1.9;0.5;0;0;1;1;1;0;0;320;350
2018-12;Arachide;Oléagineux et Légumineuses;Nord;Centre;Soudano-sahélienne;0.0;1.0;55000;2960000;0.0;29.0;10.0;195;600;4;115;1.9;0.5;0;0;1;1;1;0;0;710;750
2018-12;Soja;Oléagineux et Légumineuses;Adamaoua;Centre;Savane guinéenne;0.0;1.0;9100;2960000;0.0;24.0;10.0;180;600;4;100;1.9;0.5;0;0;1;0;0;0;0;640;680
2018-12;Niébé;Oléagineux et Légumineuses;Extrême-Nord;Extrême-Nord;Soudano-sahélienne;0.0;1.0;38000;4300000;0.0;30.5;12.0;200;600;4;40;1.9;0.5;0;0;1;1;1;0;0;660;700
2018-12;Haricot sec;Oléagineux et Légumineuses;Ouest;Littoral;Hauts Plateaux;0.0;1.0;35000;3050000;10.5;23.0;8.0;130;600;4;60;1.9;0.5;0;0;1;0;0;0;0;630;690
2018-12;Huile de palme;Oléagineux et Légumineuses;Littoral;Centre;Forêt monomodale;0.0;1.0;58000;2960000;50.0;27.0;5.0;255;600;4;50;1.9;0.5;0;0;1;0;0;0;0;880;940
2018-12;Ananas;Fruits;Littoral;Centre;Forêt monomodale;0.0;1.0;9100;2960000;50.0;27.0;18.0;130;600;4;55;1.9;0.5;0;0;1;0;0;0;0;460;500
2018-12;Papaye;Fruits;Centre;Centre;Forêt bimodale;0.0;1.0;3800;2960000;20.0;25.0;35.0;100;600;4;28;1.9;0.5;0;0;1;0;0;0;0;430;480
2018-12;Mangue;Fruits;Nord;Centre;Soudano-sahélienne;0.0;1.0;7100;2960000;0.0;29.0;40.0;80;600;4;145;1.9;0.5;0;0;1;1;1;0;0;80;90
2018-12;Avocat;Fruits;Ouest;Littoral;Hauts Plateaux;0.0;1.0;13500;3050000;10.5;23.0;25.0;90;600;4;60;1.9;0.5;0;0;1;0;0;0;0;400;450
2018-12;Safou;Fruits;Littoral;Centre;Forêt monomodale;0.0;1.0;4800;2960000;50.0;27.0;40.0;100;600;4;60;1.9;0.5;0;0;1;0;0;0;0;590;640
2018-12;Citron;Fruits;Centre;Centre;Forêt bimodale;0.0;1.0;2800;2960000;20.0;25.0;20.0;95;600;4;28;1.9;0.5;0;0;1;0;0;0;0;460;510
2018-12;Orange;Fruits;Centre;Centre;Forêt bimodale;0.0;1.0;4800;2960000;20.0;25.0;20.0;105;600;4;28;1.9;0.5;0;0;1;0;0;0;0;420;460
2018-12;Banane douce;Fruits;Sud-Ouest;Littoral;Forêt monomodale;0.0;1.0;19500;3050000;50.0;27.0;30.0;130;600;4;140;1.9;0.5;0;0;1;1;0;0;0;1640;1780
2018-12;Cacao;Cultures de Rente et Stimulants;Centre;Littoral;Forêt bimodale;0.0;1.0;225000;3050000;20.0;25.0;6.0;425;600;4;45;1.9;0.5;0;0;1;0;0;0;0;1720;1750
2018-12;Café;Cultures de Rente et Stimulants;Ouest;Littoral;Hauts Plateaux;0.0;1.0;98000;3050000;10.5;23.0;5.0;375;600;4;60;1.9;0.5;0;0;1;0;0;0;0;1990;2040
2019-01;Maïs;Céréales;Ouest;Centre;Hauts Plateaux;0.5;0.866;60000;3060000;10.5;23.0;8.5;95;600;4;45;1.9;0.2;0;0;0;0;0;0;0;240;185
2019-01;Riz;Céréales;Extrême-Nord;Centre;Soudano-sahélienne;0.5;0.866;27500;3060000;0.0;30.5;5.0;140;600;4;90;1.9;0.2;0;0;0;1;1;0;0;485;440
2019-01;Mil-Sorgho;Céréales;Nord;Extrême-Nord;Soudano-sahélienne;0.5;0.866;58500;4400000;0.0;32.0;12.0;85;600;4;40;1.9;0.2;0;0;0;1;1;0;0;260;235
2019-01;Blé;Céréales;Littoral(Import);Centre;Forêt monomodale;0.5;0.866;0;3060000;30.0;27.0;2.0;0;600;4;35;1.9;0.2;1;0;0;0;0;0;0;480;445
2019-01;Manioc;"Tubercules, Racines et Plantains";Centre;Centre;Forêt bimodale;0.5;0.866;124000;3060000;20.0;25.0;30.0;65;600;4;28;1.9;0.2;0;0;0;0;0;0;0;270;240
2019-01;Plantain;"Tubercules, Racines et Plantains";Sud-Ouest;Littoral;Forêt monomodale;0.5;0.866;38500;3150000;40.0;27.0;25.0;100;600;3;160;1.9;0.2;0;0;0;1;0;0;0;1980;1750
2019-01;Macabo-Taro;"Tubercules, Racines et Plantains";Littoral;Littoral;Forêt monomodale;0.5;0.866;20000;3150000;40.0;27.0;28.0;85;600;4;40;1.9;0.2;0;0;0;0;0;0;0;465;410
2019-01;Igname;"Tubercules, Racines et Plantains";Adamaoua;Centre;Savane guinéenne;0.5;0.866;23000;3060000;0.0;24.0;25.0;130;600;4;90;1.9;0.2;0;0;0;0;0;0;0;580;520
2019-01;Pomme de terre;"Tubercules, Racines et Plantains";Ouest;Littoral;Hauts Plateaux;0.5;0.866;17000;3150000;10.5;23.0;22.0;135;600;4;65;1.9;0.2;0;0;0;0;0;0;0;680;610
2019-01;Patate douce;"Tubercules, Racines et Plantains";Ouest;Centre;Hauts Plateaux;0.5;0.866;8800;3060000;10.5;23.0;23.0;85;600;4;60;1.9;0.2;0;0;0;0;0;0;0;395;350
2019-01;Tomate;Maraîchers;Ouest;Centre;Hauts Plateaux;0.5;0.866;14000;3060000;10.5;23.0;22.0;165;600;4;65;1.9;0.2;0;0;0;0;0;0;0;1300;1050
2019-01;Oignon;Maraîchers;Extrême-Nord;Centre;Soudano-sahélienne;0.5;0.866;24000;3060000;0.0;30.5;25.0;140;600;4;155;1.9;0.2;0;0;0;1;1;0;0;840;760
2019-01;Gombo;Maraîchers;Centre;Centre;Forêt bimodale;0.5;0.866;4800;3060000;20.0;25.0;42.0;120;600;4;28;1.9;0.2;0;0;0;0;0;0;0;700;620
2019-01;Piment;Maraîchers;Extrême-Nord;Littoral;Soudano-sahélienne;0.5;0.866;3900;3150000;0.0;30.5;30.0;195;600;4;165;1.9;0.2;0;0;0;1;1;0;0;1130;1010
2019-01;Poivron;Maraîchers;Extrême-Nord;Centre;Soudano-sahélienne;0.5;0.866;3200;3060000;0.0;30.5;35.0;185;600;4;155;1.9;0.2;0;0;0;1;1;0;0;1240;1120
2019-01;Ail;Maraîchers;Extrême-Nord;Centre;Soudano-sahélienne;0.5;0.866;1400;3060000;0.0;30.5;18.0;220;600;4;145;1.9;0.2;0;0;0;1;1;0;0;2680;2500
2019-01;Basilic;Maraîchers;Centre;Centre;Forêt bimodale;0.5;0.866;1000;3060000;20.0;25.0;52.0;100;600;4;28;1.9;0.2;0;0;0;0;0;0;0;720;640
2019-01;Légumes feuilles;Maraîchers;Centre;Centre;Forêt bimodale;0.5;0.866;7300;3060000;20.0;25.0;45.0;85;600;4;28;1.9;0.2;0;0;0;0;0;0;0;520;460
2019-01;Choux;Maraîchers;Ouest;Littoral;Hauts Plateaux;0.5;0.866;4900;3150000;10.5;23.0;30.0;125;600;4;55;1.9;0.2;0;0;0;0;0;0;0;690;610
2019-01;Pastèque;Maraîchers;Extrême-Nord;Centre;Soudano-sahélienne;0.5;0.866;2900;3060000;0.0;30.5;20.0;115;600;4;155;1.9;0.2;0;0;0;1;1;0;0;350;310
2019-01;Arachide;Oléagineux et Légumineuses;Nord;Centre;Soudano-sahélienne;0.5;0.866;56000;3060000;0.0;29.0;10.0;195;600;4;115;1.9;0.2;0;0;0;1;1;0;0;750;690
2019-01;Soja;Oléagineux et Légumineuses;Adamaoua;Centre;Savane guinéenne;0.5;0.866;9300;3060000;0.0;24.0;10.0;180;600;4;100;1.9;0.2;0;0;0;0;0;0;0;680;620
2019-01;Niébé;Oléagineux et Légumineuses;Extrême-Nord;Extrême-Nord;Soudano-sahélienne;0.5;0.866;39000;4400000;0.0;30.5;12.0;200;600;4;40;1.9;0.2;0;0;0;1;1;0;0;700;640
2019-01;Haricot sec;Oléagineux et Légumineuses;Ouest;Littoral;Hauts Plateaux;0.5;0.866;36000;3150000;10.5;23.0;8.0;130;600;4;60;1.9;0.2;0;0;0;0;0;0;0;690;620
2019-01;Huile de palme;Oléagineux et Légumineuses;Littoral;Centre;Forêt monomodale;0.5;0.866;59000;3060000;50.0;27.0;5.0;255;600;4;50;1.9;0.2;0;0;0;0;0;0;0;940;860
2019-01;Ananas;Fruits;Littoral;Centre;Forêt monomodale;0.5;0.866;9300;3060000;50.0;27.0;18.0;130;600;4;55;1.9;0.2;0;0;0;0;0;0;0;500;450
2019-01;Papaye;Fruits;Centre;Centre;Forêt bimodale;0.5;0.866;3900;3060000;20.0;25.0;35.0;100;600;4;28;1.9;0.2;0;0;0;0;0;0;0;480;430
2019-01;Mangue;Fruits;Nord;Centre;Soudano-sahélienne;0.5;0.866;7300;3060000;0.0;29.0;40.0;80;600;4;145;1.9;0.2;0;0;0;1;1;0;0;90;95
2019-01;Avocat;Fruits;Ouest;Littoral;Hauts Plateaux;0.5;0.866;14000;3150000;10.5;23.0;25.0;90;600;4;60;1.9;0.2;0;0;0;0;0;0;0;450;410
2019-01;Safou;Fruits;Littoral;Centre;Forêt monomodale;0.5;0.866;4900;3060000;50.0;27.0;40.0;100;600;4;60;1.9;0.2;0;0;0;0;0;0;0;640;580
2019-01;Citron;Fruits;Centre;Centre;Forêt bimodale;0.5;0.866;2900;3060000;20.0;25.0;20.0;95;600;4;28;1.9;0.2;0;0;0;0;0;0;0;510;460
2019-01;Orange;Fruits;Centre;Centre;Forêt bimodale;0.5;0.866;4900;3060000;20.0;25.0;20.0;105;600;4;28;1.9;0.2;0;0;0;0;0;0;0;460;420
2019-01;Banane douce;Fruits;Sud-Ouest;Littoral;Forêt monomodale;0.5;0.866;20000;3150000;50.0;27.0;30.0;130;600;3;140;1.9;0.2;0;0;0;1;0;0;0;1780;1550
2019-01;Cacao;Cultures de Rente et Stimulants;Centre;Littoral;Forêt bimodale;0.5;0.866;230000;3150000;20.0;25.0;6.0;425;600;4;45;1.9;0.2;0;0;0;0;0;0;0;1750;1720
2019-01;Café;Cultures de Rente et Stimulants;Ouest;Littoral;Hauts Plateaux;0.5;0.866;100000;3150000;10.5;23.0;5.0;375;600;4;60;1.9;0.2;0;0;0;0;0;0;0;2040;1980
2019-02;Maïs;Céréales;Ouest;Centre;Hauts Plateaux;0.866;0.5;60000;3060000;12.0;24.0;8.5;95;600;4;45;1.9;0.2;0;0;0;0;0;0;0;185;175
2019-02;Riz;Céréales;Extrême-Nord;Centre;Soudano-sahélienne;0.866;0.5;27500;3060000;0.0;31.5;5.0;140;600;4;90;1.9;0.2;0;0;0;1;1;0;0;440;425
2019-02;Mil-Sorgho;Céréales;Nord;Extrême-Nord;Soudano-sahélienne;0.866;0.5;58500;4400000;0.0;33.0;12.5;85;600;4;40;1.9;0.2;0;0;0;1;1;0;0;235;220
2019-02;Blé;Céréales;Littoral(Import);Centre;Forêt monomodale;0.866;0.5;0;3060000;35.0;28.0;2.0;0;600;4;35;1.9;0.2;1;0;0;0;0;0;0;445;430
2019-02;Manioc;"Tubercules, Racines et Plantains";Centre;Centre;Forêt bimodale;0.866;0.5;124000;3060000;25.0;26.0;30.5;65;600;4;28;1.9;0.2;0;0;0;0;0;0;0;240;225
2019-02;Plantain;"Tubercules, Racines et Plantains";Sud-Ouest;Littoral;Forêt monomodale;0.866;0.5;38500;3150000;45.0;27.5;25.0;100;600;3;160;1.9;0.2;0;0;0;1;0;0;0;1750;1650
2019-02;Macabo-Taro;"Tubercules, Racines et Plantains";Littoral;Littoral;Forêt monomodale;0.866;0.5;20000;3150000;45.0;27.5;28.5;85;600;4;40;1.9;0.2;0;0;0;0;0;0;0;410;385
2019-02;Igname;"Tubercules, Racines et Plantains";Adamaoua;Centre;Savane guinéenne;0.866;0.5;23000;3060000;0.0;25.0;26.0;130;600;4;90;1.9;0.2;0;0;0;0;0;0;0;520;490
2019-02;Pomme de terre;"Tubercules, Racines et Plantains";Ouest;Littoral;Hauts Plateaux;0.866;0.5;17000;3150000;12.0;24.0;21.0;135;600;4;65;1.9;0.2;0;0;0;0;0;0;0;610;570
2019-02;Patate douce;"Tubercules, Racines et Plantains";Ouest;Centre;Hauts Plateaux;0.866;0.5;8800;3060000;12.0;24.0;23.0;85;600;4;60;1.9;0.2;0;0;0;0;0;0;0;350;330
2019-02;Tomate;Maraîchers;Ouest;Centre;Hauts Plateaux;0.866;0.5;14000;3060000;12.0;24.0;25.5;165;600;4;65;1.9;0.2;0;0;0;0;0;0;0;1050;950
2019-02;Oignon;Maraîchers;Extrême-Nord;Centre;Soudano-sahélienne;0.866;0.5;24000;3060000;0.0;31.5;26.0;140;600;4;155;1.9;0.2;0;0;0;1;1;0;0;760;710
2019-02;Gombo;Maraîchers;Centre;Centre;Forêt bimodale;0.866;0.5;4800;3060000;25.0;26.0;42.0;120;600;4;28;1.9;0.2;0;0;0;0;0;0;0;620;580
2019-02;Piment;Maraîchers;Extrême-Nord;Littoral;Soudano-sahélienne;0.866;0.5;3900;3150000;0.0;31.5;32.0;195;600;4;165;1.9;0.2;0;0;0;1;1;0;0;1010;950
2019-02;Poivron;Maraîchers;Extrême-Nord;Centre;Soudano-sahélienne;0.866;0.5;3200;3060000;0.0;31.5;37.0;185;600;4;155;1.9;0.2;0;0;0;1;1;0;0;1120;1050
2019-02;Ail;Maraîchers;Extrême-Nord;Centre;Soudano-sahélienne;0.866;0.5;1400;3060000;0.0;31.5;18.0;220;600;4;145;1.9;0.2;0;0;0;1;1;0;0;2500;2400
2019-02;Basilic;Maraîchers;Centre;Centre;Forêt bimodale;0.866;0.5;1000;3060000;25.0;26.0;55.0;100;600;4;28;1.9;0.2;0;0;0;0;0;0;0;640;600
2019-02;Légumes feuilles;Maraîchers;Centre;Centre;Forêt bimodale;0.866;0.5;7300;3060000;25.0;26.0;48.0;85;600;4;28;1.9;0.2;0;0;0;0;0;0;0;460;430
2019-02;Choux;Maraîchers;Ouest;Littoral;Hauts Plateaux;0.866;0.5;4900;3150000;12.0;24.0;32.0;125;600;4;55;1.9;0.2;0;0;0;0;0;0;0;610;560
2019-02;Pastèque;Maraîchers;Extrême-Nord;Centre;Soudano-sahélienne;0.866;0.5;2900;3060000;0.0;31.5;22.0;115;600;4;155;1.9;0.2;0;0;0;1;1;0;0;310;280
2019-02;Arachide;Oléagineux et Légumineuses;Nord;Centre;Soudano-sahélienne;0.866;0.5;56000;3060000;0.0;33.0;11.0;195;600;4;115;1.9;0.2;0;0;0;1;1;0;0;690;650
2019-02;Soja;Oléagineux et Légumineuses;Adamaoua;Centre;Savane guinéenne;0.866;0.5;9300;3060000;0.0;25.0;10.5;180;600;4;100;1.9;0.2;0;0;0;0;0;0;0;620;590
2019-02;Niébé;Oléagineux et Légumineuses;Extrême-Nord;Extrême-Nord;Soudano-sahélienne;0.866;0.5;39000;4400000;0.0;31.5;12.5;200;600;4;40;1.9;0.2;0;0;0;1;1;0;0;640;610
2019-02;Haricot sec;Oléagineux et Légumineuses;Ouest;Littoral;Hauts Plateaux;0.866;0.5;36000;3150000;12.0;24.0;8.5;130;600;4;60;1.9;0.2;0;0;0;0;0;0;0;620;580
2019-02;Huile de palme;Oléagineux et Légumineuses;Littoral;Centre;Forêt monomodale;0.866;0.5;59000;3060000;55.0;28.0;6.0;255;600;4;50;1.9;0.2;0;0;0;0;0;0;0;860;810
2019-02;Ananas;Fruits;Littoral;Centre;Forêt monomodale;0.866;0.5;9300;3060000;55.0;28.0;16.5;130;600;4;55;1.9;0.2;0;0;0;0;0;0;0;450;425
2019-02;Papaye;Fruits;Centre;Centre;Forêt bimodale;0.866;0.5;3900;3060000;25.0;26.0;36.0;100;600;4;28;1.9;0.2;0;0;0;0;0;0;0;430;400
2019-02;Mangue;Fruits;Nord;Centre;Soudano-sahélienne;0.866;0.5;7300;3060000;0.0;33.0;42.0;80;600;4;145;1.9;0.2;0;0;0;1;1;0;0;95;110
2019-02;Avocat;Fruits;Ouest;Littoral;Hauts Plateaux;0.866;0.5;14000;3150000;12.0;24.0;26.0;90;600;4;60;1.9;0.2;0;0;0;0;0;0;0;410;380
2019-02;Safou;Fruits;Littoral;Centre;Forêt monomodale;0.866;0.5;4900;3060000;55.0;28.0;41.0;100;600;4;60;1.9;0.2;0;0;0;0;0;0;0;580;540
2019-02;Citron;Fruits;Centre;Centre;Forêt bimodale;0.866;0.5;2900;3060000;25.0;26.0;21.0;95;600;4;28;1.9;0.2;0;0;0;0;0;0;0;460;430
2019-02;Orange;Fruits;Centre;Centre;Forêt bimodale;0.866;0.5;4900;3060000;25.0;26.0;21.0;105;600;4;28;1.9;0.2;0;0;0;0;0;0;0;420;395
2019-02;Banane douce;Fruits;Sud-Ouest;Littoral;Forêt monomodale;0.866;0.5;20000;3150000;45.0;27.5;31.0;130;600;3;140;1.9;0.2;0;0;0;1;0;0;0;1550;1460
2019-02;Cacao;Cultures de Rente et Stimulants;Centre;Littoral;Forêt bimodale;0.866;0.5;230000;3150000;25.0;26.0;6.0;425;600;4;45;1.9;0.2;0;0;0;0;0;0;0;1720;1680
2019-02;Café;Cultures de Rente et Stimulants;Ouest;Littoral;Hauts Plateaux;0.866;0.5;100000;3150000;12.0;24.0;5.0;375;600;4;60;1.9;0.2;0;0;0;0;0;0;0;1980;1920
2019-03;Maïs;Céréales;Ouest;Centre;Hauts Plateaux;1.0;0.0;60000;3060000;25.0;24.0;9.0;95;600;4;45;1.9;0.2;0;0;0;0;0;0;0;175;170
2019-03;Riz;Céréales;Extrême-Nord;Centre;Soudano-sahélienne;1.0;0.0;27500;3060000;0.0;33.5;5.0;140;600;4;90;1.9;0.2;0;0;0;1;1;0;0;425;415
2019-03;Mil-Sorgho;Céréales;Nord;Extrême-Nord;Soudano-sahélienne;1.0;0.0;58500;4400000;0.0;35.0;12.5;85;600;4;40;1.9;0.2;0;0;0;1;1;0;0;220;210
2019-03;Blé;Céréales;Littoral(Import);Centre;Forêt monomodale;1.0;0.0;0;3060000;45.0;28.0;2.0;0;600;4;35;1.9;0.2;1;0;0;0;0;0;0;430;415
2019-03;Manioc;"Tubercules, Racines et Plantains";Centre;Centre;Forêt bimodale;1.0;0.0;124000;3060000;35.0;27.0;31.0;65;600;4;28;1.9;0.2;0;0;0;0;0;0;0;225;210
2019-03;Plantain;"Tubercules, Racines et Plantains";Sud-Ouest;Littoral;Forêt monomodale;1.0;0.0;38500;3150000;55.0;28.5;26.0;100;600;3;160;1.9;0.2;0;0;0;1;0;0;0;1650;1560
2019-03;Macabo-Taro;"Tubercules, Racines et Plantains";Littoral;Littoral;Forêt monomodale;1.0;0.0;20000;3150000;55.0;28.5;29.5;85;600;4;40;1.9;0.2;0;0;0;0;0;0;0;385;360
2019-03;Igname;"Tubercules, Racines et Plantains";Adamaoua;Centre;Savane guinéenne;1.0;0.0;23000;3060000;10.0;26.0;26.5;130;600;4;90;1.9;0.2;0;0;0;0;0;0;0;490;470
2019-03;Pomme de terre;"Tubercules, Racines et Plantains";Ouest;Littoral;Hauts Plateaux;1.0;0.0;17000;3150000;25.0;24.0;22.0;135;600;4;65;1.9;0.2;0;0;0;0;0;0;0;570;540
2019-03;Patate douce;"Tubercules, Racines et Plantains";Ouest;Centre;Hauts Plateaux;1.0;0.0;8800;3060000;25.0;24.0;24.0;85;600;4;60;1.9;0.2;0;0;0;0;0;0;0;330;315
2019-03;Tomate;Maraîchers;Ouest;Centre;Hauts Plateaux;1.0;0.0;14000;3060000;25.0;24.0;27.0;165;600;4;65;1.9;0.2;0;0;0;0;0;0;0;950;860
2019-03;Oignon;Maraîchers;Extrême-Nord;Centre;Soudano-sahélienne;1.0;0.0;24000;3060000;0.0;34.0;26.5;140;600;4;155;1.9;0.2;0;0;0;1;1;0;0;710;670
2019-03;Gombo;Maraîchers;Centre;Centre;Forêt bimodale;1.0;0.0;4800;3060000;35.0;27.0;43.0;120;600;4;28;1.9;0.2;0;0;0;0;0;0;0;580;545
2019-03;Piment;Maraîchers;Extrême-Nord;Littoral;Soudano-sahélienne;1.0;0.0;3900;3150000;0.0;34.0;32.5;195;600;4;165;1.9;0.2;0;0;0;1;1;0;0;950;900
2019-03;Poivron;Maraîchers;Extrême-Nord;Centre;Soudano-sahélienne;1.0;0.0;3200;3060000;0.0;34.0;37.5;185;600;4;155;1.9;0.2;0;0;0;1;1;0;0;1050;990
2019-03;Ail;Maraîchers;Extrême-Nord;Centre;Soudano-sahélienne;1.0;0.0;1400;3060000;0.0;34.0;18.5;220;600;4;145;1.9;0.2;0;0;0;1;1;0;0;2400;2320
2019-03;Basilic;Maraîchers;Centre;Centre;Forêt bimodale;1.0;0.0;1000;3060000;35.0;27.0;56.0;100;600;4;28;1.9;0.2;0;0;0;0;0;0;0;600;565
2019-03;Légumes feuilles;Maraîchers;Centre;Centre;Forêt bimodale;1.0;0.0;7300;3060000;35.0;27.0;49.0;85;600;4;28;1.9;0.2;0;0;0;0;0;0;0;430;400
2019-03;Choux;Maraîchers;Ouest;Littoral;Hauts Plateaux;1.0;0.0;4900;3150000;25.0;24.0;33.0;125;600;4;55;1.9;0.2;0;0;0;0;0;0;0;560;525
2019-03;Pastèque;Maraîchers;Extrême-Nord;Centre;Soudano-sahélienne;1.0;0.0;2900;3060000;0.0;34.0;22.5;115;600;4;155;1.9;0.2;0;0;0;1;1;0;0;280;265
2019-03;Arachide;Oléagineux et Légumineuses;Nord;Centre;Soudano-sahélienne;1.0;0.0;56000;3060000;0.0;34.5;11.5;195;600;4;115;1.9;0.2;0;0;0;1;1;0;0;650;620
2019-03;Soja;Oléagineux et Légumineuses;Adamaoua;Centre;Savane guinéenne;1.0;0.0;9300;3060000;10.0;26.0;11.0;180;600;4;100;1.9;0.2;0;0;0;0;0;0;0;590;560
2019-03;Niébé;Oléagineux et Légumineuses;Extrême-Nord;Extrême-Nord;Soudano-sahélienne;1.0;0.0;39000;4400000;0.0;34.0;13.0;200;600;4;40;1.9;0.2;0;0;0;1;1;0;0;610;590
2019-03;Haricot sec;Oléagineux et Légumineuses;Ouest;Littoral;Hauts Plateaux;1.0;0.0;36000;3150000;25.0;24.0;9.5;130;600;4;60;1.9;0.2;0;0;0;0;0;0;0;580;545
2019-03;Huile de palme;Oléagineux et Légumineuses;Littoral;Centre;Forêt monomodale;1.0;0.0;59000;3060000;65.0;28.5;6.5;255;600;4;50;1.9;0.2;0;0;0;0;0;0;0;810;775
2019-03;Ananas;Fruits;Littoral;Centre;Forêt monomodale;1.0;0.0;9300;3060000;65.0;28.5;18.0;130;600;4;55;1.9;0.2;0;0;0;0;0;0;0;425;400
2019-03;Papaye;Fruits;Centre;Centre;Forêt bimodale;1.0;0.0;3900;3060000;35.0;27.0;37.0;100;600;4;28;1.9;0.2;0;0;0;0;0;0;0;400;380
2019-03;Mangue;Fruits;Nord;Centre;Soudano-sahélienne;1.0;0.0;7300;3060000;0.0;34.5;43.0;80;600;4;145;1.9;0.2;0;0;0;1;1;0;0;110;100
2019-03;Avocat;Fruits;Ouest;Littoral;Hauts Plateaux;1.0;0.0;14000;3150000;25.0;24.0;27.0;90;600;4;60;1.9;0.2;0;0;0;0;0;0;0;380;360
2019-03;Safou;Fruits;Littoral;Centre;Forêt monomodale;1.0;0.0;4900;3060000;65.0;28.5;42.0;100;600;4;60;1.9;0.2;0;0;0;0;0;0;0;540;510
2019-03;Citron;Fruits;Centre;Centre;Forêt bimodale;1.0;0.0;2900;3060000;35.0;27.0;22.0;95;600;4;28;1.9;0.2;0;0;0;0;0;0;0;430;405
2019-03;Orange;Fruits;Centre;Centre;Forêt bimodale;1.0;0.0;4900;3060000;35.0;27.0;22.0;105;600;4;28;1.9;0.2;0;0;0;0;0;0;0;395;370
2019-03;Banane douce;Fruits;Sud-Ouest;Littoral;Forêt monomodale;1.0;0.0;20000;3150000;65.0;28.5;32.0;130;600;3;140;1.9;0.2;0;0;0;1;0;0;0;1460;1390
2019-03;Cacao;Cultures de Rente et Stimulants;Centre;Littoral;Forêt bimodale;1.0;0.0;230000;3150000;35.0;27.0;6.5;425;600;4;45;1.9;0.2;0;0;0;0;0;0;0;1680;1650
2019-03;Café;Cultures de Rente et Stimulants;Ouest;Littoral;Hauts Plateaux;1.0;0.0;100000;3150000;25.0;24.0;5.5;375;600;4;60;1.9;0.2;0;0;0;0;0;0;0;1920;1870
2019-04;Maïs;Céréales;Ouest;Centre;Hauts Plateaux;0.866;-0.5;60000;3060000;65.0;23.5;10.5;95;600;3;55;1.9;0.3;0;0;0;0;0;0;0;170;185
2019-04;Riz;Céréales;Extrême-Nord;Centre;Soudano-sahélienne;0.866;-0.5;27500;3060000;10.0;35.0;5.5;140;600;3;100;1.9;0.3;0;0;0;1;1;0;0;415;435
2019-04;Mil-Sorgho;Céréales;Nord;Extrême-Nord;Soudano-sahélienne;0.866;-0.5;58500;4400000;10.0;36.0;13.0;85;600;3;50;1.9;0.3;0;0;0;1;1;0;0;210;225
2019-04;Blé;Céréales;Littoral(Import);Centre;Forêt monomodale;0.866;-0.5;0;3060000;80.0;27.0;2.5;0;600;3;45;1.9;0.3;1;0;0;0;0;0;0;415;435
2019-04;Manioc;"Tubercules, Racines et Plantains";Centre;Centre;Forêt bimodale;0.866;-0.5;124000;3060000;70.0;26.0;33.5;65;600;3;38;1.9;0.3;0;0;0;0;0;0;0;210;225
2019-04;Plantain;"Tubercules, Racines et Plantains";Sud-Ouest;Littoral;Forêt monomodale;0.866;-0.5;38500;3150000;110.0;27.5;28.5;100;600;2;180;1.9;0.3;0;0;0;1;0;0;0;1560;1620
2019-04;Macabo-Taro;"Tubercules, Racines et Plantains";Littoral;Littoral;Forêt monomodale;0.866;-0.5;20000;3150000;110.0;27.5;32.0;85;600;2;60;1.9;0.3;0;0;0;0;0;0;0;360;395
2019-04;Igname;"Tubercules, Racines et Plantains";Adamaoua;Centre;Savane guinéenne;0.866;-0.5;23000;3060000;40.0;25.0;28.5;130;600;3;100;1.9;0.3;0;0;0;0;0;0;0;470;510
2019-04;Pomme de terre;"Tubercules, Racines et Plantains";Ouest;Littoral;Hauts Plateaux;0.866;-0.5;17000;3150000;65.0;23.5;25.0;135;600;3;75;1.9;0.3;0;0;0;0;0;0;0;540;595
2019-04;Patate douce;"Tubercules, Racines et Plantains";Ouest;Centre;Hauts Plateaux;0.866;-0.5;8800;3060000;65.0;23.5;26.0;85;600;3;70;1.9;0.3;0;0;0;0;0;0;0;315;345
2019-04;Tomate;Maraîchers;Ouest;Centre;Hauts Plateaux;0.866;-0.5;14000;3060000;65.0;23.5;30.0;165;600;3;75;1.9;0.3;0;0;0;0;0;0;0;860;980
2019-04;Oignon;Maraîchers;Extrême-Nord;Centre;Soudano-sahélienne;0.866;-0.5;24000;3060000;10.0;35.0;28.5;140;600;3;165;1.9;0.3;0;0;0;1;1;0;0;670;710
2019-04;Gombo;Maraîchers;Centre;Centre;Forêt bimodale;0.866;-0.5;4800;3060000;70.0;26.0;46.0;120;600;3;38;1.9;0.3;0;0;0;0;0;0;0;545;590
2019-04;Piment;Maraîchers;Extrême-Nord;Littoral;Soudano-sahélienne;0.866;-0.5;3900;3150000;10.0;35.0;35.0;195;600;3;175;1.9;0.3;0;0;0;1;1;0;0;900;960
2019-04;Poivron;Maraîchers;Extrême-Nord;Centre;Soudano-sahélienne;0.866;-0.5;3200;3060000;10.0;35.0;40.0;185;600;3;165;1.9;0.3;0;0;0;1;1;0;0;990;1050
2019-04;Ail;Maraîchers;Extrême-Nord;Centre;Soudano-sahélienne;0.866;-0.5;1400;3060000;10.0;35.0;20.5;220;600;3;155;1.9;0.3;0;0;0;1;1;0;0;2320;2460
2019-04;Basilic;Maraîchers;Centre;Centre;Forêt bimodale;0.866;-0.5;1000;3060000;70.0;26.0;58.0;100;600;3;38;1.9;0.3;0;0;0;0;0;0;0;565;610
2019-04;Légumes feuilles;Maraîchers;Centre;Centre;Forêt bimodale;0.866;-0.5;7300;3060000;70.0;26.0;51.0;85;600;3;38;1.9;0.3;0;0;0;0;0;0;0;400;445
2019-04;Choux;Maraîchers;Ouest;Littoral;Hauts Plateaux;0.866;-0.5;4900;3150000;65.0;23.5;35.0;125;600;3;65;1.9;0.3;0;0;0;0;0;0;0;525;580
2019-04;Pastèque;Maraîchers;Extrême-Nord;Centre;Soudano-sahélienne;0.866;-0.5;2900;3060000;10.0;35.0;24.5;115;600;3;165;1.9;0.3;0;0;0;1;1;0;0;265;295
2019-04;Arachide;Oléagineux et Légumineuses;Nord;Centre;Soudano-sahélienne;0.866;-0.5;56000;3060000;10.0;35.5;12.5;195;600;3;125;1.9;0.3;0;0;0;1;1;0;0;620;655
2019-04;Soja;Oléagineux et Légumineuses;Adamaoua;Centre;Savane guinéenne;0.866;-0.5;9300;3060000;40.0;25.0;12.0;180;600;3;110;1.9;0.3;0;0;0;0;0;0;0;560;600
2019-04;Niébé;Oléagineux et Légumineuses;Extrême-Nord;Extrême-Nord;Soudano-sahélienne;0.866;-0.5;39000;4400000;10.0;35.0;14.0;200;600;3;50;1.9;0.3;0;0;0;1;1;0;0;590;625
2019-04;Haricot sec;Oléagineux et Légumineuses;Ouest;Littoral;Hauts Plateaux;0.866;-0.5;36000;3150000;65.0;23.5;10.5;130;600;3;70;1.9;0.3;0;0;0;0;0;0;0;545;595
2019-04;Huile de palme;Oléagineux et Légumineuses;Littoral;Centre;Forêt monomodale;0.866;-0.5;59000;3060000;110.0;27.5;8.5;255;600;2;70;1.9;0.3;0;0;0;0;0;0;0;775;845
2019-04;Ananas;Fruits;Littoral;Centre;Forêt monomodale;0.866;-0.5;9300;3060000;110.0;27.5;21.5;130;600;2;75;1.9;0.3;0;0;0;0;0;0;0;400;445
2019-04;Papaye;Fruits;Centre;Centre;Forêt bimodale;0.866;-0.5;3900;3060000;70.0;26.0;39.0;100;600;3;38;1.9;0.3;0;0;0;0;0;0;0;380;420
2019-04;Mangue;Fruits;Nord;Centre;Soudano-sahélienne;0.866;-0.5;7300;3060000;10.0;35.5;44.0;80;600;3;155;1.9;0.3;0;0;0;1;1;0;0;100;90
2019-04;Avocat;Fruits;Ouest;Littoral;Hauts Plateaux;0.866;-0.5;14000;3150000;65.0;23.5;29.0;90;600;3;70;1.9;0.3;0;0;0;0;0;0;0;360;405
2019-04;Safou;Fruits;Littoral;Centre;Forêt monomodale;0.866;-0.5;4900;3060000;110.0;27.5;44.0;100;600;2;75;1.9;0.3;0;0;0;0;0;0;0;510;575
2019-04;Citron;Fruits;Centre;Centre;Forêt bimodale;0.866;-0.5;2900;3060000;70.0;26.0;24.0;95;600;3;38;1.9;0.3;0;0;0;0;0;0;0;405;445
2019-04;Orange;Fruits;Centre;Centre;Forêt bimodale;0.866;-0.5;4900;3060000;70.0;26.0;24.0;105;600;3;38;1.9;0.3;0;0;0;0;0;0;0;370;415
2019-04;Banane douce;Fruits;Sud-Ouest;Littoral;Forêt monomodale;0.866;-0.5;20000;3150000;110.0;27.5;33.5;130;600;2;160;1.9;0.3;0;1;0;1;0;0;0;1390;1480
2019-04;Cacao;Cultures de Rente et Stimulants;Centre;Littoral;Forêt bimodale;0.866;-0.5;230000;3150000;70.0;26.0;8.0;425;600;3;55;1.9;0.3;0;0;0;0;0;0;0;1650;1700
2019-04;Café;Cultures de Rente et Stimulants;Ouest;Littoral;Hauts Plateaux;0.866;-0.5;100000;3150000;65.0;23.5;6.5;375;600;3;75;1.9;0.3;0;0;0;0;0;0;0;1870;1930
2019-05;Maïs;Céréales;Ouest;Centre;Hauts Plateaux;0.5;-0.866;60000;3060000;170.0;23.0;14.0;95;600;2;65;1.9;0.3;0;0;0;0;0;0;0;185;210
2019-05;Riz;Céréales;Extrême-Nord;Centre;Soudano-sahélienne;0.5;-0.866;27500;3060000;30.0;34.0;6.5;140;600;2;110;1.9;0.3;0;0;0;1;1;0;0;435;460
2019-05;Mil-Sorgho;Céréales;Nord;Extrême-Nord;Soudano-sahélienne;0.5;-0.866;58500;4400000;30.0;34.0;14.0;85;600;2;60;1.9;0.3;0;0;0;1;1;0;0;225;240
2019-05;Blé;Céréales;Littoral(Import);Centre;Forêt monomodale;0.5;-0.866;0;3060000;210.0;26.0;4.0;0;600;2;55;1.9;0.3;1;0;0;0;0;0;0;435;465
2019-05;Manioc;"Tubercules, Racines et Plantains";Centre;Centre;Forêt bimodale;0.5;-0.866;124000;3060000;220.0;25.0;39.5;65;600;2;48;1.9;0.3;0;0;0;0;0;0;0;225;250
2019-05;Plantain;"Tubercules, Racines et Plantains";Sud-Ouest;Littoral;Forêt monomodale;0.5;-0.866;38500;3150000;260.0;26.5;34.5;100;600;1;200;1.9;0.3;0;1;0;1;0;0;0;1620;1750
2019-05;Macabo-Taro;"Tubercules, Racines et Plantains";Littoral;Littoral;Forêt monomodale;0.5;-0.866;20000;3150000;260.0;26.5;37.0;85;600;1;80;1.9;0.3;0;0;0;0;0;0;0;395;440
2019-05;Igname;"Tubercules, Racines et Plantains";Adamaoua;Centre;Savane guinéenne;0.5;-0.866;23000;3060000;100.0;24.0;32.5;130;600;2;120;1.9;0.3;0;0;0;0;0;0;0;510;565
2019-05;Pomme de terre;"Tubercules, Racines et Plantains";Ouest;Littoral;Hauts Plateaux;0.5;-0.866;17000;3150000;170.0;23.0;30.0;135;600;2;95;1.9;0.3;0;0;0;0;0;0;0;595;665
2019-05;Patate douce;"Tubercules, Racines et Plantains";Ouest;Centre;Hauts Plateaux;0.5;-0.866;8800;3060000;170.0;23.0;31.0;85;600;2;85;1.9;0.3;0;0;0;0;0;0;0;345;385
2019-05;Tomate;Maraîchers;Ouest;Centre;Hauts Plateaux;0.5;-0.866;14000;3060000;170.0;23.0;36.0;165;600;2;95;1.9;0.3;0;0;0;0;0;0;0;980;1200
2019-05;Oignon;Maraîchers;Extrême-Nord;Centre;Soudano-sahélienne;0.5;-0.866;24000;3060000;30.0;34.0;31.5;140;600;2;185;1.9;0.3;0;0;0;1;1;0;0;710;760
2019-05;Gombo;Maraîchers;Centre;Centre;Forêt bimodale;0.5;-0.866;4800;3060000;220.0;25.0;53.0;120;600;2;48;1.9;0.3;0;0;0;0;0;0;0;590;650
2019-05;Piment;Maraîchers;Extrême-Nord;Littoral;Soudano-sahélienne;0.5;-0.866;3900;3150000;30.0;34.0;38.0;195;600;2;195;1.9;0.3;0;0;0;1;1;0;0;960;1020
2019-05;Poivron;Maraîchers;Extrême-Nord;Centre;Soudano-sahélienne;0.5;-0.866;3200;3060000;30.0;34.0;43.0;185;600;2;185;1.9;0.3;0;0;0;1;1;0;0;1050;1110
2019-05;Ail;Maraîchers;Extrême-Nord;Centre;Soudano-sahélienne;0.5;-0.866;1400;3060000;30.0;34.0;23.5;220;600;2;175;1.9;0.3;0;0;0;1;1;0;0;2460;2550
2019-05;Basilic;Maraîchers;Centre;Centre;Forêt bimodale;0.5;-0.866;1000;3060000;220.0;25.0;65.0;100;600;2;48;1.9;0.3;0;0;0;0;0;0;0;610;670
2019-05;Légumes feuilles;Maraîchers;Centre;Centre;Forêt bimodale;0.5;-0.866;7300;3060000;220.0;25.0;58.0;85;600;2;48;1.9;0.3;0;0;0;0;0;0;0;445;495
2019-05;Choux;Maraîchers;Ouest;Littoral;Hauts Plateaux;0.5;-0.866;4900;3150000;170.0;23.0;41.0;125;600;2;85;1.9;0.3;0;0;0;0;0;0;0;580;640
2019-05;Pastèque;Maraîchers;Extrême-Nord;Centre;Soudano-sahélienne;0.5;-0.866;2900;3060000;30.0;34.0;27.5;115;600;2;185;1.9;0.3;0;0;0;1;1;0;0;295;320
2019-05;Arachide;Oléagineux et Légumineuses;Nord;Centre;Soudano-sahélienne;0.5;-0.866;56000;3060000;30.0;32.5;14.5;195;600;2;145;1.9;0.3;0;0;0;1;1;0;0;655;695
2019-05;Soja;Oléagineux et Légumineuses;Adamaoua;Centre;Savane guinéenne;0.5;-0.866;9300;3060000;100.0;24.0;15.0;180;600;2;130;1.9;0.3;0;0;0;0;0;0;0;600;640
2019-05;Niébé;Oléagineux et Légumineuses;Extrême-Nord;Extrême-Nord;Soudano-sahélienne;0.5;-0.866;39000;4400000;30.0;34.0;16.0;200;600;2;70;1.9;0.3;0;0;0;1;1;0;0;625;665
2019-05;Haricot sec;Oléagineux et Légumineuses;Ouest;Littoral;Hauts Plateaux;0.5;-0.866;36000;3150000;170.0;23.0;14.5;130;600;2;85;1.9;0.3;0;0;0;0;0;0;0;595;655
2019-05;Huile de palme;Oléagineux et Légumineuses;Littoral;Centre;Forêt monomodale;0.5;-0.866;59000;3060000;260.0;26.5;11.0;255;600;1;85;1.9;0.3;0;0;0;0;0;0;0;845;925
2019-05;Ananas;Fruits;Littoral;Centre;Forêt monomodale;0.5;-0.866;9300;3060000;260.0;26.5;26.0;130;600;1;90;1.9;0.3;0;0;0;0;0;0;0;445;495
2019-05;Papaye;Fruits;Centre;Centre;Forêt bimodale;0.5;-0.866;3900;3060000;220.0;25.0;46.0;100;600;2;48;1.9;0.3;0;0;0;0;0;0;0;420;465
2019-05;Mangue;Fruits;Nord;Centre;Soudano-sahélienne;0.5;-0.866;7300;3060000;30.0;32.5;47.0;80;600;2;175;1.9;0.3;0;0;0;1;1;0;0;90;75
2019-05;Avocat;Fruits;Ouest;Littoral;Hauts Plateaux;0.5;-0.866;14000;3150000;170.0;23.0;35.5;90;600;2;85;1.9;0.3;0;0;0;0;0;0;0;405;455
2019-05;Safou;Fruits;Littoral;Centre;Forêt monomodale;0.5;-0.866;4900;3060000;260.0;26.5;51.0;100;600;1;90;1.9;0.3;0;0;0;0;0;0;0;575;640
2019-05;Citron;Fruits;Centre;Centre;Forêt bimodale;0.5;-0.866;2900;3060000;220.0;25.0;30.0;95;600;2;48;1.9;0.3;0;0;0;0;0;0;0;445;490
2019-05;Orange;Fruits;Centre;Centre;Forêt bimodale;0.5;-0.866;4900;3060000;220.0;25.0;30.0;105;600;2;48;1.9;0.3;0;0;0;0;0;0;0;415;460
2019-05;Banane douce;Fruits;Sud-Ouest;Littoral;Forêt monomodale;0.5;-0.866;20000;3150000;260.0;26.5;39.0;130;600;1;185;1.9;0.3;0;1;0;1;0;0;0;1480;1600
2019-05;Cacao;Cultures de Rente et Stimulants;Centre;Littoral;Forêt bimodale;0.5;-0.866;230000;3150000;220.0;25.0;10.0;425;600;2;65;1.9;0.3;0;0;0;0;0;0;0;1700;1745
2019-05;Café;Cultures de Rente et Stimulants;Ouest;Littoral;Hauts Plateaux;0.5;-0.866;100000;3150000;170.0;23.0;8.5;375;600;2;85;1.9;0.3;0;0;0;0;0;0;0;1930;1995
2019-06;Maïs;Céréales;Ouest;Centre;Hauts Plateaux;0.0;-1.0;60000;3060000;280.0;22.0;17.0;95;600;1;85;1.9;0.3;0;0;0;0;0;0;0;210;235
2019-06;Riz;Céréales;Extrême-Nord;Centre;Soudano-sahélienne;0.0;-1.0;27500;3060000;80.0;32.0;8.0;140;600;1;125;1.9;0.3;0;0;0;1;1;0;0;460;485
2019-06;Mil-Sorgho;Céréales;Nord;Extrême-Nord;Soudano-sahélienne;0.0;-1.0;58500;4400000;80.0;32.0;15.0;85;600;1;70;1.9;0.3;0;0;0;1;1;0;0;240;255
2019-06;Blé;Céréales;Littoral(Import);Centre;Forêt monomodale;0.0;-1.0;0;3060000;350.0;25.0;6.0;0;600;1;75;1.9;0.3;1;0;0;0;0;0;0;465;500
2019-06;Manioc;"Tubercules, Racines et Plantains";Centre;Centre;Forêt bimodale;0.0;-1.0;124000;3060000;380.0;24.0;46.0;65;600;1;65;1.9;0.3;0;0;0;0;0;0;0;250;285
2019-06;Plantain;"Tubercules, Racines et Plantains";Sud-Ouest;Littoral;Forêt monomodale;0.0;-1.0;38500;3150000;450.0;25.5;40.5;100;600;1;235;1.9;0.3;0;1;0;1;0;0;0;1750;1920
2019-06;Macabo-Taro;"Tubercules, Racines et Plantains";Littoral;Littoral;Forêt monomodale;0.0;-1.0;20000;3150000;450.0;25.5;43.0;85;600;1;85;1.9;0.3;0;0;0;0;0;0;0;440;495
2019-06;Igname;"Tubercules, Racines et Plantains";Adamaoua;Centre;Savane guinéenne;0.0;-1.0;23000;3060000;180.0;23.0;37.0;130;600;1;145;1.9;0.3;0;0;0;0;0;0;0;565;630
2019-06;Pomme de terre;"Tubercules, Racines et Plantains";Ouest;Littoral;Hauts Plateaux;0.0;-1.0;17000;3150000;280.0;22.0;35.0;135;600;1;115;1.9;0.3;0;0;0;0;0;0;0;665;740
2019-06;Patate douce;"Tubercules, Racines et Plantains";Ouest;Centre;Hauts Plateaux;0.0;-1.0;8800;3060000;280.0;22.0;36.0;85;600;1;105;1.9;0.3;0;0;0;0;0;0;0;385;430
2019-06;Tomate;Maraîchers;Ouest;Centre;Hauts Plateaux;0.0;-1.0;14000;3060000;280.0;22.0;41.0;165;600;1;115;1.9;0.3;0;0;0;0;0;0;0;1200;1600
2019-06;Oignon;Maraîchers;Extrême-Nord;Centre;Soudano-sahélienne;0.0;-1.0;24000;3060000;80.0;32.0;35.0;140;600;1;205;1.9;0.3;0;0;0;1;1;0;0;760;840
2019-06;Gombo;Maraîchers;Centre;Centre;Forêt bimodale;0.0;-1.0;4800;3060000;380.0;24.0;61.0;120;600;1;65;1.9;0.3;0;0;0;0;0;0;0;650;730
2019-06;Piment;Maraîchers;Extrême-Nord;Littoral;Soudano-sahélienne;0.0;-1.0;3900;3150000;80.0;32.0;42.0;195;600;1;215;1.9;0.3;0;0;0;1;1;0;0;1020;1110
2019-06;Poivron;Maraîchers;Extrême-Nord;Centre;Soudano-sahélienne;0.0;-1.0;3200;3060000;80.0;32.0;47.0;185;600;1;205;1.9;0.3;0;0;0;1;1;0;0;1110;1210
2019-06;Ail;Maraîchers;Extrême-Nord;Centre;Soudano-sahélienne;0.0;-1.0;1400;3060000;80.0;32.0;27.0;220;600;1;195;1.9;0.3;0;0;0;1;1;0;0;2550;2700
2019-06;Basilic;Maraîchers;Centre;Centre;Forêt bimodale;0.0;-1.0;1000;3060000;380.0;24.0;73.0;100;600;1;65;1.9;0.3;0;0;0;0;0;0;0;670;750
2019-06;Légumes feuilles;Maraîchers;Centre;Centre;Forêt bimodale;0.0;-1.0;7300;3060000;380.0;24.0;66.0;85;600;1;65;1.9;0.3;0;0;0;0;0;0;0;495;560
2019-06;Choux;Maraîchers;Ouest;Littoral;Hauts Plateaux;0.0;-1.0;4900;3150000;280.0;22.0;46.0;125;600;1;115;1.9;0.3;0;0;0;0;0;0;0;640;720
2019-06;Pastèque;Maraîchers;Extrême-Nord;Centre;Soudano-sahélienne;0.0;-1.0;2900;3060000;80.0;32.0;31.0;115;600;1;195;1.9;0.3;0;0;0;1;1;0;0;320;355
2019-06;Arachide;Oléagineux et Légumineuses;Nord;Centre;Soudano-sahélienne;0.0;-1.0;56000;3060000;80.0;31.5;18.0;195;600;1;160;1.9;0.3;0;0;0;1;1;0;0;695;750
2019-06;Soja;Oléagineux et Légumineuses;Adamaoua;Centre;Savane guinéenne;0.0;-1.0;9300;3060000;180.0;23.0;18.0;180;600;1;135;1.9;0.3;0;0;0;0;0;0;0;640;700
2019-06;Niébé;Oléagineux et Légumineuses;Extrême-Nord;Extrême-Nord;Soudano-sahélienne;0.0;-1.0;39000;4400000;80.0;32.0;19.0;200;600;1;85;1.9;0.3;0;0;0;1;1;0;0;665;720
2019-06;Haricot sec;Oléagineux et Légumineuses;Ouest;Littoral;Hauts Plateaux;0.0;-1.0;36000;3150000;280.0;22.0;18.0;130;600;1;105;1.9;0.3;0;0;0;0;0;0;0;655;725
2019-06;Huile de palme;Oléagineux et Légumineuses;Littoral;Centre;Forêt monomodale;0.0;-1.0;59000;3060000;450.0;25.5;14.5;255;600;1;100;1.9;0.3;0;0;0;0;0;0;0;925;1020
2019-06;Ananas;Fruits;Littoral;Centre;Forêt monomodale;0.0;-1.0;9300;3060000;450.0;25.5;31.5;130;600;1;105;1.9;0.3;0;0;0;0;0;0;0;495;560
2019-06;Papaye;Fruits;Centre;Centre;Forêt bimodale;0.0;-1.0;3900;3060000;380.0;24.0;53.0;100;600;1;65;1.9;0.3;0;0;0;0;0;0;0;465;525
2019-06;Mangue;Fruits;Nord;Centre;Soudano-sahélienne;0.0;-1.0;7300;3060000;80.0;31.5;50.0;80;600;1;185;1.9;0.3;0;0;0;1;1;0;0;75;65
2019-06;Avocat;Fruits;Ouest;Littoral;Hauts Plateaux;0.0;-1.0;14000;3150000;280.0;22.0;40.0;90;600;1;105;1.9;0.3;0;0;0;0;0;0;0;455;515
2019-06;Safou;Fruits;Littoral;Centre;Forêt monomodale;0.0;-1.0;4900;3060000;450.0;25.5;56.0;100;600;1;105;1.9;0.3;0;0;0;0;0;0;0;640;715
2019-06;Citron;Fruits;Centre;Centre;Forêt bimodale;0.0;-1.0;2900;3060000;380.0;24.0;35.0;95;600;1;65;1.9;0.3;0;0;0;0;0;0;0;490;550
2019-06;Orange;Fruits;Centre;Centre;Forêt bimodale;0.0;-1.0;4900;3060000;380.0;24.0;35.0;105;600;1;65;1.9;0.3;0;0;0;0;0;0;0;460;515
2019-06;Banane douce;Fruits;Sud-Ouest;Littoral;Forêt monomodale;0.0;-1.0;20000;3150000;450.0;25.5;44.5;130;600;1;215;1.9;0.3;0;1;0;1;0;0;0;1600;1780
2019-06;Cacao;Cultures de Rente et Stimulants;Centre;Littoral;Forêt bimodale;0.0;-1.0;230000;3150000;380.0;24.0;11.5;425;600;1;85;1.9;0.3;0;0;0;0;0;0;0;1745;1800
2019-06;Café;Cultures de Rente et Stimulants;Ouest;Littoral;Hauts Plateaux;0.0;-1.0;100000;3150000;280.0;22.0;10.5;375;600;1;115;1.9;0.3;0;0;0;0;0;0;0;1995;2060
2019-07;Maïs;Céréales;Ouest;Centre;Hauts Plateaux;-0.5;-0.866;60000;3060000;260.0;21.5;16.5;95;600;1;85;1.9;0.4;0;0;0;0;0;0;0;235;250
2019-07;Riz;Céréales;Extrême-Nord;Centre;Soudano-sahélienne;-0.5;-0.866;27500;3060000;110.0;30.0;8.5;140;600;1;135;1.9;0.4;0;0;0;1;1;0;0;485;510
2019-07;Mil-Sorgho;Céréales;Nord;Extrême-Nord;Soudano-sahélienne;-0.5;-0.866;58500;4400000;110.0;30.0;16.0;85;600;1;75;1.9;0.4;0;0;0;1;1;0;0;255;270
2019-07;Blé;Céréales;Littoral(Import);Centre;Forêt monomodale;-0.5;-0.866;0;3060000;310.0;24.5;5.0;0;600;1;80;1.9;0.4;1;0;0;0;0;0;0;500;525
2019-07;Manioc;"Tubercules, Racines et Plantains";Centre;Centre;Forêt bimodale;-0.5;-0.866;124000;3060000;310.0;23.5;43.5;65;600;1;70;1.9;0.4;0;0;0;0;0;0;0;285;315
2019-07;Plantain;"Tubercules, Racines et Plantains";Sud-Ouest;Littoral;Forêt monomodale;-0.5;-0.866;38500;3150000;380.0;25.0;38.5;100;600;1;245;1.9;0.4;0;0;0;1;0;0;0;1920;2100
2019-07;Macabo-Taro;"Tubercules, Racines et Plantains";Littoral;Littoral;Forêt monomodale;-0.5;-0.866;20000;3150000;380.0;25.0;41.0;85;600;1;90;1.9;0.4;0;0;0;0;0;0;0;495;540
2019-07;Igname;"Tubercules, Racines et Plantains";Adamaoua;Centre;Savane guinéenne;-0.5;-0.866;23000;3060000;180.0;22.5;36.5;130;600;1;155;1.9;0.4;0;0;0;0;0;0;0;630;690
2019-07;Pomme de terre;"Tubercules, Racines et Plantains";Ouest;Littoral;Hauts Plateaux;-0.5;-0.866;17000;3150000;260.0;21.5;35.0;135;600;1;125;1.9;0.4;0;0;0;0;0;0;0;740;815
2019-07;Patate douce;"Tubercules, Racines et Plantains";Ouest;Centre;Hauts Plateaux;-0.5;-0.866;8800;3060000;260.0;21.5;35.0;85;600;1;115;1.9;0.4;0;0;0;0;0;0;0;430;480
2019-07;Tomate;Maraîchers;Ouest;Centre;Hauts Plateaux;-0.5;-0.866;14000;3060000;260.0;21.5;42.0;165;600;1;125;1.9;0.4;0;0;0;0;0;0;0;1600;1850
2019-07;Oignon;Maraîchers;Extrême-Nord;Centre;Soudano-sahélienne;-0.5;-0.866;24000;3060000;110.0;30.0;36.5;140;600;1;215;1.9;0.4;0;0;0;1;1;0;0;840;920
2019-07;Gombo;Maraîchers;Centre;Centre;Forêt bimodale;-0.5;-0.866;4800;3060000;310.0;23.5;57.0;120;600;1;75;1.9;0.4;0;0;0;0;0;0;0;730;810
2019-07;Piment;Maraîchers;Extrême-Nord;Littoral;Soudano-sahélienne;-0.5;-0.866;3900;3150000;110.0;30.0;44.0;195;600;1;225;1.9;0.4;0;0;0;1;1;0;0;1110;1200
2019-07;Poivron;Maraîchers;Extrême-Nord;Centre;Soudano-sahélienne;-0.5;-0.866;3200;3060000;110.0;30.0;49.0;185;600;1;215;1.9;0.4;0;0;0;1;1;0;0;1210;1310
2019-07;Ail;Maraîchers;Extrême-Nord;Centre;Soudano-sahélienne;-0.5;-0.866;1400;3060000;110.0;30.0;28.5;220;600;1;205;1.9;0.4;0;0;0;1;1;0;0;2700;2850
2019-07;Basilic;Maraîchers;Centre;Centre;Forêt bimodale;-0.5;-0.866;1000;3060000;310.0;23.5;69.0;100;600;1;75;1.9;0.4;0;0;0;0;0;0;0;750;820
2019-07;Légumes feuilles;Maraîchers;Centre;Centre;Forêt bimodale;-0.5;-0.866;7300;3060000;310.0;23.5;62.0;85;600;1;75;1.9;0.4;0;0;0;0;0;0;0;560;620
2019-07;Choux;Maraîchers;Ouest;Littoral;Hauts Plateaux;-0.5;-0.866;4900;3150000;260.0;21.5;46.0;125;600;1;125;1.9;0.4;0;0;0;0;0;0;0;720;795
2019-07;Pastèque;Maraîchers;Extrême-Nord;Centre;Soudano-sahélienne;-0.5;-0.866;2900;3060000;110.0;30.0;33.5;115;600;1;205;1.9;0.4;0;0;0;1;1;0;0;355;400
2019-07;Arachide;Oléagineux et Légumineuses;Nord;Centre;Soudano-sahélienne;-0.5;-0.866;56000;3060000;110.0;29.5;19.5;195;600;1;170;1.9;0.4;0;0;0;1;1;0;0;750;810
2019-07;Soja;Oléagineux et Légumineuses;Adamaoua;Centre;Savane guinéenne;-0.5;-0.866;9300;3060000;180.0;22.5;19.0;180;600;1;145;1.9;0.4;0;0;0;0;0;0;0;700;755
2019-07;Niébé;Oléagineux et Légumineuses;Extrême-Nord;Extrême-Nord;Soudano-sahélienne;-0.5;-0.866;39000;4400000;110.0;30.0;21.0;200;600;1;95;1.9;0.4;0;0;0;1;1;0;0;720;775
2019-07;Haricot sec;Oléagineux et Légumineuses;Ouest;Littoral;Hauts Plateaux;-0.5;-0.866;36000;3150000;260.0;21.5;18.5;130;600;1;115;1.9;0.4;0;0;0;0;0;0;0;725;795
2019-07;Huile de palme;Oléagineux et Légumineuses;Littoral;Centre;Forêt monomodale;-0.5;-0.866;59000;3060000;380.0;25.0;13.5;255;600;1;110;1.9;0.4;0;0;0;0;0;0;0;1020;1100
2019-07;Ananas;Fruits;Littoral;Centre;Forêt monomodale;-0.5;-0.866;9300;3060000;380.0;25.0;29.5;130;600;1;115;1.9;0.4;0;0;0;0;0;0;0;560;615
2019-07;Papaye;Fruits;Centre;Centre;Forêt bimodale;-0.5;-0.866;3900;3060000;310.0;23.5;50.0;100;600;1;75;1.9;0.4;0;0;0;0;0;0;0;525;580
2019-07;Mangue;Fruits;Nord;Centre;Soudano-sahélienne;-0.5;-0.866;7300;3060000;110.0;29.5;53.0;80;600;1;195;1.9;0.4;0;0;0;1;1;0;0;65;60
2019-07;Avocat;Fruits;Ouest;Littoral;Hauts Plateaux;-0.5;-0.866;14000;3150000;260.0;21.5;40.0;90;600;1;115;1.9;0.4;0;0;0;0;0;0;0;515;570
2019-07;Safou;Fruits;Littoral;Centre;Forêt monomodale;-0.5;-0.866;4900;3060000;380.0;25.0;55.0;100;600;1;115;1.9;0.4;0;0;0;0;0;0;0;715;785
2019-07;Citron;Fruits;Centre;Centre;Forêt bimodale;-0.5;-0.866;2900;3060000;310.0;23.5;34.0;95;600;1;75;1.9;0.4;0;0;0;0;0;0;0;550;605
2019-07;Orange;Fruits;Centre;Centre;Forêt bimodale;-0.5;-0.866;4900;3060000;310.0;23.5;34.0;105;600;1;75;1.9;0.4;0;0;0;0;0;0;0;515;565
2019-07;Banane douce;Fruits;Sud-Ouest;Littoral;Forêt monomodale;-0.5;-0.866;20000;3150000;380.0;25.0;43.5;130;600;1;225;1.9;0.4;0;1;0;1;0;0;0;1780;1920
2019-07;Cacao;Cultures de Rente et Stimulants;Centre;Littoral;Forêt bimodale;-0.5;-0.866;230000;3150000;310.0;23.5;10.5;425;600;1;95;1.9;0.4;0;0;0;0;0;0;0;1800;1850
2019-07;Café;Cultures de Rente et Stimulants;Ouest;Littoral;Hauts Plateaux;-0.5;-0.866;100000;3150000;260.0;21.5;9.5;375;600;1;125;1.9;0.4;0;0;0;0;0;0;0;2060;2120
2019-08;Maïs;Céréales;Ouest;Centre;Hauts Plateaux;-0.866;-0.5;60000;3060000;300.0;21.0;17.5;95;600;1;95;1.9;0.5;0;0;0;0;0;0;0;250;270
2019-08;Riz;Céréales;Extrême-Nord;Centre;Soudano-sahélienne;-0.866;-0.5;27500;3060000;160.0;29.0;9.5;140;600;1;145;1.9;0.5;0;0;0;1;1;0;0;510;535
2019-08;Mil-Sorgho;Céréales;Nord;Extrême-Nord;Soudano-sahélienne;-0.866;-0.5;58500;4400000;160.0;29.0;17.0;85;600;1;85;1.9;0.5;0;0;0;1;1;0;0;270;290
2019-08;Blé;Céréales;Littoral(Import);Centre;Forêt monomodale;-0.866;-0.5;0;3060000;400.0;24.0;5.5;0;600;1;90;1.9;0.5;1;0;0;0;0;0;0;525;550
2019-08;Manioc;"Tubercules, Racines et Plantains";Centre;Centre;Forêt bimodale;-0.866;-0.5;124000;3060000;380.0;23.0;45.5;65;600;1;80;1.9;0.5;0;0;0;0;0;0;0;315;345
2019-08;Plantain;"Tubercules, Racines et Plantains";Sud-Ouest;Littoral;Forêt monomodale;-0.866;-0.5;38500;3150000;450.0;24.5;40.5;100;600;1;255;1.9;0.5;0;0;0;1;0;0;0;2100;2300
2019-08;Macabo-Taro;"Tubercules, Racines et Plantains";Littoral;Littoral;Forêt monomodale;-0.866;-0.5;20000;3150000;450.0;24.5;43.0;85;600;1;100;1.9;0.5;0;0;0;0;0;0;0;540;595
2019-08;Igname;"Tubercules, Racines et Plantains";Adamaoua;Centre;Savane guinéenne;-0.866;-0.5;23000;3060000;250.0;22.0;38.5;130;600;1;165;1.9;0.5;0;0;0;0;0;0;0;690;750
2019-08;Pomme de terre;"Tubercules, Racines et Plantains";Ouest;Littoral;Hauts Plateaux;-0.866;-0.5;17000;3150000;320.0;21.0;37.0;135;600;1;135;1.9;0.5;0;0;0;0;0;0;0;815;890
2019-08;Patate douce;"Tubercules, Racines et Plantains";Ouest;Centre;Hauts Plateaux;-0.866;-0.5;8800;3060000;320.0;21.0;37.0;85;600;1;125;1.9;0.5;0;0;0;0;0;0;0;480;525
2019-08;Tomate;Maraîchers;Ouest;Centre;Hauts Plateaux;-0.866;-0.5;14000;3060000;320.0;21.0;45.0;165;600;1;135;1.9;0.5;0;0;0;0;0;0;0;1850;2100
2019-08;Oignon;Maraîchers;Extrême-Nord;Centre;Soudano-sahélienne;-0.866;-0.5;24000;3060000;160.0;29.0;38.5;140;600;1;225;1.9;0.5;0;0;0;1;1;0;0;920;1010
2019-08;Gombo;Maraîchers;Centre;Centre;Forêt bimodale;-0.866;-0.5;4800;3060000;380.0;23.0;59.0;120;600;1;85;1.9;0.5;0;0;0;0;0;0;0;810;890
2019-08;Piment;Maraîchers;Extrême-Nord;Littoral;Soudano-sahélienne;-0.866;-0.5;3900;3150000;160.0;29.0;46.0;195;600;1;235;1.9;0.5;0;0;0;1;1;0;0;1200;1310
2019-08;Poivron;Maraîchers;Extrême-Nord;Centre;Soudano-sahélienne;-0.866;-0.5;3200;3060000;160.0;29.0;51.0;185;600;1;225;1.9;0.5;0;0;0;1;1;0;0;1310;1430
2019-08;Ail;Maraîchers;Extrême-Nord;Centre;Soudano-sahélienne;-0.866;-0.5;1400;3060000;160.0;29.0;30.5;220;600;1;215;1.9;0.5;0;0;0;1;1;0;0;2850;3100
2019-08;Basilic;Maraîchers;Centre;Centre;Forêt bimodale;-0.866;-0.5;1000;3060000;380.0;23.0;71.0;100;600;1;85;1.9;0.5;0;0;0;0;0;0;0;820;900
2019-08;Légumes feuilles;Maraîchers;Centre;Centre;Forêt bimodale;-0.866;-0.5;7300;3060000;380.0;23.0;64.0;85;600;1;85;1.9;0.5;0;0;0;0;0;0;0;620;680
2019-08;Choux;Maraîchers;Ouest;Littoral;Hauts Plateaux;-0.866;-0.5;4900;3150000;320.0;21.0;48.0;125;600;1;135;1.9;0.5;0;0;0;0;0;0;0;795;870
2019-08;Pastèque;Maraîchers;Extrême-Nord;Centre;Soudano-sahélienne;-0.866;-0.5;2900;3060000;160.0;29.0;35.5;115;600;1;215;1.9;0.5;0;0;0;1;1;0;0;400;445
2019-08;Arachide;Oléagineux et Légumineuses;Nord;Centre;Soudano-sahélienne;-0.866;-0.5;56000;3060000;160.0;28.5;21.5;195;600;1;180;1.9;0.5;0;0;0;1;1;0;0;810;885
2019-08;Soja;Oléagineux et Légumineuses;Adamaoua;Centre;Savane guinéenne;-0.866;-0.5;9300;3060000;250.0;22.0;21.0;180;600;1;155;1.9;0.5;0;0;0;0;0;0;0;755;825
2019-08;Niébé;Oléagineux et Légumineuses;Extrême-Nord;Extrême-Nord;Soudano-sahélienne;-0.866;-0.5;39000;4400000;160.0;29.0;23.0;200;600;1;105;1.9;0.5;0;0;0;1;1;0;0;775;845
2019-08;Haricot sec;Oléagineux et Légumineuses;Ouest;Littoral;Hauts Plateaux;-0.866;-0.5;36000;3150000;320.0;21.0;20.5;130;600;1;125;1.9;0.5;0;0;0;0;0;0;0;795;870
2019-08;Huile de palme;Oléagineux et Légumineuses;Littoral;Centre;Forêt monomodale;-0.866;-0.5;59000;3060000;450.0;24.5;15.5;255;600;1;120;1.9;0.5;0;0;0;0;0;0;0;1100;1210
2019-08;Ananas;Fruits;Littoral;Centre;Forêt monomodale;-0.866;-0.5;9300;3060000;450.0;24.5;31.5;130;600;1;125;1.9;0.5;0;0;0;0;0;0;0;615;675
2019-08;Papaye;Fruits;Centre;Centre;Forêt bimodale;-0.866;-0.5;3900;3060000;380.0;23.0;52.0;100;600;1;85;1.9;0.5;0;0;0;0;0;0;0;580;640
2019-08;Mangue;Fruits;Nord;Centre;Soudano-sahélienne;-0.866;-0.5;7300;3060000;160.0;28.5;55.0;80;600;1;205;1.9;0.5;0;0;0;1;1;0;0;60;55
2019-08;Avocat;Fruits;Ouest;Littoral;Hauts Plateaux;-0.866;-0.5;14000;3150000;320.0;21.0;42.0;90;600;1;125;1.9;0.5;0;0;0;0;0;0;0;570;630
2019-08;Safou;Fruits;Littoral;Centre;Forêt monomodale;-0.866;-0.5;4900;3060000;450.0;24.5;57.0;100;600;1;125;1.9;0.5;0;0;0;0;0;0;0;785;860
2019-08;Citron;Fruits;Centre;Centre;Forêt bimodale;-0.866;-0.5;2900;3060000;380.0;23.0;36.0;95;600;1;85;1.9;0.5;0;0;0;0;0;0;0;605;665
2019-08;Orange;Fruits;Centre;Centre;Forêt bimodale;-0.866;-0.5;4900;3060000;380.0;23.0;36.0;105;600;1;85;1.9;0.5;0;0;0;0;0;0;0;565;620
2019-08;Banane douce;Fruits;Sud-Ouest;Littoral;Forêt monomodale;-0.866;-0.5;20000;3150000;450.0;24.5;45.5;130;600;1;235;1.9;0.5;0;1;0;1;0;0;0;1920;2120
2019-08;Cacao;Cultures de Rente et Stimulants;Centre;Littoral;Forêt bimodale;-0.866;-0.5;230000;3150000;380.0;23.0;11.5;425;600;1;105;1.9;0.5;0;0;0;0;0;0;0;1850;1900
2019-08;Café;Cultures de Rente et Stimulants;Ouest;Littoral;Hauts Plateaux;-0.866;-0.5;100000;3150000;320.0;21.0;10.5;375;600;1;135;1.9;0.5;0;0;0;0;0;0;0;2120;2180
2019-09;Maïs;Céréales;Ouest;Centre;Hauts Plateaux;-1.0;0.0;60000;3060000;250.0;22.0;13.5;95;600;2;75;1.9;0.3;0;0;0;0;0;0;0;270;240
2019-09;Riz;Céréales;Extrême-Nord;Centre;Soudano-sahélienne;-1.0;0.0;27500;3060000;110.0;30.0;7.5;140;600;2;125;1.9;0.3;0;0;0;1;1;0;0;535;510
2019-09;Mil-Sorgho;Céréales;Nord;Extrême-Nord;Soudano-sahélienne;-1.0;0.0;58500;4400000;80.0;31.0;14.0;85;600;2;60;1.9;0.3;0;0;0;1;1;0;0;290;270
2019-09;Blé;Céréales;Littoral(Import);Centre;Forêt monomodale;-1.0;0.0;0;3060000;350.0;25.0;5.0;0;600;2;55;1.9;0.3;1;0;0;0;0;0;0;550;515
2019-09;Manioc;"Tubercules, Racines et Plantains";Centre;Centre;Forêt bimodale;-1.0;0.0;124000;3060000;150.0;24.0;38.0;65;600;2;45;1.9;0.3;0;0;0;0;0;0;0;345;315
2019-09;Plantain;"Tubercules, Racines et Plantains";Sud-Ouest;Littoral;Forêt monomodale;-1.0;0.0;38500;3150000;350.0;25.5;35.5;100;600;2;190;1.9;0.3;0;0;0;1;0;0;0;2300;1900
2019-09;Macabo-Taro;"Tubercules, Racines et Plantains";Littoral;Littoral;Forêt monomodale;-1.0;0.0;20000;3150000;350.0;25.5;38.0;85;600;2;65;1.9;0.3;0;0;0;0;0;0;0;595;540
2019-09;Igname;"Tubercules, Racines et Plantains";Adamaoua;Centre;Savane guinéenne;-1.0;0.0;23000;3060000;150.0;22.0;32.0;130;600;2;115;1.9;0.3;0;0;0;0;0;0;0;750;690
2019-09;Pomme de terre;"Tubercules, Racines et Plantains";Ouest;Littoral;Hauts Plateaux;-1.0;0.0;17000;3150000;200.0;21.0;30.0;135;600;2;100;1.9;0.3;0;0;0;0;0;0;0;890;780
2019-09;Patate douce;"Tubercules, Racines et Plantains";Ouest;Centre;Hauts Plateaux;-1.0;0.0;8800;3060000;200.0;21.0;32.0;85;600;2;85;1.9;0.3;0;0;0;0;0;0;0;525;460
2019-09;Tomate;Maraîchers;Ouest;Centre;Hauts Plateaux;-1.0;0.0;14000;3060000;200.0;21.0;40.0;165;600;2;100;1.9;0.3;0;0;0;0;0;0;0;2100;1600
2019-09;Oignon;Maraîchers;Extrême-Nord;Centre;Soudano-sahélienne;-1.0;0.0;24000;3060000;100.0;31.0;30.0;140;600;2;185;1.9;0.3;0;0;0;1;1;0;0;1010;930
2019-09;Gombo;Maraîchers;Centre;Centre;Forêt bimodale;-1.0;0.0;4800;3060000;150.0;24.0;50.0;120;600;2;55;1.9;0.3;0;0;0;0;0;0;0;890;810
2019-09;Piment;Maraîchers;Extrême-Nord;Littoral;Soudano-sahélienne;-1.0;0.0;3900;3150000;100.0;31.0;38.0;195;600;2;190;1.9;0.3;0;0;0;1;1;0;0;1310;1210
2019-09;Poivron;Maraîchers;Extrême-Nord;Centre;Soudano-sahélienne;-1.0;0.0;3200;3060000;100.0;31.0;42.0;185;600;2;180;1.9;0.3;0;0;0;1;1;0;0;1430;1320
2019-09;Ail;Maraîchers;Extrême-Nord;Centre;Soudano-sahélienne;-1.0;0.0;1400;3060000;100.0;31.0;25.0;220;600;2;175;1.9;0.3;0;0;0;1;1;0;0;3100;2850
2019-09;Basilic;Maraîchers;Centre;Centre;Forêt bimodale;-1.0;0.0;1000;3060000;150.0;24.0;60.0;100;600;2;55;1.9;0.3;0;0;0;0;0;0;0;900;810
2019-09;Légumes feuilles;Maraîchers;Centre;Centre;Forêt bimodale;-1.0;0.0;7300;3060000;150.0;24.0;55.0;85;600;2;55;1.9;0.3;0;0;0;0;0;0;0;680;595
2019-09;Choux;Maraîchers;Ouest;Littoral;Hauts Plateaux;-1.0;0.0;4900;3150000;200.0;21.0;40.0;125;600;2;95;1.9;0.3;0;0;0;0;0;0;0;870;785
2019-09;Pastèque;Maraîchers;Extrême-Nord;Centre;Soudano-sahélienne;-1.0;0.0;2900;3060000;100.0;31.0;26.0;115;600;2;180;1.9;0.3;0;0;0;1;1;0;0;445;395
2019-09;Arachide;Oléagineux et Légumineuses;Nord;Centre;Soudano-sahélienne;-1.0;0.0;56000;3060000;80.0;30.0;16.0;195;600;2;130;1.9;0.3;0;0;0;1;1;0;0;885;810
2019-09;Soja;Oléagineux et Légumineuses;Adamaoua;Centre;Savane guinéenne;-1.0;0.0;9300;3060000;150.0;22.0;16.0;180;600;2;120;1.9;0.3;0;0;0;0;0;0;0;825;745
2019-09;Niébé;Oléagineux et Légumineuses;Extrême-Nord;Extrême-Nord;Soudano-sahélienne;-1.0;0.0;39000;4400000;100.0;31.0;14.0;200;600;2;65;1.9;0.3;0;0;0;1;1;0;0;845;770
2019-09;Haricot sec;Oléagineux et Légumineuses;Ouest;Littoral;Hauts Plateaux;-1.0;0.0;36000;3150000;200.0;21.0;14.0;130;600;2;95;1.9;0.3;0;0;0;0;0;0;0;870;780
2019-09;Huile de palme;Oléagineux et Légumineuses;Littoral;Centre;Forêt monomodale;-1.0;0.0;59000;3060000;350.0;25.5;9.0;255;600;2;85;1.9;0.3;0;0;0;0;0;0;0;1210;1100
2019-09;Ananas;Fruits;Littoral;Centre;Forêt monomodale;-1.0;0.0;9300;3060000;350.0;25.5;28.0;130;600;2;95;1.9;0.3;0;0;0;0;0;0;0;675;600
2019-09;Papaye;Fruits;Centre;Centre;Forêt bimodale;-1.0;0.0;3900;3060000;150.0;24.0;45.0;100;600;2;55;1.9;0.3;0;0;0;0;0;0;0;640;575
2019-09;Mangue;Fruits;Nord;Centre;Soudano-sahélienne;-1.0;0.0;7300;3060000;80.0;30.0;48.0;80;600;2;170;1.9;0.3;0;0;0;1;1;0;0;55;50
2019-09;Avocat;Fruits;Ouest;Littoral;Hauts Plateaux;-1.0;0.0;14000;3150000;200.0;21.0;35.0;90;600;2;95;1.9;0.3;0;0;0;0;0;0;0;630;565
2019-09;Safou;Fruits;Littoral;Centre;Forêt monomodale;-1.0;0.0;4900;3060000;350.0;25.5;48.0;100;600;2;95;1.9;0.3;0;0;0;0;0;0;0;860;785
2019-09;Citron;Fruits;Centre;Centre;Forêt bimodale;-1.0;0.0;2900;3060000;150.0;24.0;30.0;95;600;2;55;1.9;0.3;0;0;0;0;0;0;0;665;595
2019-09;Orange;Fruits;Centre;Centre;Forêt bimodale;-1.0;0.0;4900;3060000;150.0;24.0;30.0;105;600;2;55;1.9;0.3;0;0;0;0;0;0;0;620;555
2019-09;Banane douce;Fruits;Sud-Ouest;Littoral;Forêt monomodale;-1.0;0.0;20000;3150000;350.0;25.5;40.0;130;600;2;170;1.9;0.3;0;1;0;1;0;0;0;2120;1900
2019-09;Cacao;Cultures de Rente et Stimulants;Centre;Littoral;Forêt bimodale;-1.0;0.0;230000;3150000;280.0;24.0;9.0;425;600;2;75;1.9;0.3;0;0;0;0;0;0;0;1900;1850
2019-09;Café;Cultures de Rente et Stimulants;Ouest;Littoral;Hauts Plateaux;-1.0;0.0;100000;3150000;200.0;21.0;8.0;375;600;2;95;1.9;0.3;0;0;0;0;0;0;0;2180;2100
2019-10;Maïs;Céréales;Ouest;Centre;Hauts Plateaux;-0.866;0.5;60000;3060000;150.0;23.0;10.0;95;600;3;55;1.9;0.2;0;0;0;0;0;0;0;240;200
2019-10;Riz;Céréales;Extrême-Nord;Centre;Soudano-sahélienne;-0.866;0.5;27500;3060000;40.0;31.5;5.5;140;600;3;105;1.9;0.2;0;0;0;1;1;0;0;510;485
2019-10;Mil-Sorgho;Céréales;Nord;Extrême-Nord;Soudano-sahélienne;-0.866;0.5;58500;4400000;40.0;32.0;13.0;85;600;3;50;1.9;0.2;0;0;0;1;1;0;0;270;245
2019-10;Blé;Céréales;Littoral(Import);Centre;Forêt monomodale;-0.866;0.5;0;3060000;250.0;26.0;3.0;0;600;3;45;1.9;0.2;1;0;0;0;0;0;0;515;480
2019-10;Manioc;"Tubercules, Racines et Plantains";Centre;Centre;Forêt bimodale;-0.866;0.5;124000;3060000;100.0;25.0;34.0;65;600;3;35;1.9;0.2;0;0;0;0;0;0;0;315;285
2019-10;Plantain;"Tubercules, Racines et Plantains";Sud-Ouest;Littoral;Forêt monomodale;-0.866;0.5;38500;3150000;250.0;26.5;30.0;100;600;3;170;1.9;0.2;0;0;0;1;0;0;0;1900;1500
2019-10;Macabo-Taro;"Tubercules, Racines et Plantains";Littoral;Littoral;Forêt monomodale;-0.866;0.5;20000;3150000;250.0;26.5;33.0;85;600;3;55;1.9;0.2;0;0;0;0;0;0;0;540;485
2019-10;Igname;"Tubercules, Racines et Plantains";Adamaoua;Centre;Savane guinéenne;-0.866;0.5;23000;3060000;50.0;23.0;28.0;130;600;3;100;1.9;0.2;0;0;0;0;0;0;0;690;620
2019-10;Pomme de terre;"Tubercules, Racines et Plantains";Ouest;Littoral;Hauts Plateaux;-0.866;0.5;17000;3150000;100.0;23.0;25.0;135;600;3;85;1.9;0.2;0;0;0;0;0;0;0;780;680
2019-10;Patate douce;"Tubercules, Racines et Plantains";Ouest;Centre;Hauts Plateaux;-0.866;0.5;8800;3060000;100.0;23.0;26.0;85;600;3;80;1.9;0.2;0;0;0;0;0;0;0;460;415
2019-10;Tomate;Maraîchers;Ouest;Centre;Hauts Plateaux;-0.866;0.5;14000;3060000;100.0;23.0;30.0;165;600;3;85;1.9;0.2;0;0;0;0;0;0;0;1600;1100
2019-10;Oignon;Maraîchers;Extrême-Nord;Centre;Soudano-sahélienne;-0.866;0.5;24000;3060000;30.0;33.0;28.0;140;600;3;170;1.9;0.2;0;0;0;1;1;0;0;930;850
2019-10;Gombo;Maraîchers;Centre;Centre;Forêt bimodale;-0.866;0.5;4800;3060000;100.0;25.0;45.0;120;600;3;45;1.9;0.2;0;0;0;0;0;0;0;810;730
2019-10;Piment;Maraîchers;Extrême-Nord;Littoral;Soudano-sahélienne;-0.866;0.5;3900;3150000;30.0;33.0;34.0;195;600;3;175;1.9;0.2;0;0;0;1;1;0;0;1210;1100
2019-10;Poivron;Maraîchers;Extrême-Nord;Centre;Soudano-sahélienne;-0.866;0.5;3200;3060000;30.0;33.0;38.0;185;600;3;165;1.9;0.2;0;0;0;1;1;0;0;1320;1180
2019-10;Ail;Maraîchers;Extrême-Nord;Centre;Soudano-sahélienne;-0.866;0.5;1400;3060000;30.0;33.0;22.0;220;600;3;160;1.9;0.2;0;0;0;1;1;0;0;2850;2650
2019-10;Basilic;Maraîchers;Centre;Centre;Forêt bimodale;-0.866;0.5;1000;3060000;100.0;25.0;55.0;100;600;3;45;1.9;0.2;0;0;0;0;0;0;0;810;720
2019-10;Légumes feuilles;Maraîchers;Centre;Centre;Forêt bimodale;-0.866;0.5;7300;3060000;100.0;25.0;50.0;85;600;3;45;1.9;0.2;0;0;0;0;0;0;0;595;525
2019-10;Choux;Maraîchers;Ouest;Littoral;Hauts Plateaux;-0.866;0.5;4900;3150000;100.0;23.0;34.0;125;600;3;80;1.9;0.2;0;0;0;0;0;0;0;785;695
2019-10;Pastèque;Maraîchers;Extrême-Nord;Centre;Soudano-sahélienne;-0.866;0.5;2900;3060000;30.0;33.0;24.0;115;600;3;165;1.9;0.2;0;0;0;1;1;0;0;395;355
2019-10;Arachide;Oléagineux et Légumineuses;Nord;Centre;Soudano-sahélienne;-0.866;0.5;56000;3060000;20.0;32.0;12.0;195;600;3;125;1.9;0.2;0;0;0;1;1;0;0;810;730
2019-10;Soja;Oléagineux et Légumineuses;Adamaoua;Centre;Savane guinéenne;-0.866;0.5;9300;3060000;50.0;23.0;12.0;180;600;3;115;1.9;0.2;0;0;0;0;0;0;0;745;685
2019-10;Niébé;Oléagineux et Légumineuses;Extrême-Nord;Extrême-Nord;Soudano-sahélienne;-0.866;0.5;39000;4400000;30.0;33.0;12.0;200;600;3;55;1.9;0.2;0;0;0;1;1;0;0;770;705
2019-10;Haricot sec;Oléagineux et Légumineuses;Ouest;Littoral;Hauts Plateaux;-0.866;0.5;36000;3150000;100.0;23.0;11.0;130;600;3;80;1.9;0.2;0;0;0;0;0;0;0;780;695
2019-10;Huile de palme;Oléagineux et Légumineuses;Littoral;Centre;Forêt monomodale;-0.866;0.5;59000;3060000;250.0;26.5;7.0;255;600;3;70;1.9;0.2;0;0;0;0;0;0;0;1100;990
2019-10;Ananas;Fruits;Littoral;Centre;Forêt monomodale;-0.866;0.5;9300;3060000;250.0;26.5;22.0;130;600;3;80;1.9;0.2;0;0;0;0;0;0;0;600;545
2019-10;Papaye;Fruits;Centre;Centre;Forêt bimodale;-0.866;0.5;3900;3060000;100.0;25.0;38.0;100;600;3;45;1.9;0.2;0;0;0;0;0;0;0;575;515
2019-10;Mangue;Fruits;Nord;Centre;Soudano-sahélienne;-0.866;0.5;7300;3060000;20.0;32.0;42.0;80;600;3;145;1.9;0.2;0;0;0;1;1;0;0;50;55
2019-10;Avocat;Fruits;Ouest;Littoral;Hauts Plateaux;-0.866;0.5;14000;3150000;100.0;23.0;28.0;90;600;3;80;1.9;0.2;0;0;0;0;0;0;0;565;505
2019-10;Safou;Fruits;Littoral;Centre;Forêt monomodale;-0.866;0.5;4900;3060000;250.0;26.5;42.0;100;600;3;80;1.9;0.2;0;0;0;0;0;0;0;785;695
2019-10;Citron;Fruits;Centre;Centre;Forêt bimodale;-0.866;0.5;2900;3060000;100.0;25.0;24.0;95;600;3;45;1.9;0.2;0;0;0;0;0;0;0;595;535
2019-10;Orange;Fruits;Centre;Centre;Forêt bimodale;-0.866;0.5;4900;3060000;100.0;25.0;24.0;105;600;3;45;1.9;0.2;0;0;0;0;0;0;0;555;490
2019-10;Banane douce;Fruits;Sud-Ouest;Littoral;Forêt monomodale;-0.866;0.5;20000;3150000;250.0;26.5;33.0;130;600;3;155;1.9;0.2;0;1;0;1;0;0;0;1900;1500
2019-10;Cacao;Cultures de Rente et Stimulants;Centre;Littoral;Forêt bimodale;-0.866;0.5;230000;3150000;100.0;25.0;7.0;425;600;3;55;1.9;0.2;0;0;0;0;0;0;0;1850;1780
2019-10;Café;Cultures de Rente et Stimulants;Ouest;Littoral;Hauts Plateaux;-0.866;0.5;100000;3150000;100.0;23.0;7.0;375;600;3;70;1.9;0.2;0;0;0;0;0;0;0;2100;1980
2019-11;Maïs;Céréales;Ouest;Centre;Hauts Plateaux;-0.5;0.866;60000;3060000;50.0;24.0;8.0;95;600;4;40;1.9;0.1;0;0;0;0;0;0;0;200;180
2019-11;Riz;Céréales;Extrême-Nord;Centre;Soudano-sahélienne;-0.5;0.866;27500;3060000;0.0;31.0;5.0;140;600;4;85;1.9;0.1;0;0;0;1;1;0;0;485;455
2019-11;Mil-Sorgho;Céréales;Nord;Extrême-Nord;Soudano-sahélienne;-0.5;0.866;58500;4400000;0.0;32.0;12.0;85;600;4;35;1.9;0.1;0;0;0;1;1;0;0;245;225
2019-11;Blé;Céréales;Littoral(Import);Centre;Forêt monomodale;-0.5;0.866;0;3060000;100.0;27.0;2.0;0;600;4;30;1.9;0.1;1;0;0;0;0;0;0;480;445
2019-11;Manioc;"Tubercules, Racines et Plantains";Centre;Centre;Forêt bimodale;-0.5;0.866;124000;3060000;50.0;26.0;30.0;65;600;4;22;1.9;0.1;0;0;0;0;0;0;0;285;255
2019-11;Plantain;"Tubercules, Racines et Plantains";Sud-Ouest;Littoral;Forêt monomodale;-0.5;0.866;38500;3150000;100.0;28.0;25.0;100;600;4;145;1.9;0.1;0;0;0;1;0;0;0;1500;1200
2019-11;Macabo-Taro;"Tubercules, Racines et Plantains";Littoral;Littoral;Forêt monomodale;-0.5;0.866;20000;3150000;100.0;28.0;28.0;85;600;4;30;1.9;0.1;0;0;0;0;0;0;0;485;430
2019-11;Igname;"Tubercules, Racines et Plantains";Adamaoua;Centre;Savane guinéenne;-0.5;0.866;23000;3060000;10.0;24.0;25.0;130;600;4;80;1.9;0.1;0;0;0;0;0;0;0;620;560
2019-11;Pomme de terre;"Tubercules, Racines et Plantains";Ouest;Littoral;Hauts Plateaux;-0.5;0.866;17000;3150000;50.0;24.0;22.0;135;600;4;55;1.9;0.1;0;0;0;0;0;0;0;680;600
2019-11;Patate douce;"Tubercules, Racines et Plantains";Ouest;Centre;Hauts Plateaux;-0.5;0.866;8800;3060000;50.0;24.0;23.0;85;600;4;50;1.9;0.1;0;0;0;0;0;0;0;415;370
2019-11;Tomate;Maraîchers;Ouest;Centre;Hauts Plateaux;-0.5;0.866;14000;3060000;50.0;24.0;22.0;165;600;4;55;1.9;0.1;0;0;0;0;0;0;0;1100;800
2019-11;Oignon;Maraîchers;Extrême-Nord;Centre;Soudano-sahélienne;-0.5;0.866;24000;3060000;0.0;31.0;25.0;140;600;4;145;1.9;0.1;0;0;0;1;1;0;0;850;760
2019-11;Gombo;Maraîchers;Centre;Centre;Forêt bimodale;-0.5;0.866;4800;3060000;50.0;26.0;42.0;120;600;4;22;1.9;0.1;0;0;0;0;0;0;0;730;650
2019-11;Piment;Maraîchers;Extrême-Nord;Littoral;Soudano-sahélienne;-0.5;0.866;3900;3150000;0.0;31.0;30.0;195;600;4;155;1.9;0.1;0;0;0;1;1;0;0;1100;990
2019-11;Poivron;Maraîchers;Extrême-Nord;Centre;Soudano-sahélienne;-0.5;0.866;3200;3060000;0.0;31.0;35.0;185;600;4;145;1.9;0.1;0;0;0;1;1;0;0;1180;1060
2019-11;Ail;Maraîchers;Extrême-Nord;Centre;Soudano-sahélienne;-0.5;0.866;1400;3060000;0.0;31.0;18.0;220;600;4;135;1.9;0.1;0;0;0;1;1;0;0;2650;2480
2019-11;Basilic;Maraîchers;Centre;Centre;Forêt bimodale;-0.5;0.866;1000;3060000;50.0;26.0;52.0;100;600;4;22;1.9;0.1;0;0;0;0;0;0;0;720;640
2019-11;Légumes feuilles;Maraîchers;Centre;Centre;Forêt bimodale;-0.5;0.866;7300;3060000;50.0;26.0;45.0;85;600;4;22;1.9;0.1;0;0;0;0;0;0;0;525;465
2019-11;Choux;Maraîchers;Ouest;Littoral;Hauts Plateaux;-0.5;0.866;4900;3150000;50.0;24.0;30.0;125;600;4;50;1.9;0.1;0;0;0;0;0;0;0;695;615
2019-11;Pastèque;Maraîchers;Extrême-Nord;Centre;Soudano-sahélienne;-0.5;0.866;2900;3060000;0.0;31.0;20.0;115;600;4;145;1.9;0.1;0;0;0;1;1;0;0;355;315
2019-11;Arachide;Oléagineux et Légumineuses;Nord;Centre;Soudano-sahélienne;-0.5;0.866;56000;3060000;0.0;30.0;10.0;195;600;4;105;1.9;0.1;0;0;0;1;1;0;0;730;665
2019-11;Soja;Oléagineux et Légumineuses;Adamaoua;Centre;Savane guinéenne;-0.5;0.866;9300;3060000;10.0;24.0;10.0;180;600;4;90;1.9;0.1;0;0;0;0;0;0;0;685;625
2019-11;Niébé;Oléagineux et Légumineuses;Extrême-Nord;Extrême-Nord;Soudano-sahélienne;-0.5;0.866;39000;4400000;0.0;31.0;12.0;200;600;4;35;1.9;0.1;0;0;0;1;1;0;0;705;645
2019-11;Haricot sec;Oléagineux et Légumineuses;Ouest;Littoral;Hauts Plateaux;-0.5;0.866;36000;3150000;50.0;24.0;8.0;130;600;4;50;1.9;0.1;0;0;0;0;0;0;0;695;620
2019-11;Huile de palme;Oléagineux et Légumineuses;Littoral;Centre;Forêt monomodale;-0.5;0.866;59000;3060000;100.0;28.0;5.0;255;600;4;40;1.9;0.1;0;0;0;0;0;0;0;990;880
2019-11;Ananas;Fruits;Littoral;Centre;Forêt monomodale;-0.5;0.866;9300;3060000;100.0;28.0;18.0;130;600;4;50;1.9;0.1;0;0;0;0;0;0;0;545;485
2019-11;Papaye;Fruits;Centre;Centre;Forêt bimodale;-0.5;0.866;3900;3060000;50.0;26.0;35.0;100;600;4;22;1.9;0.1;0;0;0;0;0;0;0;515;460
2019-11;Mangue;Fruits;Nord;Centre;Soudano-sahélienne;-0.5;0.866;7300;3060000;0.0;30.0;40.0;80;600;4;135;1.9;0.1;0;0;0;1;1;0;0;55;65
2019-11;Avocat;Fruits;Ouest;Littoral;Hauts Plateaux;-0.5;0.866;14000;3150000;50.0;24.0;25.0;90;600;4;50;1.9;0.1;0;0;0;0;0;0;0;505;445
2019-11;Safou;Fruits;Littoral;Centre;Forêt monomodale;-0.5;0.866;4900;3060000;100.0;28.0;40.0;100;600;4;50;1.9;0.1;0;0;0;0;0;0;0;695;610
2019-11;Citron;Fruits;Centre;Centre;Forêt bimodale;-0.5;0.866;2900;3060000;50.0;26.0;20.0;95;600;4;22;1.9;0.1;0;0;0;0;0;0;0;535;475
2019-11;Orange;Fruits;Centre;Centre;Forêt bimodale;-0.5;0.866;4900;3060000;50.0;26.0;20.0;105;600;4;22;1.9;0.1;0;0;0;0;0;0;0;490;435
2019-11;Banane douce;Fruits;Sud-Ouest;Littoral;Forêt monomodale;-0.5;0.866;20000;3150000;100.0;28.0;30.0;130;600;4;130;1.9;0.1;0;1;0;1;0;0;0;1500;1200
2019-11;Cacao;Cultures de Rente et Stimulants;Centre;Littoral;Forêt bimodale;-0.5;0.866;230000;3150000;50.0;26.0;6.0;425;600;4;35;1.9;0.1;0;0;0;0;0;0;0;1780;1710
2019-11;Café;Cultures de Rente et Stimulants;Ouest;Littoral;Hauts Plateaux;-0.5;0.866;100000;3150000;50.0;24.0;5.0;375;600;4;50;1.9;0.1;0;0;0;0;0;0;0;1980;1890
2019-12;Maïs;Céréales;Ouest;Centre;Hauts Plateaux;0.0;1.0;60000;3060000;10.5;23.0;8.0;95;600;4;40;1.9;0.2;0;0;1;0;0;0;0;180;210
2019-12;Riz;Céréales;Extrême-Nord;Centre;Soudano-sahélienne;0.0;1.0;27500;3060000;0.0;30.5;5.0;140;600;4;85;1.9;0.2;0;0;1;1;1;0;0;455;480
2019-12;Mil-Sorgho;Céréales;Nord;Extrême-Nord;Soudano-sahélienne;0.0;1.0;58500;4400000;0.0;32.0;12.0;85;600;4;35;1.9;0.2;0;0;1;1;1;0;0;225;245
2019-12;Blé;Céréales;Littoral(Import);Centre;Forêt monomodale;0.0;1.0;0;3060000;50.0;27.0;2.0;0;600;4;30;1.9;0.2;1;0;1;0;0;0;0;445;475
2019-12;Manioc;"Tubercules, Racines et Plantains";Centre;Centre;Forêt bimodale;0.0;1.0;124000;3060000;20.0;25.0;30.0;65;600;4;22;1.9;0.2;0;0;1;0;0;0;0;255;285
2019-12;Plantain;"Tubercules, Racines et Plantains";Sud-Ouest;Littoral;Forêt monomodale;0.0;1.0;38500;3150000;50.0;27.0;25.0;100;600;4;145;1.9;0.2;0;0;1;1;0;0;0;1200;1600
2019-12;Macabo-Taro;"Tubercules, Racines et Plantains";Littoral;Littoral;Forêt monomodale;0.0;1.0;20000;3150000;50.0;27.0;28.0;85;600;4;30;1.9;0.2;0;0;1;0;0;0;0;430;485
2019-12;Igname;"Tubercules, Racines et Plantains";Adamaoua;Centre;Savane guinéenne;0.0;1.0;23000;3060000;0.0;24.0;25.0;130;600;4;80;1.9;0.2;0;0;1;0;0;0;0;560;615
2019-12;Pomme de terre;"Tubercules, Racines et Plantains";Ouest;Littoral;Hauts Plateaux;0.0;1.0;17000;3150000;10.5;23.0;22.0;135;600;4;55;1.9;0.2;0;0;1;0;0;0;0;600;670
2019-12;Patate douce;"Tubercules, Racines et Plantains";Ouest;Centre;Hauts Plateaux;0.0;1.0;8800;3060000;10.5;23.0;23.0;85;600;4;50;1.9;0.2;0;0;1;0;0;0;0;370;420
2019-12;Tomate;Maraîchers;Ouest;Centre;Hauts Plateaux;0.0;1.0;14000;3060000;10.5;23.0;22.0;165;600;4;55;1.9;0.2;0;0;1;0;0;0;0;800;1200
2019-12;Oignon;Maraîchers;Extrême-Nord;Centre;Soudano-sahélienne;0.0;1.0;24000;3060000;0.0;30.5;25.0;140;600;4;145;1.9;0.2;0;0;1;1;1;0;0;760;840
2019-12;Gombo;Maraîchers;Centre;Centre;Forêt bimodale;0.0;1.0;4800;3060000;20.0;25.0;42.0;120;600;4;22;1.9;0.2;0;0;1;0;0;0;0;650;735
2019-12;Piment;Maraîchers;Extrême-Nord;Littoral;Soudano-sahélienne;0.0;1.0;3900;3150000;0.0;30.5;30.0;195;600;4;155;1.9;0.2;0;0;1;1;1;0;0;990;1100
2019-12;Poivron;Maraîchers;Extrême-Nord;Centre;Soudano-sahélienne;0.0;1.0;3200;3060000;0.0;30.5;35.0;185;600;4;145;1.9;0.2;0;0;1;1;1;0;0;1060;1180
2019-12;Ail;Maraîchers;Extrême-Nord;Centre;Soudano-sahélienne;0.0;1.0;1400;3060000;0.0;30.5;18.0;220;600;4;135;1.9;0.2;0;0;1;1;1;0;0;2480;2660
2019-12;Basilic;Maraîchers;Centre;Centre;Forêt bimodale;0.0;1.0;1000;3060000;20.0;25.0;52.0;100;600;4;22;1.9;0.2;0;0;1;0;0;0;0;640;720
2019-12;Légumes feuilles;Maraîchers;Centre;Centre;Forêt bimodale;0.0;1.0;7300;3060000;20.0;25.0;45.0;85;600;4;22;1.9;0.2;0;0;1;0;0;0;0;465;535
2019-12;Choux;Maraîchers;Ouest;Littoral;Hauts Plateaux;0.0;1.0;4900;3150000;10.5;23.0;30.0;125;600;4;50;1.9;0.2;0;0;1;0;0;0;0;615;695
2019-12;Pastèque;Maraîchers;Extrême-Nord;Centre;Soudano-sahélienne;0.0;1.0;2900;3060000;0.0;30.5;20.0;115;600;4;145;1.9;0.2;0;0;1;1;1;0;0;315;365
2019-12;Arachide;Oléagineux et Légumineuses;Nord;Centre;Soudano-sahélienne;0.0;1.0;56000;3060000;0.0;29.0;10.0;195;600;4;105;1.9;0.2;0;0;1;1;1;0;0;665;725
2019-12;Soja;Oléagineux et Légumineuses;Adamaoua;Centre;Savane guinéenne;0.0;1.0;9300;3060000;0.0;24.0;10.0;180;600;4;90;1.9;0.2;0;0;1;0;0;0;0;625;685
2019-12;Niébé;Oléagineux et Légumineuses;Extrême-Nord;Extrême-Nord;Soudano-sahélienne;0.0;1.0;39000;4400000;0.0;30.5;12.0;200;600;4;35;1.9;0.2;0;0;1;1;1;0;0;645;700
2019-12;Haricot sec;Oléagineux et Légumineuses;Ouest;Littoral;Hauts Plateaux;0.0;1.0;36000;3150000;10.5;23.0;8.0;130;600;4;50;1.9;0.2;0;0;1;0;0;0;0;620;695
2019-12;Huile de palme;Oléagineux et Légumineuses;Littoral;Centre;Forêt monomodale;0.0;1.0;59000;3060000;50.0;27.0;5.0;255;600;4;40;1.9;0.2;0;0;1;0;0;0;0;880;965
2019-12;Ananas;Fruits;Littoral;Centre;Forêt monomodale;0.0;1.0;9300;3060000;50.0;27.0;18.0;130;600;4;50;1.9;0.2;0;0;1;0;0;0;0;485;540
2019-12;Papaye;Fruits;Centre;Centre;Forêt bimodale;0.0;1.0;3900;3060000;20.0;25.0;35.0;100;600;4;22;1.9;0.2;0;0;1;0;0;0;0;460;510
2019-12;Mangue;Fruits;Nord;Centre;Soudano-sahélienne;0.0;1.0;7300;3060000;0.0;29.0;40.0;80;600;4;135;1.9;0.2;0;0;1;1;1;0;0;65;85
2019-12;Avocat;Fruits;Ouest;Littoral;Hauts Plateaux;0.0;1.0;14000;3150000;10.5;23.0;25.0;90;600;4;50;1.9;0.2;0;0;1;0;0;0;0;445;505
2019-12;Safou;Fruits;Littoral;Centre;Forêt monomodale;0.0;1.0;4900;3060000;50.0;27.0;40.0;100;600;4;50;1.9;0.2;0;0;1;0;0;0;0;610;680
2019-12;Citron;Fruits;Centre;Centre;Forêt bimodale;0.0;1.0;2900;3060000;20.0;25.0;20.0;95;600;4;22;1.9;0.2;0;0;1;0;0;0;0;475;535
2019-12;Orange;Fruits;Centre;Centre;Forêt bimodale;0.0;1.0;4900;3060000;20.0;25.0;20.0;105;600;4;22;1.9;0.2;0;0;1;0;0;0;0;435;495
2019-12;Banane douce;Fruits;Sud-Ouest;Littoral;Forêt monomodale;0.0;1.0;20000;3150000;50.0;27.0;30.0;130;600;4;130;1.9;0.2;0;1;1;1;0;0;0;1200;1550
2019-12;Cacao;Cultures de Rente et Stimulants;Centre;Littoral;Forêt bimodale;0.0;1.0;230000;3150000;20.0;25.0;6.0;425;600;4;35;1.9;0.2;0;0;1;0;0;0;0;1710;1765
2019-12;Café;Cultures de Rente et Stimulants;Ouest;Littoral;Hauts Plateaux;0.0;1.0;100000;3150000;10.5;23.0;5.0;375;600;4;50;1.9;0.2;0;0;1;0;0;0;0;1890;1955
2020-01;Maïs;Céréales;Ouest;Centre;Hauts Plateaux;0.5;0.866;60000;3160000;10.5;23.0;8.5;95;600;4;40;2.0;0.5;0;0;0;0;0;0;0;210;190
2020-01;Riz;Céréales;Extrême-Nord;Centre;Soudano-sahélienne;0.5;0.866;28000;3160000;0.0;30.5;5.0;140;600;4;85;2.0;0.5;0;0;0;1;1;0;0;480;450
2020-01;Mil-Sorgho;Céréales;Nord;Extrême-Nord;Soudano-sahélienne;0.5;0.866;59000;4500000;0.0;32.0;12.0;85;600;4;35;2.0;0.5;0;0;0;1;1;0;0;245;230
2020-01;Blé;Céréales;Littoral(Import);Centre;Forêt monomodale;0.5;0.866;0;3160000;25.0;27.0;2.0;0;600;4;30;2.0;0.5;1;0;0;0;0;0;0;475;450
2020-01;Manioc;"Tubercules, Racines et Plantains";Centre;Centre;Forêt bimodale;0.5;0.866;125000;3160000;15.0;25.0;30.0;65;600;4;22;2.0;0.5;0;0;0;0;0;0;0;285;260
2020-01;Plantain;"Tubercules, Racines et Plantains";Sud-Ouest;Littoral;Forêt monomodale;0.5;0.866;39000;3250000;35.0;26.5;25.0;105;600;3;155;2.0;0.5;0;0;0;1;0;0;0;1600;1420
2020-01;Macabo-Taro;"Tubercules, Racines et Plantains";Littoral;Littoral;Forêt monomodale;0.5;0.866;20500;3250000;35.0;26.5;28.0;85;600;4;30;2.0;0.5;0;0;0;0;0;0;0;485;430
2020-01;Igname;"Tubercules, Racines et Plantains";Adamaoua;Centre;Savane guinéenne;0.5;0.866;23500;3160000;0.0;24.0;25.0;135;600;4;80;2.0;0.5;0;0;0;0;0;0;0;615;550
2020-01;Pomme de terre;"Tubercules, Racines et Plantains";Ouest;Littoral;Hauts Plateaux;0.5;0.866;17500;3250000;10.5;23.0;22.0;140;600;4;55;2.0;0.5;0;0;0;0;0;0;0;670;600
2020-01;Patate douce;"Tubercules, Racines et Plantains";Ouest;Centre;Hauts Plateaux;0.5;0.866;9000;3160000;10.5;23.0;23.0;85;600;4;50;2.0;0.5;0;0;0;0;0;0;0;420;380
2020-01;Tomate;Maraîchers;Ouest;Centre;Hauts Plateaux;0.5;0.866;14500;3160000;10.5;23.0;22.0;170;600;4;55;2.0;0.5;0;0;0;0;0;0;0;1200;820
2020-01;Oignon;Maraîchers;Extrême-Nord;Centre;Soudano-sahélienne;0.5;0.866;24500;3160000;0.0;30.5;25.0;145;600;4;145;2.0;0.5;0;0;0;1;1;0;0;840;760
2020-01;Gombo;Maraîchers;Centre;Centre;Forêt bimodale;0.5;0.866;5000;3160000;15.0;25.0;42.0;125;600;4;22;2.0;0.5;0;0;0;0;0;0;0;735;650
2020-01;Piment;Maraîchers;Extrême-Nord;Littoral;Soudano-sahélienne;0.5;0.866;4000;3250000;0.0;30.5;30.0;200;600;4;155;2.0;0.5;0;0;0;1;1;0;0;1100;980
2020-01;Poivron;Maraîchers;Extrême-Nord;Centre;Soudano-sahélienne;0.5;0.866;3300;3160000;0.0;30.5;35.0;190;600;4;145;2.0;0.5;0;0;0;1;1;0;0;1180;1060
2020-01;Ail;Maraîchers;Extrême-Nord;Centre;Soudano-sahélienne;0.5;0.866;1450;3160000;0.0;30.5;18.0;225;600;4;135;2.0;0.5;0;0;0;1;1;0;0;2660;2500
2020-01;Basilic;Maraîchers;Centre;Centre;Forêt bimodale;0.5;0.866;1050;3160000;15.0;25.0;52.0;105;600;4;22;2.0;0.5;0;0;0;0;0;0;0;720;640
2020-01;Légumes feuilles;Maraîchers;Centre;Centre;Forêt bimodale;0.5;0.866;7500;3160000;15.0;25.0;48.0;90;600;4;22;2.0;0.5;0;0;0;0;0;0;0;535;480
2020-01;Choux;Maraîchers;Ouest;Littoral;Hauts Plateaux;0.5;0.866;5000;3250000;10.5;23.0;30.0;130;600;4;50;2.0;0.5;0;0;0;0;0;0;0;695;620
2020-01;Pastèque;Maraîchers;Extrême-Nord;Centre;Soudano-sahélienne;0.5;0.866;3000;3160000;0.0;30.5;20.0;120;600;4;145;2.0;0.5;0;0;0;1;1;0;0;365;320
2020-01;Arachide;Oléagineux et Légumineuses;Nord;Centre;Soudano-sahélienne;0.5;0.866;57000;3160000;0.0;29.0;10.0;200;600;4;105;2.0;0.5;0;0;0;1;1;0;0;725;660
2020-01;Soja;Oléagineux et Légumineuses;Adamaoua;Centre;Savane guinéenne;0.5;0.866;9500;3160000;0.0;24.0;10.0;185;600;4;90;2.0;0.5;0;0;0;0;0;0;0;685;620
2020-01;Niébé;Oléagineux et Légumineuses;Extrême-Nord;Extrême-Nord;Soudano-sahélienne;0.5;0.866;40000;4500000;0.0;30.5;12.0;205;600;4;35;2.0;0.5;0;0;0;1;1;0;0;700;640
2020-01;Haricot sec;Oléagineux et Légumineuses;Ouest;Littoral;Hauts Plateaux;0.5;0.866;37000;3250000;10.5;23.0;8.0;135;600;4;50;2.0;0.5;0;0;0;0;0;0;0;695;620
2020-01;Huile de palme;Oléagineux et Légumineuses;Littoral;Centre;Forêt monomodale;0.5;0.866;60000;3160000;25.0;27.0;5.0;260;600;4;40;2.0;0.5;0;0;0;0;0;0;0;965;880
2020-01;Ananas;Fruits;Littoral;Centre;Forêt monomodale;0.5;0.866;9500;3160000;25.0;27.0;18.0;135;600;4;50;2.0;0.5;0;0;0;0;0;0;0;540;490
2020-01;Papaye;Fruits;Centre;Centre;Forêt bimodale;0.5;0.866;4000;3160000;15.0;25.0;35.0;105;600;4;22;2.0;0.5;0;0;0;0;0;0;0;510;460
2020-01;Mangue;Fruits;Nord;Centre;Soudano-sahélienne;0.5;0.866;7500;3160000;0.0;29.0;40.0;85;600;4;135;2.0;0.5;0;0;0;1;1;0;0;85;90
2020-01;Avocat;Fruits;Ouest;Littoral;Hauts Plateaux;0.5;0.866;14500;3250000;10.5;23.0;25.0;95;600;4;50;2.0;0.5;0;0;0;0;0;0;0;505;450
2020-01;Safou;Fruits;Littoral;Centre;Forêt monomodale;0.5;0.866;5000;3160000;25.0;27.0;40.0;105;600;4;50;2.0;0.5;0;0;0;0;0;0;0;680;610
2020-01;Citron;Fruits;Centre;Centre;Forêt bimodale;0.5;0.866;3000;3160000;15.0;25.0;20.0;100;600;4;22;2.0;0.5;0;0;0;0;0;0;0;535;480
2020-01;Orange;Fruits;Centre;Centre;Forêt bimodale;0.5;0.866;5000;3160000;15.0;25.0;20.0;110;600;4;22;2.0;0.5;0;0;0;0;0;0;0;495;440
2020-01;Banane douce;Fruits;Sud-Ouest;Littoral;Forêt monomodale;0.5;0.866;20500;3250000;35.0;26.5;30.0;135;600;3;140;2.0;0.5;0;0;0;1;0;0;0;1550;1400
2020-01;Cacao;Cultures de Rente et Stimulants;Centre;Littoral;Forêt bimodale;0.5;0.866;235000;3250000;15.0;25.0;6.0;430;600;4;35;2.0;0.5;0;0;0;0;0;0;0;1765;1720
2020-01;Café;Cultures de Rente et Stimulants;Ouest;Littoral;Hauts Plateaux;0.5;0.866;102000;3250000;10.5;23.0;5.0;380;600;4;50;2.0;0.5;0;0;0;0;0;0;0;1955;1900
2020-02;Maïs;Céréales;Ouest;Centre;Hauts Plateaux;0.866;0.5;60000;3160000;15.5;24.0;8.5;95;600;4;40;2.0;0.5;0;0;0;0;0;0;0;190;185
2020-02;Riz;Céréales;Extrême-Nord;Centre;Soudano-sahélienne;0.866;0.5;28000;3160000;0.0;31.5;5.0;140;600;3;85;2.0;0.5;0;0;0;1;1;0;0;450;445
2020-02;Mil-Sorgho;Céréales;Nord;Extrême-Nord;Soudano-sahélienne;0.866;0.5;59000;4500000;0.0;33.0;12.0;85;600;3;35;2.0;0.5;0;0;0;1;1;0;0;230;225
2020-02;Blé;Céréales;Littoral(Import);Centre;Forêt monomodale;0.866;0.5;0;3160000;30.0;28.0;2.0;0;600;4;30;2.0;0.5;1;0;0;0;0;0;0;450;440
2020-02;Manioc;"Tubercules, Racines et Plantains";Centre;Centre;Forêt bimodale;0.866;0.5;125000;3160000;20.0;26.0;30.0;65;600;3;22;2.0;0.5;0;0;0;0;0;0;0;260;250
2020-02;Plantain;"Tubercules, Racines et Plantains";Sud-Ouest;Littoral;Forêt monomodale;0.866;0.5;39000;3250000;40.0;27.5;25.0;105;600;2;160;2.0;0.5;0;0;0;1;0;0;0;1420;1380
2020-02;Macabo-Taro;"Tubercules, Racines et Plantains";Littoral;Littoral;Forêt monomodale;0.866;0.5;20500;3250000;40.0;27.5;28.0;85;600;3;30;2.0;0.5;0;0;0;0;0;0;0;430;415
2020-02;Igname;"Tubercules, Racines et Plantains";Adamaoua;Centre;Savane guinéenne;0.866;0.5;23500;3160000;0.0;25.0;25.0;135;600;3;80;2.0;0.5;0;0;0;0;0;0;0;550;530
2020-02;Pomme de terre;"Tubercules, Racines et Plantains";Ouest;Littoral;Hauts Plateaux;0.866;0.5;17500;3250000;15.5;24.0;21.0;140;600;4;55;2.0;0.5;0;0;0;0;0;0;0;600;580
2020-02;Patate douce;"Tubercules, Racines et Plantains";Ouest;Centre;Hauts Plateaux;0.866;0.5;9000;3160000;15.5;24.0;23.0;85;600;4;50;2.0;0.5;0;0;0;0;0;0;0;380;365
2020-02;Tomate;Maraîchers;Ouest;Centre;Hauts Plateaux;0.866;0.5;14500;3160000;15.5;24.0;25.5;170;600;4;55;2.0;0.5;0;0;0;0;0;0;0;820;750
2020-02;Oignon;Maraîchers;Extrême-Nord;Centre;Soudano-sahélienne;0.866;0.5;24500;3160000;0.0;31.5;25.0;145;600;2;150;2.0;0.5;0;0;0;1;1;0;0;760;730
2020-02;Gombo;Maraîchers;Centre;Centre;Forêt bimodale;0.866;0.5;5000;3160000;20.0;26.0;42.0;125;600;3;22;2.0;0.5;0;0;0;0;0;0;0;650;620
2020-02;Piment;Maraîchers;Extrême-Nord;Littoral;Soudano-sahélienne;0.866;0.5;4000;3250000;0.0;31.5;30.0;200;600;2;160;2.0;0.5;0;0;0;1;1;0;0;980;940
2020-02;Poivron;Maraîchers;Extrême-Nord;Centre;Soudano-sahélienne;0.866;0.5;3300;3160000;0.0;31.5;35.0;190;600;2;150;2.0;0.5;0;0;0;1;1;0;0;1060;1020
2020-02;Ail;Maraîchers;Extrême-Nord;Centre;Soudano-sahélienne;0.866;0.5;1450;3160000;0.0;31.5;18.0;225;600;2;140;2.0;0.5;0;0;0;1;1;0;0;2500;2420
2020-02;Basilic;Maraîchers;Centre;Centre;Forêt bimodale;0.866;0.5;1050;3160000;20.0;26.0;52.0;105;600;3;22;2.0;0.5;0;0;0;0;0;0;0;640;615
2020-02;Légumes feuilles;Maraîchers;Centre;Centre;Forêt bimodale;0.866;0.5;7500;3160000;20.0;26.0;48.0;90;600;3;22;2.0;0.5;0;0;0;0;0;0;0;480;450
2020-02;Choux;Maraîchers;Ouest;Littoral;Hauts Plateaux;0.866;0.5;5000;3250000;15.5;24.0;30.0;130;600;4;50;2.0;0.5;0;0;0;0;0;0;0;620;590
2020-02;Pastèque;Maraîchers;Extrême-Nord;Centre;Soudano-sahélienne;0.866;0.5;3000;3160000;0.0;31.5;20.0;120;600;2;150;2.0;0.5;0;0;0;1;1;0;0;320;305
2020-02;Arachide;Oléagineux et Légumineuses;Nord;Centre;Soudano-sahélienne;0.866;0.5;57000;3160000;0.0;33.0;10.0;200;600;2;110;2.0;0.5;0;0;0;1;1;0;0;660;640
2020-02;Soja;Oléagineux et Légumineuses;Adamaoua;Centre;Savane guinéenne;0.866;0.5;9500;3160000;0.0;25.0;10.0;185;600;3;95;2.0;0.5;0;0;0;0;0;0;0;620;600
2020-02;Niébé;Oléagineux et Légumineuses;Extrême-Nord;Extrême-Nord;Soudano-sahélienne;0.866;0.5;40000;4500000;0.0;31.5;12.0;205;600;3;40;2.0;0.5;0;0;0;1;1;0;0;640;625
2020-02;Haricot sec;Oléagineux et Légumineuses;Ouest;Littoral;Hauts Plateaux;0.866;0.5;37000;3250000;15.5;24.0;8.0;135;600;4;50;2.0;0.5;0;0;0;0;0;0;0;620;595
2020-02;Huile de palme;Oléagineux et Légumineuses;Littoral;Centre;Forêt monomodale;0.866;0.5;60000;3160000;30.0;28.0;5.0;260;600;4;40;2.0;0.5;0;0;0;0;0;0;0;880;850
2020-02;Ananas;Fruits;Littoral;Centre;Forêt monomodale;0.866;0.5;9500;3160000;30.0;28.0;16.5;135;600;4;50;2.0;0.5;0;0;0;0;0;0;0;490;470
2020-02;Papaye;Fruits;Centre;Centre;Forêt bimodale;0.866;0.5;4000;3160000;20.0;26.0;35.0;105;600;3;22;2.0;0.5;0;0;0;0;0;0;0;460;445
2020-02;Mangue;Fruits;Nord;Centre;Soudano-sahélienne;0.866;0.5;7500;3160000;0.0;33.0;40.0;85;600;2;140;2.0;0.5;0;0;0;1;1;0;0;90;105
2020-02;Avocat;Fruits;Ouest;Littoral;Hauts Plateaux;0.866;0.5;14500;3250000;15.5;24.0;25.0;95;600;4;50;2.0;0.5;0;0;0;0;0;0;0;450;430
2020-02;Safou;Fruits;Littoral;Centre;Forêt monomodale;0.866;0.5;5000;3160000;30.0;28.0;40.0;105;600;3;50;2.0;0.5;0;0;0;0;0;0;0;610;585
2020-02;Citron;Fruits;Centre;Centre;Forêt bimodale;0.866;0.5;3000;3160000;20.0;26.0;20.0;100;600;3;22;2.0;0.5;0;0;0;0;0;0;0;480;460
2020-02;Orange;Fruits;Centre;Centre;Forêt bimodale;0.866;0.5;5000;3160000;20.0;26.0;20.0;110;600;3;22;2.0;0.5;0;0;0;0;0;0;0;440;425
2020-02;Banane douce;Fruits;Sud-Ouest;Littoral;Forêt monomodale;0.866;0.5;20500;3250000;40.0;27.5;30.0;135;600;2;145;2.0;0.5;0;0;0;1;0;0;0;1400;1330
2020-02;Cacao;Cultures de Rente et Stimulants;Centre;Littoral;Forêt bimodale;0.866;0.5;235000;3250000;20.0;26.0;6.0;430;600;4;35;2.0;0.5;0;0;0;0;0;0;0;1720;1680
2020-02;Café;Cultures de Rente et Stimulants;Ouest;Littoral;Hauts Plateaux;0.866;0.5;102000;3250000;15.5;24.0;5.0;380;600;4;50;2.0;0.5;0;0;0;0;0;0;0;1900;1850
2020-03;Maïs;Céréales;Ouest;Centre;Hauts Plateaux;1.0;0.0;60000;3160000;55.0;24.0;9.0;95;600;3;45;2.0;0.8;0;0;0;0;0;1;0;185;210
2020-03;Riz;Céréales;Extrême-Nord;Centre;Soudano-sahélienne;1.0;0.0;28000;3160000;0.0;33.5;5.0;140;600;3;90;2.0;0.8;0;0;0;1;1;1;0;445;480
2020-03;Mil-Sorgho;Céréales;Nord;Extrême-Nord;Soudano-sahélienne;1.0;0.0;59000;4500000;0.0;35.0;12.5;85;600;3;40;2.0;0.8;0;0;0;1;1;1;0;225;240
2020-03;Blé;Céréales;Littoral(Import);Centre;Forêt monomodale;1.0;0.0;0;3160000;55.0;28.0;2.0;0;600;3;35;2.0;0.8;1;0;0;0;0;1;0;440;490
2020-03;Manioc;"Tubercules, Racines et Plantains";Centre;Centre;Forêt bimodale;1.0;0.0;125000;3160000;45.0;27.0;31.0;65;600;3;28;2.0;0.8;0;0;0;0;0;1;0;250;270
2020-03;Plantain;"Tubercules, Racines et Plantains";Sud-Ouest;Littoral;Forêt monomodale;1.0;0.0;39000;3250000;65.0;28.5;26.0;105;600;2;165;2.0;0.8;0;0;0;1;0;1;0;1380;1350
2020-03;Macabo-Taro;"Tubercules, Racines et Plantains";Littoral;Littoral;Forêt monomodale;1.0;0.0;20500;3250000;65.0;28.5;29.5;85;600;3;35;2.0;0.8;0;0;0;0;0;1;0;415;420
2020-03;Igname;"Tubercules, Racines et Plantains";Adamaoua;Centre;Savane guinéenne;1.0;0.0;23500;3160000;10.0;26.0;26.5;135;600;3;85;2.0;0.8;0;0;0;0;0;1;0;530;520
2020-03;Pomme de terre;"Tubercules, Racines et Plantains";Ouest;Littoral;Hauts Plateaux;1.0;0.0;17500;3250000;55.0;24.0;23.0;140;600;3;60;2.0;0.8;0;0;0;0;0;1;0;580;570
2020-03;Patate douce;"Tubercules, Racines et Plantains";Ouest;Centre;Hauts Plateaux;1.0;0.0;9000;3160000;55.0;24.0;24.0;85;600;3;55;2.0;0.8;0;0;0;0;0;1;0;365;360
2020-03;Tomate;Maraîchers;Ouest;Centre;Hauts Plateaux;1.0;0.0;14500;3160000;55.0;24.0;28.5;170;600;3;60;2.0;0.8;0;0;0;0;0;1;0;750;600
2020-03;Oignon;Maraîchers;Extrême-Nord;Centre;Soudano-sahélienne;1.0;0.0;24500;3160000;0.0;34.0;26.5;145;600;2;155;2.0;0.8;0;0;0;1;1;1;0;730;680
2020-03;Gombo;Maraîchers;Centre;Centre;Forêt bimodale;1.0;0.0;5000;3160000;45.0;27.0;44.0;125;600;3;28;2.0;0.8;0;0;0;0;0;1;0;620;580
2020-03;Piment;Maraîchers;Extrême-Nord;Littoral;Soudano-sahélienne;1.0;0.0;4000;3250000;0.0;34.0;32.5;200;600;2;165;2.0;0.8;0;0;0;1;1;1;0;940;890
2020-03;Poivron;Maraîchers;Extrême-Nord;Centre;Soudano-sahélienne;1.0;0.0;3300;3160000;0.0;34.0;37.5;190;600;2;155;2.0;0.8;0;0;0;1;1;1;0;1020;960
2020-03;Ail;Maraîchers;Extrême-Nord;Centre;Soudano-sahélienne;1.0;0.0;1450;3160000;0.0;34.0;18.5;225;600;2;145;2.0;0.8;0;0;0;1;1;1;0;2420;2300
2020-03;Basilic;Maraîchers;Centre;Centre;Forêt bimodale;1.0;0.0;1050;3160000;45.0;27.0;57.0;105;600;3;28;2.0;0.8;0;0;0;0;0;1;0;615;580
2020-03;Légumes feuilles;Maraîchers;Centre;Centre;Forêt bimodale;1.0;0.0;7500;3160000;45.0;27.0;50.0;90;600;3;28;2.0;0.8;0;0;0;0;0;1;0;450;430
2020-03;Choux;Maraîchers;Ouest;Littoral;Hauts Plateaux;1.0;0.0;5000;3250000;55.0;24.0;34.0;130;600;3;55;2.0;0.8;0;0;0;0;0;1;0;590;550
2020-03;Pastèque;Maraîchers;Extrême-Nord;Centre;Soudano-sahélienne;1.0;0.0;3000;3160000;0.0;34.0;22.5;120;600;2;155;2.0;0.8;0;0;0;1;1;1;0;305;280
2020-03;Arachide;Oléagineux et Légumineuses;Nord;Centre;Soudano-sahélienne;1.0;0.0;57000;3160000;0.0;34.5;11.5;200;600;2;115;2.0;0.8;0;0;0;1;1;1;0;640;620
2020-03;Soja;Oléagineux et Légumineuses;Adamaoua;Centre;Savane guinéenne;1.0;0.0;9500;3160000;10.0;26.0;11.0;185;600;3;100;2.0;0.8;0;0;0;0;0;1;0;600;590
2020-03;Niébé;Oléagineux et Légumineuses;Extrême-Nord;Extrême-Nord;Soudano-sahélienne;1.0;0.0;40000;4500000;0.0;34.0;13.0;205;600;3;45;2.0;0.8;0;0;0;1;1;1;0;625;600
2020-03;Haricot sec;Oléagineux et Légumineuses;Ouest;Littoral;Hauts Plateaux;1.0;0.0;37000;3250000;55.0;24.0;9.5;135;600;3;55;2.0;0.8;0;0;0;0;0;1;0;595;570
2020-03;Huile de palme;Oléagineux et Légumineuses;Littoral;Centre;Forêt monomodale;1.0;0.0;60000;3160000;65.0;28.5;6.5;260;600;3;45;2.0;0.8;0;0;0;0;0;1;0;850;820
2020-03;Ananas;Fruits;Littoral;Centre;Forêt monomodale;1.0;0.0;9500;3160000;65.0;28.5;18.0;135;600;3;55;2.0;0.8;0;0;0;0;0;1;0;470;440
2020-03;Papaye;Fruits;Centre;Centre;Forêt bimodale;1.0;0.0;4000;3160000;45.0;27.0;38.0;105;600;3;28;2.0;0.8;0;0;0;0;0;1;0;445;420
2020-03;Mangue;Fruits;Nord;Centre;Soudano-sahélienne;1.0;0.0;7500;3160000;0.0;34.5;43.0;85;600;2;145;2.0;0.8;0;0;0;1;1;1;0;105;110
2020-03;Avocat;Fruits;Ouest;Littoral;Hauts Plateaux;1.0;0.0;14500;3250000;55.0;24.0;28.0;95;600;3;55;2.0;0.8;0;0;0;0;0;1;0;430;410
2020-03;Safou;Fruits;Littoral;Centre;Forêt monomodale;1.0;0.0;5000;3160000;65.0;28.5;43.0;105;600;3;55;2.0;0.8;0;0;0;0;0;1;0;585;550
2020-03;Citron;Fruits;Centre;Centre;Forêt bimodale;1.0;0.0;3000;3160000;45.0;27.0;23.0;100;600;3;28;2.0;0.8;0;0;0;0;0;1;0;460;450
2020-03;Orange;Fruits;Centre;Centre;Forêt bimodale;1.0;0.0;5000;3160000;45.0;27.0;23.0;110;600;3;28;2.0;0.8;0;0;0;0;0;1;0;425;420
2020-03;Banane douce;Fruits;Sud-Ouest;Littoral;Forêt monomodale;1.0;0.0;20500;3250000;65.0;28.5;32.0;135;600;2;145;2.0;0.8;0;0;0;1;0;1;0;1330;1300
2020-03;Cacao;Cultures de Rente et Stimulants;Centre;Littoral;Forêt bimodale;1.0;0.0;235000;3250000;45.0;27.0;6.5;430;600;3;40;2.0;0.8;0;0;0;0;0;1;0;1680;1650
2020-03;Café;Cultures de Rente et Stimulants;Ouest;Littoral;Hauts Plateaux;1.0;0.0;102000;3250000;55.0;24.0;5.5;380;600;3;55;2.0;0.8;0;0;0;0;0;1;0;1850;1820
2020-04;Maïs;Céréales;Ouest;Centre;Hauts Plateaux;0.866;-0.5;60000;3160000;110.0;23.5;11.5;95;600;2;60;2.0;1.2;0;0;0;0;1;1;0;210;230
2020-04;Riz;Céréales;Extrême-Nord;Centre;Soudano-sahélienne;0.866;-0.5;28000;3160000;10.0;35.0;5.5;140;600;2;95;2.0;1.2;1;0;0;1;1;1;0;480;550
2020-04;Mil-Sorgho;Céréales;Nord;Extrême-Nord;Soudano-sahélienne;0.866;-0.5;59000;4500000;10.0;36.0;13.0;85;600;2;45;2.0;1.2;0;0;0;1;1;1;0;240;260
2020-04;Blé;Céréales;Littoral(Import);Centre;Forêt monomodale;0.866;-0.5;0;3160000;130.0;27.0;2.5;0;600;2;40;2.0;1.2;1;0;0;0;1;1;0;490;560
2020-04;Manioc;"Tubercules, Racines et Plantains";Centre;Centre;Forêt bimodale;0.866;-0.5;125000;3160000;130.0;26.0;35.5;65;600;2;30;2.0;1.2;0;0;0;0;1;1;0;270;285
2020-04;Plantain;"Tubercules, Racines et Plantains";Sud-Ouest;Littoral;Forêt monomodale;0.866;-0.5;39000;3250000;160.0;27.5;28.5;105;600;1;170;2.0;1.2;0;0;0;1;1;1;0;1350;1320
2020-04;Macabo-Taro;"Tubercules, Racines et Plantains";Littoral;Littoral;Forêt monomodale;0.866;-0.5;20500;3250000;160.0;27.5;32.0;85;600;2;40;2.0;1.2;0;0;0;0;1;1;0;420;410
2020-04;Igname;"Tubercules, Racines et Plantains";Adamaoua;Centre;Savane guinéenne;0.866;-0.5;23500;3160000;45.0;25.0;28.5;135;600;2;90;2.0;1.2;0;0;0;0;1;1;0;520;505
2020-04;Pomme de terre;"Tubercules, Racines et Plantains";Ouest;Littoral;Hauts Plateaux;0.866;-0.5;17500;3250000;110.0;23.5;26.0;140;600;2;65;2.0;1.2;0;0;0;0;1;1;0;570;530
2020-04;Patate douce;"Tubercules, Racines et Plantains";Ouest;Centre;Hauts Plateaux;0.866;-0.5;9000;3160000;110.0;23.5;27.0;85;600;2;60;2.0;1.2;0;0;0;0;1;1;0;360;340
2020-04;Tomate;Maraîchers;Ouest;Centre;Hauts Plateaux;0.866;-0.5;14500;3160000;110.0;23.5;32.0;170;600;2;65;2.0;1.2;0;0;0;0;1;1;0;600;300
2020-04;Oignon;Maraîchers;Extrême-Nord;Centre;Soudano-sahélienne;0.866;-0.5;24500;3160000;10.0;35.0;28.5;145;600;2;170;2.0;1.2;0;0;0;1;1;1;0;680;600
2020-04;Gombo;Maraîchers;Centre;Centre;Forêt bimodale;0.866;-0.5;5000;3160000;130.0;26.0;48.0;125;600;2;30;2.0;1.2;0;0;0;0;1;1;0;580;520
2020-04;Piment;Maraîchers;Extrême-Nord;Littoral;Soudano-sahélienne;0.866;-0.5;4000;3250000;10.0;35.0;35.0;200;600;2;180;2.0;1.2;0;0;0;1;1;1;0;890;820
2020-04;Poivron;Maraîchers;Extrême-Nord;Centre;Soudano-sahélienne;0.866;-0.5;3300;3160000;10.0;35.0;40.0;190;600;2;170;2.0;1.2;0;0;0;1;1;1;0;960;880
2020-04;Ail;Maraîchers;Extrême-Nord;Centre;Soudano-sahélienne;0.866;-0.5;1450;3160000;10.0;35.0;20.5;225;600;2;160;2.0;1.2;0;0;0;1;1;1;0;2300;2150
2020-04;Basilic;Maraîchers;Centre;Centre;Forêt bimodale;0.866;-0.5;1050;3160000;130.0;26.0;60.0;105;600;2;30;2.0;1.2;0;0;0;0;1;1;0;580;520
2020-04;Légumes feuilles;Maraîchers;Centre;Centre;Forêt bimodale;0.866;-0.5;7500;3160000;130.0;26.0;53.0;90;600;2;30;2.0;1.2;0;0;0;0;1;1;0;430;380
2020-04;Choux;Maraîchers;Ouest;Littoral;Hauts Plateaux;0.866;-0.5;5000;3250000;110.0;23.5;37.0;130;600;2;60;2.0;1.2;0;0;0;0;1;1;0;550;480
2020-04;Pastèque;Maraîchers;Extrême-Nord;Centre;Soudano-sahélienne;0.866;-0.5;3000;3160000;10.0;35.0;24.5;120;600;2;160;2.0;1.2;0;0;0;1;1;1;0;280;250
2020-04;Arachide;Oléagineux et Légumineuses;Nord;Centre;Soudano-sahélienne;0.866;-0.5;57000;3160000;10.0;35.5;12.5;200;600;2;125;2.0;1.2;0;0;0;1;1;1;0;620;600
2020-04;Soja;Oléagineux et Légumineuses;Adamaoua;Centre;Savane guinéenne;0.866;-0.5;9500;3160000;45.0;25.0;12.0;185;600;2;105;2.0;1.2;0;0;0;0;1;1;0;590;570
2020-04;Niébé;Oléagineux et Légumineuses;Extrême-Nord;Extrême-Nord;Soudano-sahélienne;0.866;-0.5;40000;4500000;10.0;35.0;14.0;205;600;2;55;2.0;1.2;0;0;0;1;1;1;0;600;580
2020-04;Haricot sec;Oléagineux et Légumineuses;Ouest;Littoral;Hauts Plateaux;0.866;-0.5;37000;3250000;110.0;23.5;11.0;135;600;2;60;2.0;1.2;0;0;0;0;1;1;0;570;540
2020-04;Huile de palme;Oléagineux et Légumineuses;Littoral;Centre;Forêt monomodale;0.866;-0.5;60000;3160000;160.0;27.5;7.5;260;600;2;55;2.0;1.2;0;0;0;0;1;1;0;820;800
2020-04;Ananas;Fruits;Littoral;Centre;Forêt monomodale;0.866;-0.5;9500;3160000;160.0;27.5;20.5;135;600;2;60;2.0;1.2;0;0;0;0;1;1;0;440;390
2020-04;Papaye;Fruits;Centre;Centre;Forêt bimodale;0.866;-0.5;4000;3160000;130.0;26.0;41.0;105;600;2;30;2.0;1.2;0;0;0;0;1;1;0;420;370
2020-04;Mangue;Fruits;Nord;Centre;Soudano-sahélienne;0.866;-0.5;7500;3160000;10.0;35.5;44.0;85;600;2;150;2.0;1.2;0;0;0;1;1;1;0;110;95
2020-04;Avocat;Fruits;Ouest;Littoral;Hauts Plateaux;0.866;-0.5;14500;3250000;110.0;23.5;31.0;95;600;2;60;2.0;1.2;0;0;0;0;1;1;0;410;360
2020-04;Safou;Fruits;Littoral;Centre;Forêt monomodale;0.866;-0.5;5000;3160000;160.0;27.5;46.0;105;600;2;60;2.0;1.2;0;0;0;0;1;1;0;550;480
2020-04;Citron;Fruits;Centre;Centre;Forêt bimodale;0.866;-0.5;3000;3160000;130.0;26.0;25.0;100;600;2;30;2.0;1.2;0;0;0;0;1;1;0;450;410
2020-04;Orange;Fruits;Centre;Centre;Forêt bimodale;0.866;-0.5;5000;3160000;130.0;26.0;25.0;110;600;2;30;2.0;1.2;0;0;0;0;1;1;0;420;380
2020-04;Banane douce;Fruits;Sud-Ouest;Littoral;Forêt monomodale;0.866;-0.5;20500;3250000;160.0;27.5;34.5;135;600;1;150;2.0;1.2;0;0;0;1;1;1;0;1300;1250
2020-04;Cacao;Cultures de Rente et Stimulants;Centre;Littoral;Forêt bimodale;0.866;-0.5;235000;3250000;130.0;26.0;7.5;430;600;2;45;2.0;1.2;0;0;0;0;1;1;0;1650;1620
2020-04;Café;Cultures de Rente et Stimulants;Ouest;Littoral;Hauts Plateaux;0.866;-0.5;102000;3250000;110.0;23.5;6.5;380;600;2;60;2.0;1.2;0;0;0;0;1;1;0;1820;1780
2020-05;Maïs;Céréales;Ouest;Centre;Hauts Plateaux;0.5;-0.866;60000;3160000;160.0;23.0;13.5;95;600;1;70;2.0;1.5;0;0;0;0;1;1;0;230;245
2020-05;Riz;Céréales;Extrême-Nord;Centre;Soudano-sahélienne;0.5;-0.866;28000;3160000;35.0;34.0;6.5;140;600;1;115;2.0;1.5;1;0;0;1;1;1;0;550;600
2020-05;Mil-Sorgho;Céréales;Nord;Extrême-Nord;Soudano-sahélienne;0.5;-0.866;59000;4500000;35.0;34.0;14.0;85;600;1;65;2.0;1.5;0;0;0;1;1;1;0;260;275
2020-05;Blé;Céréales;Littoral(Import);Centre;Forêt monomodale;0.5;-0.866;0;3160000;190.0;26.0;3.5;0;600;1;60;2.0;1.5;1;0;0;0;1;1;0;560;610
2020-05;Manioc;"Tubercules, Racines et Plantains";Centre;Centre;Forêt bimodale;0.5;-0.866;125000;3160000;190.0;25.0;38.5;65;600;1;48;2.0;1.5;0;0;0;0;1;1;0;285;300
2020-05;Plantain;"Tubercules, Racines et Plantains";Sud-Ouest;Littoral;Forêt monomodale;0.5;-0.866;39000;3250000;230.0;26.5;32.5;105;600;1;190;2.0;1.5;0;0;0;1;1;1;0;1320;1250
2020-05;Macabo-Taro;"Tubercules, Racines et Plantains";Littoral;Littoral;Forêt monomodale;0.5;-0.866;20500;3250000;230.0;26.5;35.0;85;600;1;55;2.0;1.5;0;0;0;0;1;1;0;410;390
2020-05;Igname;"Tubercules, Racines et Plantains";Adamaoua;Centre;Savane guinéenne;0.5;-0.866;23500;3160000;90.0;24.0;31.5;135;600;1;115;2.0;1.5;0;0;0;0;1;1;0;505;480
2020-05;Pomme de terre;"Tubercules, Racines et Plantains";Ouest;Littoral;Hauts Plateaux;0.5;-0.866;17500;3250000;160.0;23.0;29.0;140;600;1;85;2.0;1.5;0;0;0;0;1;1;0;530;460
2020-05;Patate douce;"Tubercules, Racines et Plantains";Ouest;Centre;Hauts Plateaux;0.5;-0.866;9000;3160000;160.0;23.0;30.0;85;600;1;80;2.0;1.5;0;0;0;0;1;1;0;340;290
2020-05;Tomate;Maraîchers;Ouest;Centre;Hauts Plateaux;0.5;-0.866;14500;3160000;160.0;23.0;35.0;170;600;1;85;2.0;1.5;0;0;0;0;1;1;0;300;150
2020-05;Oignon;Maraîchers;Extrême-Nord;Centre;Soudano-sahélienne;0.5;-0.866;24500;3160000;35.0;34.0;31.5;145;600;1;190;2.0;1.5;0;0;0;1;1;1;0;600;520
2020-05;Gombo;Maraîchers;Centre;Centre;Forêt bimodale;0.5;-0.866;5000;3160000;190.0;25.0;51.0;125;600;1;48;2.0;1.5;0;0;0;0;1;1;0;520;460
2020-05;Piment;Maraîchers;Extrême-Nord;Littoral;Soudano-sahélienne;0.5;-0.866;4000;3250000;35.0;34.0;38.0;200;600;1;200;2.0;1.5;0;0;0;1;1;1;0;820;750
2020-05;Poivron;Maraîchers;Extrême-Nord;Centre;Soudano-sahélienne;0.5;-0.866;3300;3160000;35.0;34.0;43.0;190;600;1;190;2.0;1.5;0;0;0;1;1;1;0;880;800
2020-05;Ail;Maraîchers;Extrême-Nord;Centre;Soudano-sahélienne;0.5;-0.866;1450;3160000;35.0;34.0;23.5;225;600;1;180;2.0;1.5;0;0;0;1;1;1;0;2150;1950
2020-05;Basilic;Maraîchers;Centre;Centre;Forêt bimodale;0.5;-0.866;1050;3160000;190.0;25.0;63.0;105;600;1;48;2.0;1.5;0;0;0;0;1;1;0;520;460
2020-05;Légumes feuilles;Maraîchers;Centre;Centre;Forêt bimodale;0.5;-0.866;7500;3160000;190.0;25.0;56.0;90;600;1;48;2.0;1.5;0;0;0;0;1;1;0;380;320
2020-05;Choux;Maraîchers;Ouest;Littoral;Hauts Plateaux;0.5;-0.866;5000;3250000;160.0;23.0;40.0;130;600;1;80;2.0;1.5;0;0;0;0;1;1;0;480;400
2020-05;Pastèque;Maraîchers;Extrême-Nord;Centre;Soudano-sahélienne;0.5;-0.866;3000;3160000;35.0;34.0;27.5;120;600;1;185;2.0;1.5;0;0;0;1;1;1;0;250;210
2020-05;Arachide;Oléagineux et Légumineuses;Nord;Centre;Soudano-sahélienne;0.5;-0.866;57000;3160000;35.0;32.5;14.5;200;600;1;145;2.0;1.5;0;0;0;1;1;1;0;600;580
2020-05;Soja;Oléagineux et Légumineuses;Adamaoua;Centre;Savane guinéenne;0.5;-0.866;9500;3160000;90.0;24.0;14.0;185;600;1;125;2.0;1.5;0;0;0;0;1;1;0;570;550
2020-05;Niébé;Oléagineux et Légumineuses;Extrême-Nord;Extrême-Nord;Soudano-sahélienne;0.5;-0.866;40000;4500000;35.0;34.0;16.0;205;600;1;70;2.0;1.5;0;0;0;1;1;1;0;580;560
2020-05;Haricot sec;Oléagineux et Légumineuses;Ouest;Littoral;Hauts Plateaux;0.5;-0.866;37000;3250000;160.0;23.0;13.5;135;600;1;80;2.0;1.5;0;0;0;0;1;1;0;540;510
2020-05;Huile de palme;Oléagineux et Légumineuses;Littoral;Centre;Forêt monomodale;0.5;-0.866;60000;3160000;230.0;26.5;9.5;260;600;1;75;2.0;1.5;0;0;0;0;1;1;0;800;780
2020-05;Ananas;Fruits;Littoral;Centre;Forêt monomodale;0.5;-0.866;9500;3160000;230.0;26.5;23.5;135;600;1;80;2.0;1.5;0;0;0;0;1;1;0;390;340
2020-05;Papaye;Fruits;Centre;Centre;Forêt bimodale;0.5;-0.866;4000;3160000;190.0;25.0;44.0;105;600;1;48;2.0;1.5;0;0;0;0;1;1;0;370;320
2020-05;Mangue;Fruits;Nord;Centre;Soudano-sahélienne;0.5;-0.866;7500;3160000;35.0;32.5;47.0;85;600;1;170;2.0;1.5;0;0;0;1;1;1;0;95;80
2020-05;Avocat;Fruits;Ouest;Littoral;Hauts Plateaux;0.5;-0.866;14500;3250000;160.0;23.0;34.0;95;600;1;80;2.0;1.5;0;0;0;0;1;1;0;360;310
2020-05;Safou;Fruits;Littoral;Centre;Forêt monomodale;0.5;-0.866;5000;3160000;230.0;26.5;49.0;105;600;1;80;2.0;1.5;0;0;0;0;1;1;0;480;420
2020-05;Citron;Fruits;Centre;Centre;Forêt bimodale;0.5;-0.866;3000;3160000;190.0;25.0;28.0;100;600;1;48;2.0;1.5;0;0;0;0;1;1;0;410;370
2020-05;Orange;Fruits;Centre;Centre;Forêt bimodale;0.5;-0.866;5000;3160000;190.0;25.0;28.0;110;600;1;48;2.0;1.5;0;0;0;0;1;1;0;380;340
2020-05;Banane douce;Fruits;Sud-Ouest;Littoral;Forêt monomodale;0.5;-0.866;20500;3250000;230.0;26.5;37.5;135;600;1;180;2.0;1.5;0;0;0;1;1;1;0;1250;1180
2020-05;Cacao;Cultures de Rente et Stimulants;Centre;Littoral;Forêt bimodale;0.5;-0.866;235000;3250000;190.0;25.0;8.5;430;600;1;60;2.0;1.5;0;0;0;0;1;1;0;1620;1590
2020-05;Café;Cultures de Rente et Stimulants;Ouest;Littoral;Hauts Plateaux;0.5;-0.866;102000;3250000;160.0;23.0;7.5;380;600;1;80;2.0;1.5;0;0;0;0;1;1;0;1780;1740
2020-06;Maïs;Céréales;Ouest;Centre;Hauts Plateaux;0.0;-1.0;60000;3160000;210.0;22.0;15.5;95;600;1;75;2.0;1.3;0;0;0;0;1;1;0;245;260
2020-06;Riz;Céréales;Extrême-Nord;Centre;Soudano-sahélienne;0.0;-1.0;28000;3160000;65.0;32.0;7.5;140;600;1;125;2.0;1.3;1;0;0;1;1;1;0;600;650
2020-06;Mil-Sorgho;Céréales;Nord;Extrême-Nord;Soudano-sahélienne;0.0;-1.0;59000;4500000;65.0;32.0;15.0;85;600;1;70;2.0;1.3;0;0;0;1;1;1;0;275;290
2020-06;Blé;Céréales;Littoral(Import);Centre;Forêt monomodale;0.0;-1.0;0;3160000;260.0;25.0;4.5;0;600;1;70;2.0;1.3;1;0;0;0;1;1;0;610;660
2020-06;Manioc;"Tubercules, Racines et Plantains";Centre;Centre;Forêt bimodale;0.0;-1.0;125000;3160000;260.0;24.0;41.5;65;600;1;55;2.0;1.3;0;0;0;0;1;1;0;300;315
2020-06;Plantain;"Tubercules, Racines et Plantains";Sud-Ouest;Littoral;Forêt monomodale;0.0;-1.0;39000;3250000;310.0;25.5;35.5;105;600;1;205;2.0;1.3;0;0;0;1;1;1;0;1250;1180
2020-06;Macabo-Taro;"Tubercules, Racines et Plantains";Littoral;Littoral;Forêt monomodale;0.0;-1.0;20500;3250000;310.0;25.5;38.0;85;600;1;65;2.0;1.3;0;0;0;0;1;1;0;390;375
2020-06;Igname;"Tubercules, Racines et Plantains";Adamaoua;Centre;Savane guinéenne;0.0;-1.0;23500;3160000;130.0;23.0;34.5;135;600;1;130;2.0;1.3;0;0;0;0;1;1;0;480;450
2020-06;Pomme de terre;"Tubercules, Racines et Plantains";Ouest;Littoral;Hauts Plateaux;0.0;-1.0;17500;3250000;210.0;22.0;32.0;140;600;1;100;2.0;1.3;0;0;0;0;1;1;0;460;400
2020-06;Patate douce;"Tubercules, Racines et Plantains";Ouest;Centre;Hauts Plateaux;0.0;-1.0;9000;3160000;210.0;22.0;33.0;85;600;1;90;2.0;1.3;0;0;0;0;1;1;0;290;250
2020-06;Tomate;Maraîchers;Ouest;Centre;Hauts Plateaux;0.0;-1.0;14500;3160000;210.0;22.0;38.0;170;600;1;100;2.0;1.3;0;0;0;0;1;1;0;150;120
2020-06;Oignon;Maraîchers;Extrême-Nord;Centre;Soudano-sahélienne;0.0;-1.0;24500;3160000;65.0;32.0;34.5;145;600;1;205;2.0;1.3;0;0;0;1;1;1;0;520;460
2020-06;Gombo;Maraîchers;Centre;Centre;Forêt bimodale;0.0;-1.0;5000;3160000;260.0;24.0;54.0;125;600;1;60;2.0;1.3;0;0;0;0;1;1;0;460;410
2020-06;Piment;Maraîchers;Extrême-Nord;Littoral;Soudano-sahélienne;0.0;-1.0;4000;3250000;65.0;32.0;41.0;200;600;1;215;2.0;1.3;0;0;0;1;1;1;0;750;680
2020-06;Poivron;Maraîchers;Extrême-Nord;Centre;Soudano-sahélienne;0.0;-1.0;3300;3160000;65.0;32.0;46.0;190;600;1;205;2.0;1.3;0;0;0;1;1;1;0;800;720
2020-06;Ail;Maraîchers;Extrême-Nord;Centre;Soudano-sahélienne;0.0;-1.0;1450;3160000;65.0;32.0;26.5;225;600;1;195;2.0;1.3;0;0;0;1;1;1;0;1950;1800
2020-06;Basilic;Maraîchers;Centre;Centre;Forêt bimodale;0.0;-1.0;1050;3160000;260.0;24.0;66.0;105;600;1;60;2.0;1.3;0;0;0;0;1;1;0;460;410
2020-06;Légumes feuilles;Maraîchers;Centre;Centre;Forêt bimodale;0.0;-1.0;7500;3160000;260.0;24.0;59.0;90;600;1;60;2.0;1.3;0;0;0;0;1;1;0;320;280
2020-06;Choux;Maraîchers;Ouest;Littoral;Hauts Plateaux;0.0;-1.0;5000;3250000;210.0;22.0;43.0;130;600;1;90;2.0;1.3;0;0;0;0;1;1;0;400;350
2020-06;Pastèque;Maraîchers;Extrême-Nord;Centre;Soudano-sahélienne;0.0;-1.0;3000;3160000;65.0;32.0;30.5;120;600;1;200;2.0;1.3;0;0;0;1;1;1;0;210;180
2020-06;Arachide;Oléagineux et Légumineuses;Nord;Centre;Soudano-sahélienne;0.0;-1.0;57000;3160000;65.0;31.5;17.5;200;600;1;160;2.0;1.3;0;0;0;1;1;1;0;580;560
2020-06;Soja;Oléagineux et Légumineuses;Adamaoua;Centre;Savane guinéenne;0.0;-1.0;9500;3160000;130.0;23.0;17.0;185;600;1;140;2.0;1.3;0;0;0;0;1;1;0;550;530
2020-06;Niébé;Oléagineux et Légumineuses;Extrême-Nord;Extrême-Nord;Soudano-sahélienne;0.0;-1.0;40000;4500000;65.0;32.0;19.0;205;600;1;85;2.0;1.3;0;0;0;1;1;1;0;560;540
2020-06;Haricot sec;Oléagineux et Légumineuses;Ouest;Littoral;Hauts Plateaux;0.0;-1.0;37000;3250000;210.0;22.0;16.5;135;600;1;90;2.0;1.3;0;0;0;0;1;1;0;510;480
2020-06;Huile de palme;Oléagineux et Légumineuses;Littoral;Centre;Forêt monomodale;0.0;-1.0;60000;3160000;310.0;25.5;11.5;260;600;1;85;2.0;1.3;0;0;0;0;1;1;0;780;760
2020-06;Ananas;Fruits;Littoral;Centre;Forêt monomodale;0.0;-1.0;9500;3160000;310.0;25.5;26.5;135;600;1;90;2.0;1.3;0;0;0;0;1;1;0;340;300
2020-06;Papaye;Fruits;Centre;Centre;Forêt bimodale;0.0;-1.0;4000;3160000;260.0;24.0;47.0;105;600;1;60;2.0;1.3;0;0;0;0;1;1;0;320;280
2020-06;Mangue;Fruits;Nord;Centre;Soudano-sahélienne;0.0;-1.0;7500;3160000;65.0;31.5;50.0;85;600;1;185;2.0;1.3;0;0;0;1;1;1;0;80;70
2020-06;Avocat;Fruits;Ouest;Littoral;Hauts Plateaux;0.0;-1.0;14500;3250000;210.0;22.0;37.0;95;600;1;90;2.0;1.3;0;0;0;0;1;1;0;310;270
2020-06;Safou;Fruits;Littoral;Centre;Forêt monomodale;0.0;-1.0;5000;3160000;310.0;25.5;52.0;105;600;1;90;2.0;1.3;0;0;0;0;1;1;0;420;380
2020-06;Citron;Fruits;Centre;Centre;Forêt bimodale;0.0;-1.0;3000;3160000;260.0;24.0;31.0;100;600;1;60;2.0;1.3;0;0;0;0;1;1;0;370;330
2020-06;Orange;Fruits;Centre;Centre;Forêt bimodale;0.0;-1.0;5000;3160000;260.0;24.0;31.0;110;600;1;60;2.0;1.3;0;0;0;0;1;1;0;340;300
2020-06;Banane douce;Fruits;Sud-Ouest;Littoral;Forêt monomodale;0.0;-1.0;20500;3250000;310.0;25.5;40.5;135;600;1;195;2.0;1.3;0;0;0;1;1;1;0;1180;1120
2020-06;Cacao;Cultures de Rente et Stimulants;Centre;Littoral;Forêt bimodale;0.0;-1.0;235000;3250000;260.0;24.0;9.5;430;600;1;70;2.0;1.3;0;0;0;0;1;1;0;1590;1560
2020-06;Café;Cultures de Rente et Stimulants;Ouest;Littoral;Hauts Plateaux;0.0;-1.0;102000;3250000;210.0;22.0;8.5;380;600;1;90;2.0;1.3;0;0;0;0;1;1;0;1740;1700
2020-07;Maïs;Céréales;Ouest;Centre;Hauts Plateaux;-0.5;-0.866;60000;3160000;260.0;21.5;16.5;105;600;1;90;2.0;2.0;0;0;0;0;1;1;0;260;290
2020-07;Riz;Céréales;Extrême-Nord;Centre;Soudano-sahélienne;-0.5;-0.866;28000;3160000;110.0;30.0;8.5;155;600;1;145;2.0;2.0;1;0;0;1;1;1;0;650;690
2020-07;Mil-Sorgho;Céréales;Nord;Extrême-Nord;Soudano-sahélienne;-0.5;-0.866;59000;4500000;110.0;30.0;16.0;95;600;1;85;2.0;2.0;0;0;0;1;1;1;0;290;310
2020-07;Blé;Céréales;Littoral(Import);Centre;Forêt monomodale;-0.5;-0.866;0;3160000;310.0;24.5;5.0;0;600;1;85;2.0;2.0;1;1;0;0;1;1;0;660;695
2020-07;Manioc;"Tubercules, Racines et Plantains";Centre;Centre;Forêt bimodale;-0.5;-0.866;125000;3160000;310.0;23.5;43.5;75;600;1;70;2.0;2.0;0;0;0;0;1;1;0;315;340
2020-07;Plantain;"Tubercules, Racines et Plantains";Sud-Ouest;Littoral;Forêt monomodale;-0.5;-0.866;39000;3250000;380.0;25.0;38.5;120;600;1;230;2.0;2.0;0;0;0;1;1;1;0;1180;1350
2020-07;Macabo-Taro;"Tubercules, Racines et Plantains";Littoral;Littoral;Forêt monomodale;-0.5;-0.866;20500;3250000;380.0;25.0;41.0;95;600;1;80;2.0;2.0;0;0;0;0;1;1;0;375;420
2020-07;Igname;"Tubercules, Racines et Plantains";Adamaoua;Centre;Savane guinéenne;-0.5;-0.866;23500;3160000;180.0;22.5;36.5;145;600;1;145;2.0;2.0;0;0;0;0;1;1;0;450;510
2020-07;Pomme de terre;"Tubercules, Racines et Plantains";Ouest;Littoral;Hauts Plateaux;-0.5;-0.866;17500;3250000;260.0;21.5;35.0;150;600;1;115;2.0;2.0;0;0;0;0;1;1;0;400;460
2020-07;Patate douce;"Tubercules, Racines et Plantains";Ouest;Centre;Hauts Plateaux;-0.5;-0.866;9000;3160000;260.0;21.5;35.0;95;600;1;105;2.0;2.0;0;0;0;0;1;1;0;250;290
2020-07;Tomate;Maraîchers;Ouest;Centre;Hauts Plateaux;-0.5;-0.866;14500;3160000;260.0;21.5;42.0;185;600;1;115;2.0;2.0;0;0;0;0;1;1;0;120;250
2020-07;Oignon;Maraîchers;Extrême-Nord;Centre;Soudano-sahélienne;-0.5;-0.866;24500;3160000;110.0;30.0;36.5;155;600;1;225;2.0;2.0;0;0;0;1;1;1;0;460;510
2020-07;Gombo;Maraîchers;Centre;Centre;Forêt bimodale;-0.5;-0.866;5000;3160000;310.0;23.5;57.0;135;600;1;75;2.0;2.0;0;0;0;0;1;1;0;410;480
2020-07;Piment;Maraîchers;Extrême-Nord;Littoral;Soudano-sahélienne;-0.5;-0.866;4000;3250000;110.0;30.0;44.0;215;600;1;235;2.0;2.0;0;0;0;1;1;1;0;680;760
2020-07;Poivron;Maraîchers;Extrême-Nord;Centre;Soudano-sahélienne;-0.5;-0.866;3300;3160000;110.0;30.0;49.0;205;600;1;225;2.0;2.0;0;0;0;1;1;1;0;720;810
2020-07;Ail;Maraîchers;Extrême-Nord;Centre;Soudano-sahélienne;-0.5;-0.866;1450;3160000;110.0;30.0;28.5;240;600;1;215;2.0;2.0;0;0;0;1;1;1;0;1800;1950
2020-07;Basilic;Maraîchers;Centre;Centre;Forêt bimodale;-0.5;-0.866;1050;3160000;310.0;23.5;69.0;115;600;1;75;2.0;2.0;0;0;0;0;1;1;0;410;470
2020-07;Légumes feuilles;Maraîchers;Centre;Centre;Forêt bimodale;-0.5;-0.866;7500;3160000;310.0;23.5;62.0;100;600;1;75;2.0;2.0;0;0;0;0;1;1;0;280;330
2020-07;Choux;Maraîchers;Ouest;Littoral;Hauts Plateaux;-0.5;-0.866;5000;3250000;260.0;21.5;46.0;145;600;1;105;2.0;2.0;0;0;0;0;1;1;0;350;410
2020-07;Pastèque;Maraîchers;Extrême-Nord;Centre;Soudano-sahélienne;-0.5;-0.866;3000;3160000;110.0;30.0;33.5;135;600;1;220;2.0;2.0;0;0;0;1;1;1;0;180;215
2020-07;Arachide;Oléagineux et Légumineuses;Nord;Centre;Soudano-sahélienne;-0.5;-0.866;57000;3160000;110.0;29.5;19.5;215;600;1;180;2.0;2.0;0;0;0;1;1;1;0;560;610
2020-07;Soja;Oléagineux et Légumineuses;Adamaoua;Centre;Savane guinéenne;-0.5;-0.866;9500;3160000;180.0;22.5;19.0;200;600;1;155;2.0;2.0;0;0;0;0;1;1;0;530;580
2020-07;Niébé;Oléagineux et Légumineuses;Extrême-Nord;Extrême-Nord;Soudano-sahélienne;-0.5;-0.866;40000;4500000;110.0;30.0;21.0;220;600;1;105;2.0;2.0;0;0;0;1;1;1;0;540;590
2020-07;Haricot sec;Oléagineux et Légumineuses;Ouest;Littoral;Hauts Plateaux;-0.5;-0.866;37000;3250000;260.0;21.5;18.5;150;600;1;105;2.0;2.0;0;0;0;0;1;1;0;480;530
2020-07;Huile de palme;Oléagineux et Légumineuses;Littoral;Centre;Forêt monomodale;-0.5;-0.866;60000;3160000;380.0;25.0;13.5;275;600;1;100;2.0;2.0;0;0;0;0;1;1;0;760;840
2020-07;Ananas;Fruits;Littoral;Centre;Forêt monomodale;-0.5;-0.866;9500;3160000;380.0;25.0;29.5;150;600;1;105;2.0;2.0;0;0;0;0;1;1;0;300;340
2020-07;Papaye;Fruits;Centre;Centre;Forêt bimodale;-0.5;-0.866;4000;3160000;310.0;23.5;50.0;120;600;1;75;2.0;2.0;0;0;0;0;1;1;0;280;320
2020-07;Mangue;Fruits;Nord;Centre;Soudano-sahélienne;-0.5;-0.866;7500;3160000;110.0;29.5;53.0;100;600;1;205;2.0;2.0;0;0;0;1;1;1;0;70;65
2020-07;Avocat;Fruits;Ouest;Littoral;Hauts Plateaux;-0.5;-0.866;14500;3250000;260.0;21.5;40.0;110;600;1;105;2.0;2.0;0;0;0;0;1;1;0;270;310
2020-07;Safou;Fruits;Littoral;Centre;Forêt monomodale;-0.5;-0.866;5000;3160000;380.0;25.0;55.0;120;600;1;105;2.0;2.0;0;0;0;0;1;1;0;380;430
2020-07;Citron;Fruits;Centre;Centre;Forêt bimodale;-0.5;-0.866;3000;3160000;310.0;23.5;34.0;115;600;1;75;2.0;2.0;0;0;0;0;1;1;0;330;370
2020-07;Orange;Fruits;Centre;Centre;Forêt bimodale;-0.5;-0.866;5000;3160000;310.0;23.5;34.0;125;600;1;75;2.0;2.0;0;0;0;0;1;1;0;300;340
2020-07;Banane douce;Fruits;Sud-Ouest;Littoral;Forêt monomodale;-0.5;-0.866;20500;3250000;380.0;25.0;43.5;150;600;1;215;2.0;2.0;0;0;0;1;1;1;0;1120;1240
2020-07;Cacao;Cultures de Rente et Stimulants;Centre;Littoral;Forêt bimodale;-0.5;-0.866;235000;3250000;310.0;23.5;10.5;445;600;1;85;2.0;2.0;0;0;0;0;1;1;0;1560;1610
2020-07;Café;Cultures de Rente et Stimulants;Ouest;Littoral;Hauts Plateaux;-0.5;-0.866;102000;3250000;260.0;21.5;9.5;395;600;1;105;2.0;2.0;0;0;0;0;1;1;0;1700;1760
2020-08;Maïs;Céréales;Ouest;Centre;Hauts Plateaux;-0.866;-0.5;60000;3160000;300.0;21.0;17.5;110;600;1;95;2.0;2.5;0;0;0;0;1;1;0;290;315
2020-08;Riz;Céréales;Extrême-Nord;Centre;Soudano-sahélienne;-0.866;-0.5;28000;3160000;160.0;29.0;9.5;160;600;1;155;2.0;2.5;1;0;0;1;1;1;0;690;740
2020-08;Mil-Sorgho;Céréales;Nord;Extrême-Nord;Soudano-sahélienne;-0.866;-0.5;59000;4500000;160.0;29.0;17.0;100;600;1;95;2.0;2.5;0;0;0;1;1;1;0;310;340
2020-08;Blé;Céréales;Littoral(Import);Centre;Forêt monomodale;-0.866;-0.5;0;3160000;400.0;24.0;5.5;0;600;1;95;2.0;2.5;1;1;0;0;1;1;0;695;760
2020-08;Manioc;"Tubercules, Racines et Plantains";Centre;Centre;Forêt bimodale;-0.866;-0.5;125000;3160000;380.0;23.0;45.5;80;600;1;80;2.0;2.5;0;0;0;0;1;1;0;340;380
2020-08;Plantain;"Tubercules, Racines et Plantains";Sud-Ouest;Littoral;Forêt monomodale;-0.866;-0.5;39000;3250000;450.0;24.5;40.5;125;600;1;245;2.0;2.5;0;0;0;1;1;1;0;1350;1550
2020-08;Macabo-Taro;"Tubercules, Racines et Plantains";Littoral;Littoral;Forêt monomodale;-0.866;-0.5;20500;3250000;450.0;24.5;43.0;100;600;1;90;2.0;2.5;0;0;0;0;1;1;0;420;475
2020-08;Igname;"Tubercules, Racines et Plantains";Adamaoua;Centre;Savane guinéenne;-0.866;-0.5;23500;3160000;250.0;22.0;38.5;150;600;1;155;2.0;2.5;0;0;0;0;1;1;0;510;580
2020-08;Pomme de terre;"Tubercules, Racines et Plantains";Ouest;Littoral;Hauts Plateaux;-0.866;-0.5;17500;3250000;320.0;21.0;37.0;155;600;1;125;2.0;2.5;0;0;0;0;1;1;0;460;530
2020-08;Patate douce;"Tubercules, Racines et Plantains";Ouest;Centre;Hauts Plateaux;-0.866;-0.5;9000;3160000;320.0;21.0;37.0;100;600;1;115;2.0;2.5;0;0;0;0;1;1;0;290;335
2020-08;Tomate;Maraîchers;Ouest;Centre;Hauts Plateaux;-0.866;-0.5;14500;3160000;320.0;21.0;45.0;190;600;1;125;2.0;2.5;0;0;0;0;1;1;0;250;450
2020-08;Oignon;Maraîchers;Extrême-Nord;Centre;Soudano-sahélienne;-0.866;-0.5;24500;3160000;160.0;29.0;38.5;160;600;1;235;2.0;2.5;0;0;0;1;1;1;0;510;570
2020-08;Gombo;Maraîchers;Centre;Centre;Forêt bimodale;-0.866;-0.5;5000;3160000;380.0;23.0;59.0;140;600;1;85;2.0;2.5;0;0;0;0;1;1;0;480;540
2020-08;Piment;Maraîchers;Extrême-Nord;Littoral;Soudano-sahélienne;-0.866;-0.5;4000;3250000;160.0;29.0;46.0;220;600;1;245;2.0;2.5;0;0;0;1;1;1;0;760;850
2020-08;Poivron;Maraîchers;Extrême-Nord;Centre;Soudano-sahélienne;-0.866;-0.5;3300;3160000;160.0;29.0;51.0;210;600;1;235;2.0;2.5;0;0;0;1;1;1;0;810;900
2020-08;Ail;Maraîchers;Extrême-Nord;Centre;Soudano-sahélienne;-0.866;-0.5;1450;3160000;160.0;29.0;30.5;245;600;1;225;2.0;2.5;0;0;0;1;1;1;0;1950;2100
2020-08;Basilic;Maraîchers;Centre;Centre;Forêt bimodale;-0.866;-0.5;1050;3160000;380.0;23.0;71.0;120;600;1;85;2.0;2.5;0;0;0;0;1;1;0;470;530
2020-08;Légumes feuilles;Maraîchers;Centre;Centre;Forêt bimodale;-0.866;-0.5;7500;3160000;380.0;23.0;64.0;105;600;1;85;2.0;2.5;0;0;0;0;1;1;0;330;385
2020-08;Choux;Maraîchers;Ouest;Littoral;Hauts Plateaux;-0.866;-0.5;5000;3250000;320.0;21.0;48.0;150;600;1;115;2.0;2.5;0;0;0;0;1;1;0;410;470
2020-08;Pastèque;Maraîchers;Extrême-Nord;Centre;Soudano-sahélienne;-0.866;-0.5;3000;3160000;160.0;29.0;35.5;140;600;1;230;2.0;2.5;0;0;0;1;1;1;0;215;245
2020-08;Arachide;Oléagineux et Légumineuses;Nord;Centre;Soudano-sahélienne;-0.866;-0.5;57000;3160000;160.0;28.5;21.5;220;600;1;190;2.0;2.5;0;0;0;1;1;1;0;610;670
2020-08;Soja;Oléagineux et Légumineuses;Adamaoua;Centre;Savane guinéenne;-0.866;-0.5;9500;3160000;250.0;22.0;21.0;205;600;1;165;2.0;2.5;0;0;0;0;1;1;0;580;635
2020-08;Niébé;Oléagineux et Légumineuses;Extrême-Nord;Extrême-Nord;Soudano-sahélienne;-0.866;-0.5;40000;4500000;160.0;29.0;23.0;225;600;1;115;2.0;2.5;0;0;0;1;1;1;0;590;645
2020-08;Haricot sec;Oléagineux et Légumineuses;Ouest;Littoral;Hauts Plateaux;-0.866;-0.5;37000;3250000;320.0;21.0;20.5;155;600;1;115;2.0;2.5;0;0;0;0;1;1;0;530;590
2020-08;Huile de palme;Oléagineux et Légumineuses;Littoral;Centre;Forêt monomodale;-0.866;-0.5;60000;3160000;450.0;24.5;15.5;280;600;1;110;2.0;2.5;0;0;0;0;1;1;0;840;920
2020-08;Ananas;Fruits;Littoral;Centre;Forêt monomodale;-0.866;-0.5;9500;3160000;450.0;24.5;31.5;155;600;1;115;2.0;2.5;0;0;0;0;1;1;0;340;390
2020-08;Papaye;Fruits;Centre;Centre;Forêt bimodale;-0.866;-0.5;4000;3160000;380.0;23.0;52.0;125;600;1;85;2.0;2.5;0;0;0;0;1;1;0;320;370
2020-08;Mangue;Fruits;Nord;Centre;Soudano-sahélienne;-0.866;-0.5;7500;3160000;160.0;28.5;55.0;105;600;1;215;2.0;2.5;0;0;0;1;1;1;0;65;60
2020-08;Avocat;Fruits;Ouest;Littoral;Hauts Plateaux;-0.866;-0.5;14500;3250000;320.0;21.0;42.0;115;600;1;115;2.0;2.5;0;0;0;0;1;1;0;310;360
2020-08;Safou;Fruits;Littoral;Centre;Forêt monomodale;-0.866;-0.5;5000;3160000;450.0;24.5;57.0;125;600;1;115;2.0;2.5;0;0;0;0;1;1;0;430;495
2020-08;Citron;Fruits;Centre;Centre;Forêt bimodale;-0.866;-0.5;3000;3160000;380.0;23.0;36.0;120;600;1;85;2.0;2.5;0;0;0;0;1;1;0;370;420
2020-08;Orange;Fruits;Centre;Centre;Forêt bimodale;-0.866;-0.5;5000;3160000;380.0;23.0;36.0;130;600;1;85;2.0;2.5;0;0;0;0;1;1;0;340;395
2020-08;Banane douce;Fruits;Sud-Ouest;Littoral;Forêt monomodale;-0.866;-0.5;20500;3250000;450.0;24.5;45.5;155;600;1;225;2.0;2.5;0;0;0;1;1;1;0;1240;1400
2020-08;Cacao;Cultures de Rente et Stimulants;Centre;Littoral;Forêt bimodale;-0.866;-0.5;235000;3250000;380.0;23.0;11.5;450;600;1;95;2.0;2.5;0;0;0;0;1;1;0;1610;1680
2020-08;Café;Cultures de Rente et Stimulants;Ouest;Littoral;Hauts Plateaux;-0.866;-0.5;102000;3250000;320.0;21.0;10.5;400;600;1;115;2.0;2.5;0;0;0;0;1;1;0;1760;1820
2020-09;Maïs;Céréales;Ouest;Centre;Hauts Plateaux;-1.0;0.0;60000;3160000;250.0;22.0;13.5;115;600;2;85;2.0;2.0;0;0;0;0;1;1;0;315;330
2020-09;Riz;Céréales;Extrême-Nord;Centre;Soudano-sahélienne;-1.0;0.0;28000;3160000;110.0;30.0;7.5;165;600;2;135;2.0;2.0;1;0;0;1;1;1;0;740;780
2020-09;Mil-Sorgho;Céréales;Nord;Extrême-Nord;Soudano-sahélienne;-1.0;0.0;59000;4500000;80.0;31.0;14.0;105;600;2;70;2.0;2.0;0;0;0;1;1;1;0;340;365
2020-09;Blé;Céréales;Littoral(Import);Centre;Forêt monomodale;-1.0;0.0;0;3160000;350.0;25.0;5.0;0;600;2;65;2.0;2.0;1;1;0;0;1;1;0;760;810
2020-09;Manioc;"Tubercules, Racines et Plantains";Centre;Centre;Forêt bimodale;-1.0;0.0;125000;3160000;150.0;24.0;38.0;85;600;2;55;2.0;2.0;0;0;0;0;1;1;0;380;410
2020-09;Plantain;"Tubercules, Racines et Plantains";Sud-Ouest;Littoral;Forêt monomodale;-1.0;0.0;39000;3250000;350.0;25.5;35.5;130;600;2;200;2.0;2.0;0;0;0;1;1;1;0;1550;1720
2020-09;Macabo-Taro;"Tubercules, Racines et Plantains";Littoral;Littoral;Forêt monomodale;-1.0;0.0;20500;3250000;350.0;25.5;38.0;105;600;2;75;2.0;2.0;0;0;0;0;1;1;0;475;515
2020-09;Igname;"Tubercules, Racines et Plantains";Adamaoua;Centre;Savane guinéenne;-1.0;0.0;23500;3160000;150.0;22.0;32.0;155;600;2;125;2.0;2.0;0;0;0;0;1;1;0;580;630
2020-09;Pomme de terre;"Tubercules, Racines et Plantains";Ouest;Littoral;Hauts Plateaux;-1.0;0.0;17500;3250000;200.0;21.0;30.0;160;600;2;100;2.0;2.0;0;0;0;0;1;1;0;530;590
2020-09;Patate douce;"Tubercules, Racines et Plantains";Ouest;Centre;Hauts Plateaux;-1.0;0.0;9000;3160000;200.0;21.0;32.0;105;600;2;95;2.0;2.0;0;0;0;0;1;1;0;335;380
2020-09;Tomate;Maraîchers;Ouest;Centre;Hauts Plateaux;-1.0;0.0;14500;3160000;200.0;21.0;40.0;195;600;2;100;2.0;2.0;0;0;0;0;1;1;0;450;700
2020-09;Oignon;Maraîchers;Extrême-Nord;Centre;Soudano-sahélienne;-1.0;0.0;24500;3160000;100.0;31.0;30.0;165;600;2;195;2.0;2.0;0;0;0;1;1;1;0;570;630
2020-09;Gombo;Maraîchers;Centre;Centre;Forêt bimodale;-1.0;0.0;5000;3160000;150.0;24.0;50.0;145;600;2;65;2.0;2.0;0;0;0;0;1;1;0;540;600
2020-09;Piment;Maraîchers;Extrême-Nord;Littoral;Soudano-sahélienne;-1.0;0.0;4000;3250000;100.0;31.0;38.0;225;600;2;200;2.0;2.0;0;0;0;1;1;1;0;850;940
2020-09;Poivron;Maraîchers;Extrême-Nord;Centre;Soudano-sahélienne;-1.0;0.0;3300;3160000;100.0;31.0;42.0;215;600;2;190;2.0;2.0;0;0;0;1;1;1;0;900;1010
2020-09;Ail;Maraîchers;Extrême-Nord;Centre;Soudano-sahélienne;-1.0;0.0;1450;3160000;100.0;31.0;25.0;250;600;2;185;2.0;2.0;0;0;0;1;1;1;0;2100;2280
2020-09;Basilic;Maraîchers;Centre;Centre;Forêt bimodale;-1.0;0.0;1050;3160000;150.0;24.0;60.0;125;600;2;65;2.0;2.0;0;0;0;0;1;1;0;530;590
2020-09;Légumes feuilles;Maraîchers;Centre;Centre;Forêt bimodale;-1.0;0.0;7500;3160000;150.0;24.0;55.0;110;600;2;65;2.0;2.0;0;0;0;0;1;1;0;385;440
2020-09;Choux;Maraîchers;Ouest;Littoral;Hauts Plateaux;-1.0;0.0;5000;3250000;200.0;21.0;40.0;155;600;2;85;2.0;2.0;0;0;0;0;1;1;0;470;530
2020-09;Pastèque;Maraîchers;Extrême-Nord;Centre;Soudano-sahélienne;-1.0;0.0;3000;3160000;100.0;31.0;26.0;145;600;2;190;2.0;2.0;0;0;0;1;1;1;0;245;280
2020-09;Arachide;Oléagineux et Légumineuses;Nord;Centre;Soudano-sahélienne;-1.0;0.0;57000;3160000;80.0;30.0;16.0;225;600;2;140;2.0;2.0;0;0;0;1;1;1;0;670;720
2020-09;Soja;Oléagineux et Légumineuses;Adamaoua;Centre;Savane guinéenne;-1.0;0.0;9500;3160000;150.0;22.0;16.0;210;600;2;130;2.0;2.0;0;0;0;0;1;1;0;635;690
2020-09;Niébé;Oléagineux et Légumineuses;Extrême-Nord;Extrême-Nord;Soudano-sahélienne;-1.0;0.0;40000;4500000;100.0;31.0;14.0;230;600;2;75;2.0;2.0;0;0;0;1;1;1;0;645;700
2020-09;Haricot sec;Oléagineux et Légumineuses;Ouest;Littoral;Hauts Plateaux;-1.0;0.0;37000;3250000;200.0;21.0;14.0;160;600;2;85;2.0;2.0;0;0;0;0;1;1;0;590;645
2020-09;Huile de palme;Oléagineux et Légumineuses;Littoral;Centre;Forêt monomodale;-1.0;0.0;60000;3160000;350.0;25.5;9.0;285;600;2;75;2.0;2.0;0;0;0;0;1;1;0;920;1010
2020-09;Ananas;Fruits;Littoral;Centre;Forêt monomodale;-1.0;0.0;9500;3160000;350.0;25.5;28.0;160;600;2;85;2.0;2.0;0;0;0;0;1;1;0;390;440
2020-09;Papaye;Fruits;Centre;Centre;Forêt bimodale;-1.0;0.0;4000;3160000;150.0;24.0;45.0;130;600;2;65;2.0;2.0;0;0;0;0;1;1;0;370;420
2020-09;Mangue;Fruits;Nord;Centre;Soudano-sahélienne;-1.0;0.0;7500;3160000;80.0;30.0;48.0;110;600;2;180;2.0;2.0;0;0;0;1;1;1;0;60;70
2020-09;Avocat;Fruits;Ouest;Littoral;Hauts Plateaux;-1.0;0.0;14500;3250000;200.0;21.0;35.0;120;600;2;85;2.0;2.0;0;0;0;0;1;1;0;360;415
2020-09;Safou;Fruits;Littoral;Centre;Forêt monomodale;-1.0;0.0;5000;3160000;350.0;25.5;48.0;130;600;2;85;2.0;2.0;0;0;0;0;1;1;0;495;560
2020-09;Citron;Fruits;Centre;Centre;Forêt bimodale;-1.0;0.0;3000;3160000;150.0;24.0;30.0;125;600;2;65;2.0;2.0;0;0;0;0;1;1;0;420;475
2020-09;Orange;Fruits;Centre;Centre;Forêt bimodale;-1.0;0.0;5000;3160000;150.0;24.0;30.0;135;600;2;65;2.0;2.0;0;0;0;0;1;1;0;395;450
2020-09;Banane douce;Fruits;Sud-Ouest;Littoral;Forêt monomodale;-1.0;0.0;20500;3250000;350.0;25.5;40.0;160;600;2;180;2.0;2.0;0;0;0;1;0;1;0;1400;1550
2020-09;Cacao;Cultures de Rente et Stimulants;Centre;Littoral;Forêt bimodale;-1.0;0.0;235000;3250000;280.0;24.0;9.0;455;600;2;75;2.0;2.0;0;0;0;0;1;1;0;1680;1710
2020-09;Café;Cultures de Rente et Stimulants;Ouest;Littoral;Hauts Plateaux;-1.0;0.0;102000;3250000;200.0;21.0;8.0;405;600;2;95;2.0;2.0;0;0;0;0;1;1;0;1820;1850
2020-10;Maïs;Céréales;Ouest;Centre;Hauts Plateaux;-0.866;0.5;60000;3160000;150.0;23.0;10.0;120;600;3;65;2.0;1.5;0;0;0;0;1;1;0;330;320
2020-10;Riz;Céréales;Extrême-Nord;Centre;Soudano-sahélienne;-0.866;0.5;28000;3160000;40.0;31.5;5.5;170;600;3;115;2.0;1.5;1;0;0;1;1;1;0;780;820
2020-10;Mil-Sorgho;Céréales;Nord;Extrême-Nord;Soudano-sahélienne;-0.866;0.5;59000;4500000;40.0;32.0;13.0;110;600;3;60;2.0;1.5;0;0;0;1;1;1;0;365;385
2020-10;Blé;Céréales;Littoral(Import);Centre;Forêt monomodale;-0.866;0.5;0;3160000;250.0;26.0;3.0;0;600;3;55;2.0;1.5;1;1;0;0;1;1;0;810;850
2020-10;Manioc;"Tubercules, Racines et Plantains";Centre;Centre;Forêt bimodale;-0.866;0.5;125000;3160000;100.0;25.0;34.0;90;600;3;45;2.0;1.5;0;0;0;0;1;1;0;410;420
2020-10;Plantain;"Tubercules, Racines et Plantains";Sud-Ouest;Littoral;Forêt monomodale;-0.866;0.5;39000;3250000;250.0;26.5;30.0;135;600;3;180;2.0;1.5;0;0;0;1;0;1;0;1720;1750
2020-10;Macabo-Taro;"Tubercules, Racines et Plantains";Littoral;Littoral;Forêt monomodale;-0.866;0.5;20500;3250000;250.0;26.5;33.0;110;600;3;65;2.0;1.5;0;0;0;0;1;1;0;515;530
2020-10;Igname;"Tubercules, Racines et Plantains";Adamaoua;Centre;Savane guinéenne;-0.866;0.5;23500;3160000;50.0;23.0;28.0;160;600;3;110;2.0;1.5;0;0;0;0;1;1;0;630;660
2020-10;Pomme de terre;"Tubercules, Racines et Plantains";Ouest;Littoral;Hauts Plateaux;-0.866;0.5;17500;3250000;100.0;23.0;25.0;165;600;3;85;2.0;1.5;0;0;0;0;1;1;0;590;620
2020-10;Patate douce;"Tubercules, Racines et Plantains";Ouest;Centre;Hauts Plateaux;-0.866;0.5;9000;3160000;100.0;23.0;26.0;110;600;3;80;2.0;1.5;0;0;0;0;1;1;0;380;400
2020-10;Tomate;Maraîchers;Ouest;Centre;Hauts Plateaux;-0.866;0.5;14500;3160000;100.0;23.0;30.0;200;600;3;85;2.0;1.5;0;0;0;0;1;1;0;700;950
2020-10;Oignon;Maraîchers;Extrême-Nord;Centre;Soudano-sahélienne;-0.866;0.5;24500;3160000;30.0;33.0;28.0;170;600;3;180;2.0;1.5;0;0;0;1;1;1;0;630;670
2020-10;Gombo;Maraîchers;Centre;Centre;Forêt bimodale;-0.866;0.5;5000;3160000;100.0;25.0;45.0;150;600;3;55;2.0;1.5;0;0;0;0;1;1;0;600;620
2020-10;Piment;Maraîchers;Extrême-Nord;Littoral;Soudano-sahélienne;-0.866;0.5;4000;3250000;30.0;33.0;34.0;230;600;3;185;2.0;1.5;0;0;0;1;1;1;0;940;1020
2020-10;Poivron;Maraîchers;Extrême-Nord;Centre;Soudano-sahélienne;-0.866;0.5;3300;3160000;30.0;33.0;38.0;220;600;3;175;2.0;1.5;0;0;0;1;1;1;0;1010;1080
2020-10;Ail;Maraîchers;Extrême-Nord;Centre;Soudano-sahélienne;-0.866;0.5;1450;3160000;30.0;33.0;22.0;255;600;3;170;2.0;1.5;0;0;0;1;1;1;0;2280;2400
2020-10;Basilic;Maraîchers;Centre;Centre;Forêt bimodale;-0.866;0.5;1050;3160000;100.0;25.0;55.0;130;600;3;55;2.0;1.5;0;0;0;0;1;1;0;590;620
2020-10;Légumes feuilles;Maraîchers;Centre;Centre;Forêt bimodale;-0.866;0.5;7500;3160000;100.0;25.0;50.0;115;600;3;55;2.0;1.5;0;0;0;0;1;1;0;440;475
2020-10;Choux;Maraîchers;Ouest;Littoral;Hauts Plateaux;-0.866;0.5;5000;3250000;100.0;23.0;34.0;160;600;3;75;2.0;1.5;0;0;0;0;1;1;0;530;570
2020-10;Pastèque;Maraîchers;Extrême-Nord;Centre;Soudano-sahélienne;-0.866;0.5;3000;3160000;30.0;33.0;24.0;150;600;3;175;2.0;1.5;0;0;0;1;1;1;0;280;310
2020-10;Arachide;Oléagineux et Légumineuses;Nord;Centre;Soudano-sahélienne;-0.866;0.5;57000;3160000;20.0;32.0;12.0;230;600;3;135;2.0;1.5;0;0;0;1;1;1;0;720;750
2020-10;Soja;Oléagineux et Légumineuses;Adamaoua;Centre;Savane guinéenne;-0.866;0.5;9500;3160000;50.0;23.0;12.0;215;600;3;120;2.0;1.5;0;0;0;0;1;1;0;690;730
2020-10;Niébé;Oléagineux et Légumineuses;Extrême-Nord;Extrême-Nord;Soudano-sahélienne;-0.866;0.5;40000;4500000;30.0;33.0;12.0;235;600;3;65;2.0;1.5;0;0;0;1;1;1;0;700;740
2020-10;Haricot sec;Oléagineux et Légumineuses;Ouest;Littoral;Hauts Plateaux;-0.866;0.5;37000;3250000;100.0;23.0;11.0;165;600;3;75;2.0;1.5;0;0;0;0;1;1;0;645;685
2020-10;Huile de palme;Oléagineux et Légumineuses;Littoral;Centre;Forêt monomodale;-0.866;0.5;60000;3160000;250.0;26.5;7.0;290;600;3;65;2.0;1.5;0;0;0;0;1;1;0;1010;1050
2020-10;Ananas;Fruits;Littoral;Centre;Forêt monomodale;-0.866;0.5;9500;3160000;250.0;26.5;22.0;165;600;3;75;2.0;1.5;0;0;0;0;1;1;0;440;475
2020-10;Papaye;Fruits;Centre;Centre;Forêt bimodale;-0.866;0.5;4000;3160000;100.0;25.0;38.0;135;600;3;55;2.0;1.5;0;0;0;0;1;1;0;420;460
2020-10;Mangue;Fruits;Nord;Centre;Soudano-sahélienne;-0.866;0.5;7500;3160000;20.0;32.0;42.0;115;600;3;160;2.0;1.5;0;0;0;1;1;1;0;70;75
2020-10;Avocat;Fruits;Ouest;Littoral;Hauts Plateaux;-0.866;0.5;14500;3250000;100.0;23.0;28.0;125;600;3;75;2.0;1.5;0;0;0;0;1;1;0;415;455
2020-10;Safou;Fruits;Littoral;Centre;Forêt monomodale;-0.866;0.5;5000;3160000;250.0;26.5;42.0;135;600;3;75;2.0;1.5;0;0;0;0;1;1;0;560;610
2020-10;Citron;Fruits;Centre;Centre;Forêt bimodale;-0.866;0.5;3000;3160000;100.0;25.0;24.0;130;600;3;55;2.0;1.5;0;0;0;0;1;1;0;475;515
2020-10;Orange;Fruits;Centre;Centre;Forêt bimodale;-0.866;0.5;5000;3160000;100.0;25.0;24.0;140;600;3;55;2.0;1.5;0;0;0;0;1;1;0;450;495
2020-10;Banane douce;Fruits;Sud-Ouest;Littoral;Forêt monomodale;-0.866;0.5;20500;3250000;250.0;26.5;33.0;165;600;3;165;2.0;1.5;0;0;0;1;0;1;0;1550;1590
2020-10;Cacao;Cultures de Rente et Stimulants;Centre;Littoral;Forêt bimodale;-0.866;0.5;235000;3250000;100.0;25.0;7.0;460;600;3;65;2.0;1.5;0;0;0;0;1;1;0;1710;1730
2020-10;Café;Cultures de Rente et Stimulants;Ouest;Littoral;Hauts Plateaux;-0.866;0.5;102000;3250000;100.0;23.0;7.0;410;600;3;80;2.0;1.5;0;0;0;0;1;1;0;1850;1880
2020-11;Maïs;Céréales;Ouest;Centre;Hauts Plateaux;-0.5;0.866;60000;3160000;50.0;24.0;8.0;125;600;4;50;2.0;1.0;0;0;0;0;1;1;0;320;305
2020-11;Riz;Céréales;Extrême-Nord;Centre;Soudano-sahélienne;-0.5;0.866;28000;3160000;0.0;31.0;5.0;175;600;4;100;2.0;1.0;1;0;0;1;1;1;0;820;845
2020-11;Mil-Sorgho;Céréales;Nord;Extrême-Nord;Soudano-sahélienne;-0.5;0.866;59000;4500000;0.0;32.0;12.0;115;600;4;45;2.0;1.0;0;0;0;1;1;1;0;385;400
2020-11;Blé;Céréales;Littoral(Import);Centre;Forêt monomodale;-0.5;0.866;0;3160000;100.0;27.0;2.0;0;600;4;40;2.0;1.0;1;1;0;0;1;1;0;850;880
2020-11;Manioc;"Tubercules, Racines et Plantains";Centre;Centre;Forêt bimodale;-0.5;0.866;125000;3160000;50.0;26.0;30.0;95;600;4;30;2.0;1.0;0;0;0;0;1;1;0;420;425
2020-11;Plantain;"Tubercules, Racines et Plantains";Sud-Ouest;Littoral;Forêt monomodale;-0.5;0.866;39000;3250000;100.0;28.0;25.0;140;600;4;155;2.0;1.0;0;0;0;1;0;1;0;1750;1820
2020-11;Macabo-Taro;"Tubercules, Racines et Plantains";Littoral;Littoral;Forêt monomodale;-0.5;0.866;20500;3250000;100.0;28.0;28.0;115;600;4;40;2.0;1.0;0;0;0;0;1;1;0;530;545
2020-11;Igname;"Tubercules, Racines et Plantains";Adamaoua;Centre;Savane guinéenne;-0.5;0.866;23500;3160000;10.0;24.0;25.0;165;600;4;90;2.0;1.0;0;0;0;0;1;1;0;660;680
2020-11;Pomme de terre;"Tubercules, Racines et Plantains";Ouest;Littoral;Hauts Plateaux;-0.5;0.866;17500;3250000;50.0;24.0;22.0;170;600;4;65;2.0;1.0;0;0;0;0;1;1;0;620;645
2020-11;Patate douce;"Tubercules, Racines et Plantains";Ouest;Centre;Hauts Plateaux;-0.5;0.866;9000;3160000;50.0;24.0;23.0;115;600;4;60;2.0;1.0;0;0;0;0;1;1;0;400;415
2020-11;Tomate;Maraîchers;Ouest;Centre;Hauts Plateaux;-0.5;0.866;14500;3160000;50.0;24.0;22.0;205;600;4;65;2.0;1.0;0;0;0;0;1;1;0;950;1100
2020-11;Oignon;Maraîchers;Extrême-Nord;Centre;Soudano-sahélienne;-0.5;0.866;24500;3160000;0.0;31.0;25.0;175;600;4;160;2.0;1.0;0;0;0;1;1;1;0;670;710
2020-11;Gombo;Maraîchers;Centre;Centre;Forêt bimodale;-0.5;0.866;5000;3160000;50.0;26.0;42.0;155;600;4;30;2.0;1.0;0;0;0;0;1;1;0;620;640
2020-11;Piment;Maraîchers;Extrême-Nord;Littoral;Soudano-sahélienne;-0.5;0.866;4000;3250000;0.0;31.0;30.0;235;600;4;165;2.0;1.0;0;0;0;1;1;1;0;1020;1060
2020-11;Poivron;Maraîchers;Extrême-Nord;Centre;Soudano-sahélienne;-0.5;0.866;3300;3160000;0.0;31.0;35.0;225;600;4;155;2.0;1.0;0;0;0;1;1;1;0;1080;1130
2020-11;Ail;Maraîchers;Extrême-Nord;Centre;Soudano-sahélienne;-0.5;0.866;1450;3160000;0.0;31.0;18.0;260;600;4;145;2.0;1.0;0;0;0;1;1;1;0;2400;2500
2020-11;Basilic;Maraîchers;Centre;Centre;Forêt bimodale;-0.5;0.866;1050;3160000;50.0;26.0;52.0;135;600;4;30;2.0;1.0;0;0;0;0;1;1;0;620;645
2020-11;Légumes feuilles;Maraîchers;Centre;Centre;Forêt bimodale;-0.5;0.866;7500;3160000;50.0;26.0;45.0;120;600;4;30;2.0;1.0;0;0;0;0;1;1;0;475;495
2020-11;Choux;Maraîchers;Ouest;Littoral;Hauts Plateaux;-0.5;0.866;5000;3250000;50.0;24.0;30.0;165;600;4;60;2.0;1.0;0;0;0;0;1;1;0;570;605
2020-11;Pastèque;Maraîchers;Extrême-Nord;Centre;Soudano-sahélienne;-0.5;0.866;3000;3160000;0.0;31.0;20.0;155;600;4;155;2.0;1.0;0;0;0;1;1;1;0;310;335
2020-11;Arachide;Oléagineux et Légumineuses;Nord;Centre;Soudano-sahélienne;-0.5;0.866;57000;3160000;0.0;30.0;10.0;235;600;4;115;2.0;1.0;0;0;0;1;1;1;0;750;775
2020-11;Soja;Oléagineux et Légumineuses;Adamaoua;Centre;Savane guinéenne;-0.5;0.866;9500;3160000;10.0;24.0;10.0;220;600;4;100;2.0;1.0;0;0;0;0;1;1;0;730;750
2020-11;Niébé;Oléagineux et Légumineuses;Extrême-Nord;Extrême-Nord;Soudano-sahélienne;-0.5;0.866;40000;4500000;0.0;31.0;12.0;240;600;4;45;2.0;1.0;0;0;0;1;1;1;0;740;760
2020-11;Haricot sec;Oléagineux et Légumineuses;Ouest;Littoral;Hauts Plateaux;-0.5;0.866;37000;3250000;50.0;24.0;8.0;170;600;4;60;2.0;1.0;0;0;0;0;1;1;0;685;710
2020-11;Huile de palme;Oléagineux et Légumineuses;Littoral;Centre;Forêt monomodale;-0.5;0.866;60000;3160000;100.0;28.0;5.0;295;600;4;50;2.0;1.0;0;0;0;0;1;1;0;1050;1080
2020-11;Ananas;Fruits;Littoral;Centre;Forêt monomodale;-0.5;0.866;9500;3160000;100.0;28.0;18.0;170;600;4;60;2.0;1.0;0;0;0;0;1;1;0;475;510
2020-11;Papaye;Fruits;Centre;Centre;Forêt bimodale;-0.5;0.866;4000;3160000;50.0;26.0;35.0;140;600;4;30;2.0;1.0;0;0;0;0;1;1;0;460;485
2020-11;Mangue;Fruits;Nord;Centre;Soudano-sahélienne;-0.5;0.866;7500;3160000;0.0;30.0;40.0;120;600;4;140;2.0;1.0;0;0;0;1;1;1;0;75;85
2020-11;Avocat;Fruits;Ouest;Littoral;Hauts Plateaux;-0.5;0.866;14500;3250000;50.0;24.0;25.0;130;600;4;60;2.0;1.0;0;0;0;0;1;1;0;455;485
2020-11;Safou;Fruits;Littoral;Centre;Forêt monomodale;-0.5;0.866;5000;3160000;100.0;28.0;40.0;140;600;4;60;2.0;1.0;0;0;0;0;1;1;0;610;640
2020-11;Citron;Fruits;Centre;Centre;Forêt bimodale;-0.5;0.866;3000;3160000;50.0;26.0;20.0;135;600;4;30;2.0;1.0;0;0;0;0;1;1;0;515;540
2020-11;Orange;Fruits;Centre;Centre;Forêt bimodale;-0.5;0.866;5000;3160000;50.0;26.0;20.0;145;600;4;30;2.0;1.0;0;0;0;0;1;1;0;495;525
2020-11;Banane douce;Fruits;Sud-Ouest;Littoral;Forêt monomodale;-0.5;0.866;20500;3250000;100.0;28.0;30.0;170;600;4;150;2.0;1.0;0;0;0;1;0;1;0;1590;1650
2020-11;Cacao;Cultures de Rente et Stimulants;Centre;Littoral;Forêt bimodale;-0.5;0.866;235000;3250000;50.0;26.0;6.0;465;600;4;40;2.0;1.0;0;0;0;0;1;1;0;1730;1760
2020-11;Café;Cultures de Rente et Stimulants;Ouest;Littoral;Hauts Plateaux;-0.5;0.866;102000;3250000;50.0;24.0;5.0;415;600;4;55;2.0;1.0;0;0;0;0;1;1;0;1880;1920
2020-12;Maïs;Céréales;Ouest;Centre;Hauts Plateaux;0.0;1.0;60000;3160000;10.5;23.0;8.0;130;600;4;45;2.0;1.0;0;0;1;0;1;1;0;305;330
2020-12;Riz;Céréales;Extrême-Nord;Centre;Soudano-sahélienne;0.0;1.0;28000;3160000;0.0;30.5;5.0;180;600;4;95;2.0;1.0;1;0;1;1;1;1;0;845;880
2020-12;Mil-Sorgho;Céréales;Nord;Extrême-Nord;Soudano-sahélienne;0.0;1.0;59000;4500000;0.0;32.0;12.0;120;600;4;40;2.0;1.0;0;0;1;1;1;1;0;400;420
2020-12;Blé;Céréales;Littoral(Import);Centre;Forêt monomodale;0.0;1.0;0;3160000;50.0;27.0;2.0;0;600;4;35;2.0;1.0;1;1;1;0;1;1;0;880;920
2020-12;Manioc;"Tubercules, Racines et Plantains";Centre;Centre;Forêt bimodale;0.0;1.0;125000;3160000;20.0;25.0;30.0;100;600;4;28;2.0;1.0;0;0;1;0;1;1;0;425;445
2020-12;Plantain;"Tubercules, Racines et Plantains";Sud-Ouest;Littoral;Forêt monomodale;0.0;1.0;39000;3250000;50.0;27.0;25.0;145;600;4;145;2.0;1.0;0;0;1;1;0;1;0;1820;2050
2020-12;Macabo-Taro;"Tubercules, Racines et Plantains";Littoral;Littoral;Forêt monomodale;0.0;1.0;20500;3250000;50.0;27.0;28.0;120;600;4;35;2.0;1.0;0;0;1;0;1;1;0;545;580
2020-12;Igname;"Tubercules, Racines et Plantains";Adamaoua;Centre;Savane guinéenne;0.0;1.0;23500;3160000;0.0;24.0;25.0;170;600;4;85;2.0;1.0;0;0;1;0;1;1;0;680;710
2020-12;Pomme de terre;"Tubercules, Racines et Plantains";Ouest;Littoral;Hauts Plateaux;0.0;1.0;17500;3250000;10.5;23.0;22.0;175;600;4;60;2.0;1.0;0;0;1;0;1;1;0;645;680
2020-12;Patate douce;"Tubercules, Racines et Plantains";Ouest;Centre;Hauts Plateaux;0.0;1.0;9000;3160000;10.5;23.0;23.0;120;600;4;55;2.0;1.0;0;0;1;0;1;1;0;415;445
2020-12;Tomate;Maraîchers;Ouest;Centre;Hauts Plateaux;0.0;1.0;14500;3160000;10.5;23.0;22.0;210;600;4;60;2.0;1.0;0;0;1;0;1;1;0;1100;1350
2020-12;Oignon;Maraîchers;Extrême-Nord;Centre;Soudano-sahélienne;0.0;1.0;24500;3160000;0.0;30.5;25.0;180;600;4;150;2.0;1.0;0;0;1;1;1;1;0;710;770
2020-12;Gombo;Maraîchers;Centre;Centre;Forêt bimodale;0.0;1.0;5000;3160000;20.0;25.0;42.0;160;600;4;28;2.0;1.0;0;0;1;0;1;1;0;640;690
2020-12;Piment;Maraîchers;Extrême-Nord;Littoral;Soudano-sahélienne;0.0;1.0;4000;3250000;0.0;30.5;30.0;240;600;4;155;2.0;1.0;0;0;1;1;1;1;0;1060;1150
2020-12;Poivron;Maraîchers;Extrême-Nord;Centre;Soudano-sahélienne;0.0;1.0;3300;3160000;0.0;30.5;35.0;230;600;4;145;2.0;1.0;0;0;1;1;1;1;0;1130;1210
2020-12;Ail;Maraîchers;Extrême-Nord;Centre;Soudano-sahélienne;0.0;1.0;1450;3160000;0.0;30.5;18.0;265;600;4;135;2.0;1.0;0;0;1;1;1;1;0;2500;2650
2020-12;Basilic;Maraîchers;Centre;Centre;Forêt bimodale;0.0;1.0;1050;3160000;20.0;25.0;52.0;140;600;4;28;2.0;1.0;0;0;1;0;1;1;0;645;695
2020-12;Légumes feuilles;Maraîchers;Centre;Centre;Forêt bimodale;0.0;1.0;7500;3160000;20.0;25.0;45.0;125;600;4;28;2.0;1.0;0;0;1;0;1;1;0;495;540
2020-12;Choux;Maraîchers;Ouest;Littoral;Hauts Plateaux;0.0;1.0;5000;3250000;10.5;23.0;30.0;170;600;4;55;2.0;1.0;0;0;1;0;1;1;0;605;665
2020-12;Pastèque;Maraîchers;Extrême-Nord;Centre;Soudano-sahélienne;0.0;1.0;3000;3160000;0.0;30.5;20.0;160;600;4;145;2.0;1.0;0;0;1;1;1;1;0;335;380
2020-12;Arachide;Oléagineux et Légumineuses;Nord;Centre;Soudano-sahélienne;0.0;1.0;57000;3160000;0.0;29.0;10.0;240;600;4;105;2.0;1.0;0;0;1;1;1;1;0;775;820
2020-12;Soja;Oléagineux et Légumineuses;Adamaoua;Centre;Savane guinéenne;0.0;1.0;9500;3160000;0.0;24.0;10.0;225;600;4;90;2.0;1.0;0;0;1;0;1;1;0;750;795
2020-12;Niébé;Oléagineux et Légumineuses;Extrême-Nord;Extrême-Nord;Soudano-sahélienne;0.0;1.0;40000;4500000;0.0;30.5;12.0;245;600;4;35;2.0;1.0;0;0;1;1;1;1;0;760;810
2020-12;Haricot sec;Oléagineux et Légumineuses;Ouest;Littoral;Hauts Plateaux;0.0;1.0;37000;3250000;10.5;23.0;8.0;175;600;4;55;2.0;1.0;0;0;1;0;1;1;0;710;765
2020-12;Huile de palme;Oléagineux et Légumineuses;Littoral;Centre;Forêt monomodale;0.0;1.0;60000;3160000;50.0;27.0;5.0;300;600;4;45;2.0;1.0;0;0;1;0;1;1;0;1080;1150
2020-12;Ananas;Fruits;Littoral;Centre;Forêt monomodale;0.0;1.0;9500;3160000;50.0;27.0;18.0;175;600;4;55;2.0;1.0;0;0;1;0;1;1;0;510;565
2020-12;Papaye;Fruits;Centre;Centre;Forêt bimodale;0.0;1.0;4000;3160000;20.0;25.0;35.0;145;600;4;28;2.0;1.0;0;0;1;0;1;1;0;485;535
2020-12;Mangue;Fruits;Nord;Centre;Soudano-sahélienne;0.0;1.0;7500;3160000;0.0;29.0;40.0;125;600;4;130;2.0;1.0;0;0;1;1;1;1;0;85;105
2020-12;Avocat;Fruits;Ouest;Littoral;Hauts Plateaux;0.0;1.0;14500;3250000;10.5;23.0;25.0;135;600;4;55;2.0;1.0;0;0;1;0;1;1;0;485;535
2020-12;Safou;Fruits;Littoral;Centre;Forêt monomodale;0.0;1.0;5000;3160000;50.0;27.0;40.0;145;600;4;55;2.0;1.0;0;0;1;0;1;1;0;640;700
2020-12;Citron;Fruits;Centre;Centre;Forêt bimodale;0.0;1.0;3000;3160000;20.0;25.0;20.0;140;600;4;28;2.0;1.0;0;0;1;0;1;1;0;540;595
2020-12;Orange;Fruits;Centre;Centre;Forêt bimodale;0.0;1.0;5000;3160000;20.0;25.0;20.0;150;600;4;28;2.0;1.0;0;0;1;0;1;1;0;525;580
2020-12;Banane douce;Fruits;Sud-Ouest;Littoral;Forêt monomodale;0.0;1.0;20500;3250000;50.0;27.0;30.0;175;600;4;140;2.0;1.0;0;0;1;1;0;1;0;1650;1820
2020-12;Cacao;Cultures de Rente et Stimulants;Centre;Littoral;Forêt bimodale;0.0;1.0;235000;3250000;20.0;25.0;6.0;470;600;4;40;2.0;1.0;0;0;1;0;1;1;0;1760;1810
2020-12;Café;Cultures de Rente et Stimulants;Ouest;Littoral;Hauts Plateaux;0.0;1.0;102000;3250000;10.5;23.0;5.0;420;600;4;55;2.0;1.0;0;0;1;0;1;1;0;1920;1980
2021-01;Maïs;Céréales;Ouest;Centre;Hauts Plateaux;0.5;0.866;60500;3260000;10.5;23.0;8.0;150;600;4;40;2.1;1.0;0;0;0;0;0;0;0;330;280
2021-01;Riz;Céréales;Extrême-Nord;Centre;Soudano-sahélienne;0.5;0.866;28500;3260000;0.0;30.5;5.0;160;600;4;85;2.1;1.0;0;0;0;1;0;0;0;880;820
2021-01;Mil-Sorgho;Céréales;Nord;Extrême-Nord;Soudano-sahélienne;0.5;0.866;59500;4600000;0.0;32.0;12.0;150;600;4;35;2.1;1.0;0;0;0;1;0;0;0;420;380
2021-01;Blé;Céréales;Littoral(Import);Centre;Forêt monomodale;0.5;0.866;0;3260000;25.0;27.0;2.0;0;600;4;30;2.1;1.0;1;0;0;0;0;0;0;920;860
2021-01;Manioc;"Tubercules, Racines et Plantains";Centre;Centre;Forêt bimodale;0.5;0.866;126000;3260000;15.0;25.0;30.0;140;600;4;25;2.1;1.0;0;0;0;0;0;0;0;445;410
2021-01;Plantain;"Tubercules, Racines et Plantains";Sud-Ouest;Littoral;Forêt monomodale;0.5;0.866;39500;3350000;35.0;26.5;25.0;165;600;3;160;2.1;1.0;0;0;0;1;0;0;0;2050;1850
2021-01;Macabo-Taro;"Tubercules, Racines et Plantains";Littoral;Littoral;Forêt monomodale;0.5;0.866;21000;3350000;35.0;26.5;28.0;145;600;4;35;2.1;1.0;0;0;0;0;0;0;0;580;520
2021-01;Igname;"Tubercules, Racines et Plantains";Adamaoua;Centre;Savane guinéenne;0.5;0.866;24000;3260000;0.0;24.0;25.0;175;600;4;85;2.1;1.0;0;0;0;0;0;0;0;710;660
2021-01;Pomme de terre;"Tubercules, Racines et Plantains";Ouest;Littoral;Hauts Plateaux;0.5;0.866;18000;3350000;10.5;23.0;22.0;180;600;4;60;2.1;1.0;0;0;0;0;0;0;0;680;620
2021-01;Patate douce;"Tubercules, Racines et Plantains";Ouest;Centre;Hauts Plateaux;0.5;0.866;9200;3260000;10.5;23.0;23.0;145;600;4;55;2.1;1.0;0;0;0;0;0;0;0;445;400
2021-01;Tomate;Maraîchers;Ouest;Centre;Hauts Plateaux;0.5;0.866;15000;3260000;10.5;23.0;22.0;220;600;4;60;2.1;1.0;0;0;0;0;0;0;0;1350;1050
2021-01;Oignon;Maraîchers;Extrême-Nord;Centre;Soudano-sahélienne;0.5;0.866;25000;3260000;0.0;30.5;25.0;190;600;4;150;2.1;1.0;0;0;0;1;0;0;0;770;710
2021-01;Gombo;Maraîchers;Centre;Centre;Forêt bimodale;0.5;0.866;5200;3260000;15.0;25.0;42.0;170;600;4;25;2.1;1.0;0;0;0;0;0;0;0;690;630
2021-01;Piment;Maraîchers;Extrême-Nord;Littoral;Soudano-sahélienne;0.5;0.866;4100;3350000;0.0;30.5;30.0;250;600;4;160;2.1;1.0;0;0;0;1;0;0;0;1150;1040
2021-01;Poivron;Maraîchers;Extrême-Nord;Centre;Soudano-sahélienne;0.5;0.866;3400;3260000;0.0;30.5;35.0;240;600;4;150;2.1;1.0;0;0;0;1;0;0;0;1210;1090
2021-01;Ail;Maraîchers;Extrême-Nord;Centre;Soudano-sahélienne;0.5;0.866;1500;3260000;0.0;30.5;18.0;270;600;4;140;2.1;1.0;0;0;0;1;0;0;0;2650;2450
2021-01;Basilic;Maraîchers;Centre;Centre;Forêt bimodale;0.5;0.866;1100;3260000;15.0;25.0;52.0;155;600;4;25;2.1;1.0;0;0;0;0;0;0;0;695;630
2021-01;Légumes feuilles;Maraîchers;Centre;Centre;Forêt bimodale;0.5;0.866;7700;3260000;15.0;25.0;48.0;140;600;4;25;2.1;1.0;0;0;0;0;0;0;0;540;490
2021-01;Choux;Maraîchers;Ouest;Littoral;Hauts Plateaux;0.5;0.866;5100;3350000;10.5;23.0;30.0;180;600;4;55;2.1;1.0;0;0;0;0;0;0;0;665;600
2021-01;Pastèque;Maraîchers;Extrême-Nord;Centre;Soudano-sahélienne;0.5;0.866;3100;3260000;0.0;30.5;20.0;170;600;4;150;2.1;1.0;0;0;0;1;0;0;0;380;340
2021-01;Arachide;Oléagineux et Légumineuses;Nord;Centre;Soudano-sahélienne;0.5;0.866;58000;3260000;0.0;29.0;10.0;250;600;4;110;2.1;1.0;0;0;0;1;0;0;0;820;760
2021-01;Soja;Oléagineux et Légumineuses;Adamaoua;Centre;Savane guinéenne;0.5;0.866;9700;3260000;0.0;24.0;10.0;235;600;4;95;2.1;1.0;0;0;0;0;0;0;0;795;740
2021-01;Niébé;Oléagineux et Légumineuses;Extrême-Nord;Extrême-Nord;Soudano-sahélienne;0.5;0.866;41000;4600000;0.0;30.5;12.0;255;600;4;40;2.1;1.0;0;0;0;1;0;0;0;810;750
2021-01;Haricot sec;Oléagineux et Légumineuses;Ouest;Littoral;Hauts Plateaux;0.5;0.866;38000;3350000;10.5;23.0;8.0;185;600;4;55;2.1;1.0;0;0;0;0;0;0;0;765;700
2021-01;Huile de palme;Oléagineux et Légumineuses;Littoral;Centre;Forêt monomodale;0.5;0.866;61000;3260000;25.0;27.0;5.0;310;600;4;45;2.1;1.0;0;0;0;0;0;0;0;1150;1080
2021-01;Ananas;Fruits;Littoral;Centre;Forêt monomodale;0.5;0.866;9700;3260000;25.0;27.0;18.0;185;600;4;55;2.1;1.0;0;0;0;0;0;0;0;565;520
2021-01;Papaye;Fruits;Centre;Centre;Forêt bimodale;0.5;0.866;4100;3260000;15.0;25.0;35.0;155;600;4;25;2.1;1.0;0;0;0;0;0;0;0;535;490
2021-01;Mangue;Fruits;Nord;Centre;Soudano-sahélienne;0.5;0.866;7700;3260000;0.0;29.0;40.0;135;600;4;135;2.1;1.0;0;0;0;1;0;0;0;105;110
2021-01;Avocat;Fruits;Ouest;Littoral;Hauts Plateaux;0.5;0.866;15000;3350000;10.5;23.0;25.0;145;600;4;55;2.1;1.0;0;0;0;0;0;0;0;535;480
2021-01;Safou;Fruits;Littoral;Centre;Forêt monomodale;0.5;0.866;5100;3260000;25.0;27.0;40.0;155;600;4;55;2.1;1.0;0;0;0;0;0;0;0;700;640
2021-01;Citron;Fruits;Centre;Centre;Forêt bimodale;0.5;0.866;3100;3260000;15.0;25.0;20.0;150;600;4;25;2.1;1.0;0;0;0;0;0;0;0;595;540
2021-01;Orange;Fruits;Centre;Centre;Forêt bimodale;0.5;0.866;5100;3260000;15.0;25.0;20.0;160;600;4;25;2.1;1.0;0;0;0;0;0;0;0;580;525
2021-01;Banane douce;Fruits;Sud-Ouest;Littoral;Forêt monomodale;0.5;0.866;21000;3350000;35.0;26.5;30.0;185;600;3;145;2.1;1.0;0;0;0;1;0;0;0;1820;1640
2021-01;Cacao;Cultures de Rente et Stimulants;Centre;Littoral;Forêt bimodale;0.5;0.866;240000;3350000;15.0;25.0;6.0;480;600;4;40;2.1;1.0;0;0;0;0;0;0;0;1810;1750
2021-01;Café;Cultures de Rente et Stimulants;Ouest;Littoral;Hauts Plateaux;0.5;0.866;104000;3350000;10.5;23.0;5.0;430;600;4;55;2.1;1.0;0;0;0;0;0;0;0;1980;1920
2021-02;Maïs;Céréales;Ouest;Centre;Hauts Plateaux;0.866;0.5;60500;3260000;15.5;24.0;8.5;155;600;4;40;2.1;1.0;0;0;0;0;0;0;0;280;270
2021-02;Riz;Céréales;Extrême-Nord;Centre;Soudano-sahélienne;0.866;0.5;28500;3260000;0.0;31.5;5.0;165;600;4;85;2.1;1.0;0;0;0;1;0;0;0;820;800
2021-02;Mil-Sorgho;Céréales;Nord;Extrême-Nord;Soudano-sahélienne;0.866;0.5;59500;4600000;0.0;33.0;12.0;155;600;4;35;2.1;1.0;0;0;0;1;0;0;0;380;365
2021-02;Blé;Céréales;Littoral(Import);Centre;Forêt monomodale;0.866;0.5;0;3260000;30.0;28.0;2.0;0;600;4;30;2.1;1.0;1;0;0;0;0;0;0;860;840
2021-02;Manioc;"Tubercules, Racines et Plantains";Centre;Centre;Forêt bimodale;0.866;0.5;126000;3260000;20.0;26.0;30.5;145;600;4;25;2.1;1.0;0;0;0;0;0;0;0;410;395
2021-02;Plantain;"Tubercules, Racines et Plantains";Sud-Ouest;Littoral;Forêt monomodale;0.866;0.5;39500;3350000;40.0;27.5;25.0;170;600;2;165;2.1;1.0;0;0;0;1;0;0;0;1850;1780
2021-02;Macabo-Taro;"Tubercules, Racines et Plantains";Littoral;Littoral;Forêt monomodale;0.866;0.5;21000;3350000;40.0;27.5;28.0;150;600;4;35;2.1;1.0;0;0;0;0;0;0;0;520;495
2021-02;Igname;"Tubercules, Racines et Plantains";Adamaoua;Centre;Savane guinéenne;0.866;0.5;24000;3260000;0.0;25.0;25.0;180;600;4;85;2.1;1.0;0;0;0;0;0;0;0;660;630
2021-02;Pomme de terre;"Tubercules, Racines et Plantains";Ouest;Littoral;Hauts Plateaux;0.866;0.5;18000;3350000;15.5;24.0;21.0;185;600;4;60;2.1;1.0;0;0;0;0;0;0;0;620;590
2021-02;Patate douce;"Tubercules, Racines et Plantains";Ouest;Centre;Hauts Plateaux;0.866;0.5;9200;3260000;15.5;24.0;23.0;150;600;4;55;2.1;1.0;0;0;0;0;0;0;0;400;380
2021-02;Tomate;Maraîchers;Ouest;Centre;Hauts Plateaux;0.866;0.5;15000;3260000;15.5;24.0;25.5;225;600;4;60;2.1;1.0;0;0;0;0;0;0;0;1050;950
2021-02;Oignon;Maraîchers;Extrême-Nord;Centre;Soudano-sahélienne;0.866;0.5;25000;3260000;0.0;31.5;25.0;195;600;4;150;2.1;1.0;0;0;0;1;0;0;0;710;680
2021-02;Gombo;Maraîchers;Centre;Centre;Forêt bimodale;0.866;0.5;5200;3260000;20.0;26.0;42.0;175;600;4;25;2.1;1.0;0;0;0;0;0;0;0;630;600
2021-02;Piment;Maraîchers;Extrême-Nord;Littoral;Soudano-sahélienne;0.866;0.5;4100;3350000;0.0;31.5;30.0;255;600;4;160;2.1;1.0;0;0;0;1;0;0;0;1040;980
2021-02;Poivron;Maraîchers;Extrême-Nord;Centre;Soudano-sahélienne;0.866;0.5;3400;3260000;0.0;31.5;35.0;245;600;4;150;2.1;1.0;0;0;0;1;0;0;0;1090;1030
2021-02;Ail;Maraîchers;Extrême-Nord;Centre;Soudano-sahélienne;0.866;0.5;1500;3260000;0.0;31.5;18.0;275;600;4;140;2.1;1.0;0;0;0;1;0;0;0;2450;2350
2021-02;Basilic;Maraîchers;Centre;Centre;Forêt bimodale;0.866;0.5;1100;3260000;20.0;26.0;52.0;160;600;4;25;2.1;1.0;0;0;0;0;0;0;0;630;600
2021-02;Légumes feuilles;Maraîchers;Centre;Centre;Forêt bimodale;0.866;0.5;7700;3260000;20.0;26.0;48.0;145;600;4;25;2.1;1.0;0;0;0;0;0;0;0;490;460
2021-02;Choux;Maraîchers;Ouest;Littoral;Hauts Plateaux;0.866;0.5;5100;3350000;15.5;24.0;30.0;185;600;4;55;2.1;1.0;0;0;0;0;0;0;0;600;565
2021-02;Pastèque;Maraîchers;Extrême-Nord;Centre;Soudano-sahélienne;0.866;0.5;3100;3260000;0.0;31.5;20.0;175;600;4;150;2.1;1.0;0;0;0;1;0;0;0;340;320
2021-02;Arachide;Oléagineux et Légumineuses;Nord;Centre;Soudano-sahélienne;0.866;0.5;58000;3260000;0.0;33.0;10.0;255;600;4;110;2.1;1.0;0;0;0;1;0;0;0;760;720
2021-02;Soja;Oléagineux et Légumineuses;Adamaoua;Centre;Savane guinéenne;0.866;0.5;9700;3260000;0.0;25.0;10.0;240;600;4;95;2.1;1.0;0;0;0;0;0;0;0;740;700
2021-02;Niébé;Oléagineux et Légumineuses;Extrême-Nord;Extrême-Nord;Soudano-sahélienne;0.866;0.5;41000;4600000;0.0;31.5;12.0;260;600;4;40;2.1;1.0;0;0;0;1;0;0;0;750;710
2021-02;Haricot sec;Oléagineux et Légumineuses;Ouest;Littoral;Hauts Plateaux;0.866;0.5;38000;3350000;15.5;24.0;8.0;190;600;4;55;2.1;1.0;0;0;0;0;0;0;0;700;660
2021-02;Huile de palme;Oléagineux et Légumineuses;Littoral;Centre;Forêt monomodale;0.866;0.5;61000;3260000;30.0;28.0;5.0;315;600;4;45;2.1;1.0;0;0;0;0;0;0;0;1080;1030
2021-02;Ananas;Fruits;Littoral;Centre;Forêt monomodale;0.866;0.5;9700;3260000;30.0;28.0;16.5;190;600;4;55;2.1;1.0;0;0;0;0;0;0;0;520;495
2021-02;Papaye;Fruits;Centre;Centre;Forêt bimodale;0.866;0.5;4100;3260000;20.0;26.0;35.0;160;600;4;25;2.1;1.0;0;0;0;0;0;0;0;490;460
2021-02;Mangue;Fruits;Nord;Centre;Soudano-sahélienne;0.866;0.5;7700;3260000;0.0;33.0;42.0;140;600;4;135;2.1;1.0;0;0;0;1;0;0;0;110;120
2021-02;Avocat;Fruits;Ouest;Littoral;Hauts Plateaux;0.866;0.5;15000;3350000;15.5;24.0;25.0;150;600;4;55;2.1;1.0;0;0;0;0;0;0;0;480;450
2021-02;Safou;Fruits;Littoral;Centre;Forêt monomodale;0.866;0.5;5100;3260000;30.0;28.0;40.0;160;600;4;55;2.1;1.0;0;0;0;0;0;0;0;640;600
2021-02;Citron;Fruits;Centre;Centre;Forêt bimodale;0.866;0.5;3100;3260000;20.0;26.0;20.0;155;600;4;25;2.1;1.0;0;0;0;0;0;0;0;540;510
2021-02;Orange;Fruits;Centre;Centre;Forêt bimodale;0.866;0.5;5100;3260000;20.0;26.0;20.0;165;600;4;25;2.1;1.0;0;0;0;0;0;0;0;525;495
2021-02;Banane douce;Fruits;Sud-Ouest;Littoral;Forêt monomodale;0.866;0.5;21000;3350000;40.0;27.5;30.0;190;600;3;150;2.1;1.0;0;0;0;1;0;0;0;1640;1560
2021-02;Cacao;Cultures de Rente et Stimulants;Centre;Littoral;Forêt bimodale;0.866;0.5;240000;3350000;20.0;26.0;6.0;485;600;4;40;2.1;1.0;0;0;0;0;0;0;0;1750;1710
2021-02;Café;Cultures de Rente et Stimulants;Ouest;Littoral;Hauts Plateaux;0.866;0.5;104000;3350000;15.5;24.0;5.0;435;600;4;55;2.1;1.0;0;0;0;0;0;0;0;1920;1880
2021-03;Maïs;Céréales;Ouest;Centre;Hauts Plateaux;1.0;0.0;60500;3260000;55.0;24.0;9.0;160;600;3;45;2.1;1.0;0;0;0;0;0;0;0;270;275
2021-03;Riz;Céréales;Extrême-Nord;Centre;Soudano-sahélienne;1.0;0.0;28500;3260000;0.0;33.5;5.0;170;600;3;90;2.1;1.0;0;0;0;1;0;0;0;800;810
2021-03;Mil-Sorgho;Céréales;Nord;Extrême-Nord;Soudano-sahélienne;1.0;0.0;59500;4600000;0.0;35.0;12.5;160;600;3;40;2.1;1.0;0;0;0;1;0;0;0;365;380
2021-03;Blé;Céréales;Littoral(Import);Centre;Forêt monomodale;1.0;0.0;0;3260000;55.0;28.0;2.0;0;600;3;35;2.1;1.0;1;0;0;0;0;0;0;840;850
2021-03;Manioc;"Tubercules, Racines et Plantains";Centre;Centre;Forêt bimodale;1.0;0.0;126000;3260000;45.0;27.0;31.0;150;600;3;28;2.1;1.0;0;0;0;0;0;0;0;395;405
2021-03;Plantain;"Tubercules, Racines et Plantains";Sud-Ouest;Littoral;Forêt monomodale;1.0;0.0;39500;3350000;65.0;28.5;26.0;175;600;2;170;2.1;1.0;0;0;0;1;0;0;0;1780;1750
2021-03;Macabo-Taro;"Tubercules, Racines et Plantains";Littoral;Littoral;Forêt monomodale;1.0;0.0;21000;3350000;65.0;28.5;29.5;155;600;3;40;2.1;1.0;0;0;0;0;0;0;0;495;510
2021-03;Igname;"Tubercules, Racines et Plantains";Adamaoua;Centre;Savane guinéenne;1.0;0.0;24000;3260000;10.0;26.0;26.5;185;600;3;90;2.1;1.0;0;0;0;0;0;0;0;630;640
2021-03;Pomme de terre;"Tubercules, Racines et Plantains";Ouest;Littoral;Hauts Plateaux;1.0;0.0;18000;3350000;55.0;24.0;23.0;190;600;3;65;2.1;1.0;0;0;0;0;0;0;0;590;610
2021-03;Patate douce;"Tubercules, Racines et Plantains";Ouest;Centre;Hauts Plateaux;1.0;0.0;9200;3260000;55.0;24.0;24.0;155;600;3;60;2.1;1.0;0;0;0;0;0;0;0;380;400
2021-03;Tomate;Maraîchers;Ouest;Centre;Hauts Plateaux;1.0;0.0;15000;3260000;55.0;24.0;28.5;230;600;3;65;2.1;1.0;0;0;0;0;0;0;0;950;1020
2021-03;Oignon;Maraîchers;Extrême-Nord;Centre;Soudano-sahélienne;1.0;0.0;25000;3260000;0.0;34.0;26.5;200;600;2;160;2.1;1.0;0;0;0;1;0;0;0;680;720
2021-03;Gombo;Maraîchers;Centre;Centre;Forêt bimodale;1.0;0.0;5200;3260000;45.0;27.0;44.0;180;600;3;28;2.1;1.0;0;0;0;0;0;0;0;600;630
2021-03;Piment;Maraîchers;Extrême-Nord;Littoral;Soudano-sahélienne;1.0;0.0;4100;3350000;0.0;34.0;32.5;260;600;2;170;2.1;1.0;0;0;0;1;0;0;0;980;1020
2021-03;Poivron;Maraîchers;Extrême-Nord;Centre;Soudano-sahélienne;1.0;0.0;3400;3260000;0.0;34.0;37.5;250;600;2;160;2.1;1.0;0;0;0;1;0;0;0;1030;1080
2021-03;Ail;Maraîchers;Extrême-Nord;Centre;Soudano-sahélienne;1.0;0.0;1500;3260000;0.0;34.0;18.5;280;600;2;150;2.1;1.0;0;0;0;1;0;0;0;2350;2450
2021-03;Basilic;Maraîchers;Centre;Centre;Forêt bimodale;1.0;0.0;1100;3260000;45.0;27.0;57.0;165;600;3;28;2.1;1.0;0;0;0;0;0;0;0;600;630
2021-03;Légumes feuilles;Maraîchers;Centre;Centre;Forêt bimodale;1.0;0.0;7700;3260000;45.0;27.0;50.0;150;600;3;28;2.1;1.0;0;0;0;0;0;0;0;460;490
2021-03;Choux;Maraîchers;Ouest;Littoral;Hauts Plateaux;1.0;0.0;5100;3350000;55.0;24.0;34.0;190;600;3;60;2.1;1.0;0;0;0;0;0;0;0;565;590
2021-03;Pastèque;Maraîchers;Extrême-Nord;Centre;Soudano-sahélienne;1.0;0.0;3100;3260000;0.0;34.0;22.5;180;600;2;160;2.1;1.0;0;0;0;1;0;0;0;320;340
2021-03;Arachide;Oléagineux et Légumineuses;Nord;Centre;Soudano-sahélienne;1.0;0.0;58000;3260000;0.0;34.5;11.5;260;600;2;120;2.1;1.0;0;0;0;1;0;0;0;720;750
2021-03;Soja;Oléagineux et Légumineuses;Adamaoua;Centre;Savane guinéenne;1.0;0.0;9700;3260000;10.0;26.0;11.0;245;600;3;105;2.1;1.0;0;0;0;0;0;0;0;700;720
2021-03;Niébé;Oléagineux et Légumineuses;Extrême-Nord;Extrême-Nord;Soudano-sahélienne;1.0;0.0;41000;4600000;0.0;34.0;13.0;265;600;3;45;2.1;1.0;0;0;0;1;0;0;0;710;740
2021-03;Haricot sec;Oléagineux et Légumineuses;Ouest;Littoral;Hauts Plateaux;1.0;0.0;38000;3350000;55.0;24.0;9.5;195;600;3;60;2.1;1.0;0;0;0;0;0;0;0;660;680
2021-03;Huile de palme;Oléagineux et Légumineuses;Littoral;Centre;Forêt monomodale;1.0;0.0;61000;3260000;65.0;28.5;6.5;320;600;3;50;2.1;1.0;0;0;0;0;0;0;0;1030;1060
2021-03;Ananas;Fruits;Littoral;Centre;Forêt monomodale;1.0;0.0;9700;3260000;65.0;28.5;18.0;195;600;3;60;2.1;1.0;0;0;0;0;0;0;0;495;520
2021-03;Papaye;Fruits;Centre;Centre;Forêt bimodale;1.0;0.0;4100;3260000;45.0;27.0;38.0;165;600;3;28;2.1;1.0;0;0;0;0;0;0;0;460;485
2021-03;Mangue;Fruits;Nord;Centre;Soudano-sahélienne;1.0;0.0;7700;3260000;0.0;34.5;43.0;145;600;2;145;2.1;1.0;0;0;0;1;0;0;0;120;105
2021-03;Avocat;Fruits;Ouest;Littoral;Hauts Plateaux;1.0;0.0;15000;3350000;55.0;24.0;28.0;155;600;3;60;2.1;1.0;0;0;0;0;0;0;0;450;470
2021-03;Safou;Fruits;Littoral;Centre;Forêt monomodale;1.0;0.0;5100;3260000;65.0;28.5;43.0;165;600;3;60;2.1;1.0;0;0;0;0;0;0;0;600;620
2021-03;Citron;Fruits;Centre;Centre;Forêt bimodale;1.0;0.0;3100;3260000;45.0;27.0;23.0;160;600;3;28;2.1;1.0;0;0;0;0;0;0;0;510;530
2021-03;Orange;Fruits;Centre;Centre;Forêt bimodale;1.0;0.0;5100;3260000;45.0;27.0;23.0;170;600;3;28;2.1;1.0;0;0;0;0;0;0;0;495;515
2021-03;Banane douce;Fruits;Sud-Ouest;Littoral;Forêt monomodale;1.0;0.0;21000;3350000;65.0;28.5;32.0;195;600;2;155;2.1;1.0;0;0;0;1;0;0;0;1560;1540
2021-03;Cacao;Cultures de Rente et Stimulants;Centre;Littoral;Forêt bimodale;1.0;0.0;240000;3350000;45.0;27.0;6.5;490;600;3;45;2.1;1.0;0;0;0;0;0;0;0;1710;1730
2021-03;Café;Cultures de Rente et Stimulants;Ouest;Littoral;Hauts Plateaux;1.0;0.0;104000;3350000;55.0;24.0;5.5;440;600;3;60;2.1;1.0;0;0;0;0;0;0;0;1880;1910
2021-04;Maïs;Céréales;Ouest;Centre;Hauts Plateaux;0.866;-0.5;60500;3260000;110.0;23.5;11.5;165;600;2;60;2.1;1.2;0;0;0;0;0;0;0;275;290
2021-04;Riz;Céréales;Extrême-Nord;Centre;Soudano-sahélienne;0.866;-0.5;28500;3260000;10.0;35.0;5.5;175;600;2;100;2.1;1.2;0;0;0;1;0;0;0;810;830
2021-04;Mil-Sorgho;Céréales;Nord;Extrême-Nord;Soudano-sahélienne;0.866;-0.5;59500;4600000;10.0;36.0;13.0;165;600;2;50;2.1;1.2;0;0;0;1;0;0;0;380;395
2021-04;Blé;Céréales;Littoral(Import);Centre;Forêt monomodale;0.866;-0.5;0;3260000;130.0;27.0;2.5;0;600;2;40;2.1;1.2;1;0;0;0;0;0;0;850;870
2021-04;Manioc;"Tubercules, Racines et Plantains";Centre;Centre;Forêt bimodale;0.866;-0.5;126000;3260000;130.0;26.0;35.5;155;600;2;35;2.1;1.2;0;0;0;0;0;0;0;405;420
2021-04;Plantain;"Tubercules, Racines et Plantains";Sud-Ouest;Littoral;Forêt monomodale;0.866;-0.5;39500;3350000;160.0;27.5;28.5;180;600;1;180;2.1;1.2;0;0;0;1;0;0;0;1750;1820
2021-04;Macabo-Taro;"Tubercules, Racines et Plantains";Littoral;Littoral;Forêt monomodale;0.866;-0.5;21000;3350000;160.0;27.5;32.0;160;600;2;45;2.1;1.2;0;0;0;0;0;0;0;510;530
2021-04;Igname;"Tubercules, Racines et Plantains";Adamaoua;Centre;Savane guinéenne;0.866;-0.5;24000;3260000;45.0;25.0;28.5;190;600;2;100;2.1;1.2;0;0;0;0;0;0;0;640;670
2021-04;Pomme de terre;"Tubercules, Racines et Plantains";Ouest;Littoral;Hauts Plateaux;0.866;-0.5;18000;3350000;110.0;23.5;26.0;195;600;2;70;2.1;1.2;0;0;0;0;0;0;0;610;650
2021-04;Patate douce;"Tubercules, Racines et Plantains";Ouest;Centre;Hauts Plateaux;0.866;-0.5;9200;3260000;110.0;23.5;27.0;160;600;2;65;2.1;1.2;0;0;0;0;0;0;0;400;425
2021-04;Tomate;Maraîchers;Ouest;Centre;Hauts Plateaux;0.866;-0.5;15000;3260000;110.0;23.5;32.0;235;600;2;70;2.1;1.2;0;0;0;0;0;0;0;1020;1180
2021-04;Oignon;Maraîchers;Extrême-Nord;Centre;Soudano-sahélienne;0.866;-0.5;25000;3260000;10.0;35.0;28.5;205;600;2;170;2.1;1.2;0;0;0;1;0;0;0;720;750
2021-04;Gombo;Maraîchers;Centre;Centre;Forêt bimodale;0.866;-0.5;5200;3260000;130.0;26.0;48.0;185;600;2;35;2.1;1.2;0;0;0;0;0;0;0;630;660
2021-04;Piment;Maraîchers;Extrême-Nord;Littoral;Soudano-sahélienne;0.866;-0.5;4100;3350000;10.0;35.0;35.0;265;600;2;180;2.1;1.2;0;0;0;1;0;0;0;1020;1060
2021-04;Poivron;Maraîchers;Extrême-Nord;Centre;Soudano-sahélienne;0.866;-0.5;3400;3260000;10.0;35.0;40.0;255;600;2;170;2.1;1.2;0;0;0;1;0;0;0;1080;1130
2021-04;Ail;Maraîchers;Extrême-Nord;Centre;Soudano-sahélienne;0.866;-0.5;1500;3260000;10.0;35.0;20.5;285;600;2;160;2.1;1.2;0;0;0;1;0;0;0;2450;2580
2021-04;Basilic;Maraîchers;Centre;Centre;Forêt bimodale;0.866;-0.5;1100;3260000;130.0;26.0;60.0;170;600;2;35;2.1;1.2;0;0;0;0;0;0;0;630;660
2021-04;Légumes feuilles;Maraîchers;Centre;Centre;Forêt bimodale;0.866;-0.5;7700;3260000;130.0;26.0;53.0;155;600;2;35;2.1;1.2;0;0;0;0;0;0;0;490;520
2021-04;Choux;Maraîchers;Ouest;Littoral;Hauts Plateaux;0.866;-0.5;5100;3350000;110.0;23.5;37.0;195;600;2;65;2.1;1.2;0;0;0;0;0;0;0;590;630
2021-04;Pastèque;Maraîchers;Extrême-Nord;Centre;Soudano-sahélienne;0.866;-0.5;3100;3260000;10.0;35.0;24.5;185;600;2;170;2.1;1.2;0;0;0;1;0;0;0;340;360
2021-04;Arachide;Oléagineux et Légumineuses;Nord;Centre;Soudano-sahélienne;0.866;-0.5;58000;3260000;10.0;35.5;12.5;265;600;2;130;2.1;1.2;0;0;0;1;0;0;0;750;780
2021-04;Soja;Oléagineux et Légumineuses;Adamaoua;Centre;Savane guinéenne;0.866;-0.5;9700;3260000;45.0;25.0;12.0;250;600;2;115;2.1;1.2;0;0;0;0;0;0;0;720;750
2021-04;Niébé;Oléagineux et Légumineuses;Extrême-Nord;Extrême-Nord;Soudano-sahélienne;0.866;-0.5;41000;4600000;10.0;35.0;14.0;270;600;2;55;2.1;1.2;0;0;0;1;0;0;0;740;770
2021-04;Haricot sec;Oléagineux et Légumineuses;Ouest;Littoral;Hauts Plateaux;0.866;-0.5;38000;3350000;110.0;23.5;11.0;200;600;2;65;2.1;1.2;0;0;0;0;0;0;0;680;720
2021-04;Huile de palme;Oléagineux et Légumineuses;Littoral;Centre;Forêt monomodale;0.866;-0.5;61000;3260000;160.0;27.5;7.5;325;600;2;55;2.1;1.2;0;0;0;0;0;0;0;1060;1120
2021-04;Ananas;Fruits;Littoral;Centre;Forêt monomodale;0.866;-0.5;9700;3260000;160.0;27.5;20.5;200;600;2;65;2.1;1.2;0;0;0;0;0;0;0;520;550
2021-04;Papaye;Fruits;Centre;Centre;Forêt bimodale;0.866;-0.5;4100;3260000;130.0;26.0;41.0;170;600;2;35;2.1;1.2;0;0;0;0;0;0;0;485;520
2021-04;Mangue;Fruits;Nord;Centre;Soudano-sahélienne;0.866;-0.5;7700;3260000;10.0;35.5;44.0;150;600;2;155;2.1;1.2;0;0;0;1;0;0;0;105;95
2021-04;Avocat;Fruits;Ouest;Littoral;Hauts Plateaux;0.866;-0.5;15000;3350000;110.0;23.5;31.0;160;600;2;65;2.1;1.2;0;0;0;0;0;0;0;470;500
2021-04;Safou;Fruits;Littoral;Centre;Forêt monomodale;0.866;-0.5;5100;3260000;160.0;27.5;46.0;170;600;2;65;2.1;1.2;0;0;0;0;0;0;0;620;660
2021-04;Citron;Fruits;Centre;Centre;Forêt bimodale;0.866;-0.5;3100;3260000;130.0;26.0;25.0;165;600;2;35;2.1;1.2;0;0;0;0;0;0;0;530;565
2021-04;Orange;Fruits;Centre;Centre;Forêt bimodale;0.866;-0.5;5100;3260000;130.0;26.0;25.0;175;600;2;35;2.1;1.2;0;0;0;0;0;0;0;515;545
2021-04;Banane douce;Fruits;Sud-Ouest;Littoral;Forêt monomodale;0.866;-0.5;21000;3350000;160.0;27.5;34.5;200;600;1;165;2.1;1.2;0;0;0;1;0;0;0;1540;1650
2021-04;Cacao;Cultures de Rente et Stimulants;Centre;Littoral;Forêt bimodale;0.866;-0.5;240000;3350000;130.0;26.0;7.5;495;600;2;50;2.1;1.2;0;0;0;0;0;0;0;1730;1760
2021-04;Café;Cultures de Rente et Stimulants;Ouest;Littoral;Hauts Plateaux;0.866;-0.5;104000;3350000;110.0;23.5;6.5;445;600;2;65;2.1;1.2;0;0;0;0;0;0;0;1910;1960
2021-05;Maïs;Céréales;Ouest;Centre;Hauts Plateaux;0.5;-0.866;60500;3260000;160.0;23.0;13.5;170;600;1;75;2.1;1.3;0;0;0;0;0;0;0;290;315
2021-05;Riz;Céréales;Extrême-Nord;Centre;Soudano-sahélienne;0.5;-0.866;28500;3260000;35.0;34.0;6.5;180;600;1;115;2.1;1.3;0;0;0;1;0;0;0;830;850
2021-05;Mil-Sorgho;Céréales;Nord;Extrême-Nord;Soudano-sahélienne;0.5;-0.866;59500;4600000;35.0;34.0;14.0;170;600;1;60;2.1;1.3;0;0;0;1;0;0;0;395;415
2021-05;Blé;Céréales;Littoral(Import);Centre;Forêt monomodale;0.5;-0.866;0;3260000;190.0;26.0;3.5;0;600;1;55;2.1;1.3;1;0;0;0;0;0;0;870;890
2021-05;Manioc;"Tubercules, Racines et Plantains";Centre;Centre;Forêt bimodale;0.5;-0.866;126000;3260000;190.0;25.0;38.5;160;600;1;45;2.1;1.3;0;0;0;0;0;0;0;420;445
2021-05;Plantain;"Tubercules, Racines et Plantains";Sud-Ouest;Littoral;Forêt monomodale;0.5;-0.866;39500;3350000;230.0;26.5;32.5;185;600;1;195;2.1;1.3;0;0;0;1;0;0;0;1820;1950
2021-05;Macabo-Taro;"Tubercules, Racines et Plantains";Littoral;Littoral;Forêt monomodale;0.5;-0.866;21000;3350000;230.0;26.5;35.0;165;600;1;55;2.1;1.3;0;0;0;0;0;0;0;530;565
2021-05;Igname;"Tubercules, Racines et Plantains";Adamaoua;Centre;Savane guinéenne;0.5;-0.866;24000;3260000;90.0;24.0;31.5;195;600;1;115;2.1;1.3;0;0;0;0;0;0;0;670;710
2021-05;Pomme de terre;"Tubercules, Racines et Plantains";Ouest;Littoral;Hauts Plateaux;0.5;-0.866;18000;3350000;160.0;23.0;29.0;200;600;1;85;2.1;1.3;0;0;0;0;0;0;0;650;700
2021-05;Patate douce;"Tubercules, Racines et Plantains";Ouest;Centre;Hauts Plateaux;0.5;-0.866;9200;3260000;160.0;23.0;30.0;165;600;1;75;2.1;1.3;0;0;0;0;0;0;0;425;460
2021-05;Tomate;Maraîchers;Ouest;Centre;Hauts Plateaux;0.5;-0.866;15000;3260000;160.0;23.0;35.0;240;600;1;85;2.1;1.3;0;0;0;0;0;0;0;1180;1350
2021-05;Oignon;Maraîchers;Extrême-Nord;Centre;Soudano-sahélienne;0.5;-0.866;25000;3260000;35.0;34.0;31.5;210;600;1;185;2.1;1.3;0;0;0;1;0;0;0;750;790
2021-05;Gombo;Maraîchers;Centre;Centre;Forêt bimodale;0.5;-0.866;5200;3260000;190.0;25.0;51.0;190;600;1;45;2.1;1.3;0;0;0;0;0;0;0;660;705
2021-05;Piment;Maraîchers;Extrême-Nord;Littoral;Soudano-sahélienne;0.5;-0.866;4100;3350000;35.0;34.0;38.0;270;600;1;195;2.1;1.3;0;0;0;1;0;0;0;1060;1120
2021-05;Poivron;Maraîchers;Extrême-Nord;Centre;Soudano-sahélienne;0.5;-0.866;3400;3260000;35.0;34.0;43.0;260;600;1;185;2.1;1.3;0;0;0;1;0;0;0;1130;1200
2021-05;Ail;Maraîchers;Extrême-Nord;Centre;Soudano-sahélienne;0.5;-0.866;1500;3260000;35.0;34.0;23.5;290;600;1;175;2.1;1.3;0;0;0;1;0;0;0;2580;2680
2021-05;Basilic;Maraîchers;Centre;Centre;Forêt bimodale;0.5;-0.866;1100;3260000;190.0;25.0;63.0;175;600;1;45;2.1;1.3;0;0;0;0;0;0;0;660;710
2021-05;Légumes feuilles;Maraîchers;Centre;Centre;Forêt bimodale;0.5;-0.866;7700;3260000;190.0;25.0;56.0;160;600;1;45;2.1;1.3;0;0;0;0;0;0;0;520;570
2021-05;Choux;Maraîchers;Ouest;Littoral;Hauts Plateaux;0.5;-0.866;5100;3350000;160.0;23.0;40.0;200;600;1;75;2.1;1.3;0;0;0;0;0;0;0;630;685
2021-05;Pastèque;Maraîchers;Extrême-Nord;Centre;Soudano-sahélienne;0.5;-0.866;3100;3260000;35.0;34.0;27.5;190;600;1;185;2.1;1.3;0;0;0;1;0;0;0;360;390
2021-05;Arachide;Oléagineux et Légumineuses;Nord;Centre;Soudano-sahélienne;0.5;-0.866;58000;3260000;35.0;32.5;14.5;270;600;1;145;2.1;1.3;0;0;0;1;0;0;0;780;820
2021-05;Soja;Oléagineux et Légumineuses;Adamaoua;Centre;Savane guinéenne;0.5;-0.866;9700;3260000;90.0;24.0;14.0;255;600;1;125;2.1;1.3;0;0;0;0;0;0;0;750;795
2021-05;Niébé;Oléagineux et Légumineuses;Extrême-Nord;Extrême-Nord;Soudano-sahélienne;0.5;-0.866;41000;4600000;35.0;34.0;16.0;275;600;1;70;2.1;1.3;0;0;0;1;0;0;0;770;810
2021-05;Haricot sec;Oléagineux et Légumineuses;Ouest;Littoral;Hauts Plateaux;0.5;-0.866;38000;3350000;160.0;23.0;13.5;205;600;1;75;2.1;1.3;0;0;0;0;0;0;0;720;770
2021-05;Huile de palme;Oléagineux et Légumineuses;Littoral;Centre;Forêt monomodale;0.5;-0.866;61000;3260000;230.0;26.5;9.5;330;600;1;70;2.1;1.3;0;0;0;0;0;0;0;1120;1180
2021-05;Ananas;Fruits;Littoral;Centre;Forêt monomodale;0.5;-0.866;9700;3260000;230.0;26.5;23.5;205;600;1;75;2.1;1.3;0;0;0;0;0;0;0;550;590
2021-05;Papaye;Fruits;Centre;Centre;Forêt bimodale;0.5;-0.866;4100;3260000;190.0;25.0;44.0;175;600;1;45;2.1;1.3;0;0;0;0;0;0;0;520;565
2021-05;Mangue;Fruits;Nord;Centre;Soudano-sahélienne;0.5;-0.866;7700;3260000;35.0;32.5;47.0;155;600;1;170;2.1;1.3;0;0;0;1;0;0;0;95;85
2021-05;Avocat;Fruits;Ouest;Littoral;Hauts Plateaux;0.5;-0.866;15000;3350000;160.0;23.0;34.0;165;600;1;75;2.1;1.3;0;0;0;0;0;0;0;500;545
2021-05;Safou;Fruits;Littoral;Centre;Forêt monomodale;0.5;-0.866;5100;3260000;230.0;26.5;49.0;175;600;1;75;2.1;1.3;0;0;0;0;0;0;0;660;715
2021-05;Citron;Fruits;Centre;Centre;Forêt bimodale;0.5;-0.866;3100;3260000;190.0;25.0;28.0;170;600;1;45;2.1;1.3;0;0;0;0;0;0;0;565;610
2021-05;Orange;Fruits;Centre;Centre;Forêt bimodale;0.5;-0.866;5100;3260000;190.0;25.0;28.0;180;600;1;45;2.1;1.3;0;0;0;0;0;0;0;545;595
2021-05;Banane douce;Fruits;Sud-Ouest;Littoral;Forêt monomodale;0.5;-0.866;21000;3350000;230.0;26.5;37.5;205;600;1;180;2.1;1.3;0;0;0;1;0;0;0;1650;1780
2021-05;Cacao;Cultures de Rente et Stimulants;Centre;Littoral;Forêt bimodale;0.5;-0.866;240000;3350000;190.0;25.0;8.5;500;600;1;60;2.1;1.3;0;0;0;0;0;0;0;1760;1795
2021-05;Café;Cultures de Rente et Stimulants;Ouest;Littoral;Hauts Plateaux;0.5;-0.866;104000;3350000;160.0;23.0;7.5;450;600;1;75;2.1;1.3;0;0;0;0;0;0;0;1960;2010
2021-06;Maïs;Céréales;Ouest;Centre;Hauts Plateaux;0.0;-1.0;60500;3260000;210.0;22.0;15.5;175;600;1;80;2.1;1.4;0;0;0;0;0;0;0;315;340
2021-06;Riz;Céréales;Extrême-Nord;Centre;Soudano-sahélienne;0.0;-1.0;28500;3260000;65.0;32.0;7.5;185;600;1;125;2.1;1.4;0;0;0;1;0;0;0;850;875
2021-06;Mil-Sorgho;Céréales;Nord;Extrême-Nord;Soudano-sahélienne;0.0;-1.0;59500;4600000;65.0;32.0;15.0;175;600;1;70;2.1;1.4;0;0;0;1;0;0;0;415;440
2021-06;Blé;Céréales;Littoral(Import);Centre;Forêt monomodale;0.0;-1.0;0;3260000;260.0;25.0;4.5;0;600;1;65;2.1;1.4;1;0;0;0;0;0;0;890;920
2021-06;Manioc;"Tubercules, Racines et Plantains";Centre;Centre;Forêt bimodale;0.0;-1.0;126000;3260000;260.0;24.0;41.5;165;600;1;55;2.1;1.4;0;0;0;0;0;0;0;445;480
2021-06;Plantain;"Tubercules, Racines et Plantains";Sud-Ouest;Littoral;Forêt monomodale;0.0;-1.0;39500;3350000;310.0;25.5;35.5;190;600;1;205;2.1;1.4;0;0;0;1;0;0;0;1950;2080
2021-06;Macabo-Taro;"Tubercules, Racines et Plantains";Littoral;Littoral;Forêt monomodale;0.0;-1.0;21000;3350000;310.0;25.5;38.0;170;600;1;65;2.1;1.4;0;0;0;0;0;0;0;565;610
2021-06;Igname;"Tubercules, Racines et Plantains";Adamaoua;Centre;Savane guinéenne;0.0;-1.0;24000;3260000;130.0;23.0;34.5;200;600;1;125;2.1;1.4;0;0;0;0;0;0;0;710;760
2021-06;Pomme de terre;"Tubercules, Racines et Plantains";Ouest;Littoral;Hauts Plateaux;0.0;-1.0;18000;3350000;210.0;22.0;32.0;205;600;1;95;2.1;1.4;0;0;0;0;0;0;0;700;765
2021-06;Patate douce;"Tubercules, Racines et Plantains";Ouest;Centre;Hauts Plateaux;0.0;-1.0;9200;3260000;210.0;22.0;33.0;170;600;1;85;2.1;1.4;0;0;0;0;0;0;0;460;505
2021-06;Tomate;Maraîchers;Ouest;Centre;Hauts Plateaux;0.0;-1.0;15000;3260000;210.0;22.0;38.0;245;600;1;95;2.1;1.4;0;0;0;0;0;0;0;1350;1580
2021-06;Oignon;Maraîchers;Extrême-Nord;Centre;Soudano-sahélienne;0.0;-1.0;25000;3260000;65.0;32.0;34.5;215;600;1;195;2.1;1.4;0;0;0;1;0;0;0;790;850
2021-06;Gombo;Maraîchers;Centre;Centre;Forêt bimodale;0.0;-1.0;5200;3260000;260.0;24.0;54.0;195;600;1;55;2.1;1.4;0;0;0;0;0;0;0;705;765
2021-06;Piment;Maraîchers;Extrême-Nord;Littoral;Soudano-sahélienne;0.0;-1.0;4100;3350000;65.0;32.0;41.0;275;600;1;205;2.1;1.4;0;0;0;1;0;0;0;1120;1210
2021-06;Poivron;Maraîchers;Extrême-Nord;Centre;Soudano-sahélienne;0.0;-1.0;3400;3260000;65.0;32.0;46.0;265;600;1;195;2.1;1.4;0;0;0;1;0;0;0;1200;1300
2021-06;Ail;Maraîchers;Extrême-Nord;Centre;Soudano-sahélienne;0.0;-1.0;1500;3260000;65.0;32.0;26.5;295;600;1;185;2.1;1.4;0;0;0;1;0;0;0;2680;2800
2021-06;Basilic;Maraîchers;Centre;Centre;Forêt bimodale;0.0;-1.0;1100;3260000;260.0;24.0;66.0;180;600;1;55;2.1;1.4;0;0;0;0;0;0;0;710;780
2021-06;Légumes feuilles;Maraîchers;Centre;Centre;Forêt bimodale;0.0;-1.0;7700;3260000;260.0;24.0;59.0;165;600;1;55;2.1;1.4;0;0;0;0;0;0;0;570;630
2021-06;Choux;Maraîchers;Ouest;Littoral;Hauts Plateaux;0.0;-1.0;5100;3350000;210.0;22.0;43.0;205;600;1;85;2.1;1.4;0;0;0;0;0;0;0;685;755
2021-06;Pastèque;Maraîchers;Extrême-Nord;Centre;Soudano-sahélienne;0.0;-1.0;3100;3260000;65.0;32.0;30.5;195;600;1;195;2.1;1.4;0;0;0;1;0;0;0;390;420
2021-06;Arachide;Oléagineux et Légumineuses;Nord;Centre;Soudano-sahélienne;0.0;-1.0;58000;3260000;65.0;31.5;17.5;275;600;1;155;2.1;1.4;0;0;0;1;0;0;0;820;875
2021-06;Soja;Oléagineux et Légumineuses;Adamaoua;Centre;Savane guinéenne;0.0;-1.0;9700;3260000;130.0;23.0;17.0;260;600;1;135;2.1;1.4;0;0;0;0;0;0;0;795;855
2021-06;Niébé;Oléagineux et Légumineuses;Extrême-Nord;Extrême-Nord;Soudano-sahélienne;0.0;-1.0;41000;4600000;65.0;32.0;19.0;280;600;1;80;2.1;1.4;0;0;0;1;0;0;0;810;865
2021-06;Haricot sec;Oléagineux et Légumineuses;Ouest;Littoral;Hauts Plateaux;0.0;-1.0;38000;3350000;210.0;22.0;16.5;210;600;1;85;2.1;1.4;0;0;0;0;0;0;0;770;840
2021-06;Huile de palme;Oléagineux et Légumineuses;Littoral;Centre;Forêt monomodale;0.0;-1.0;61000;3260000;310.0;25.5;11.5;335;600;1;80;2.1;1.4;0;0;0;0;0;0;0;1180;1255
2021-06;Ananas;Fruits;Littoral;Centre;Forêt monomodale;0.0;-1.0;9700;3260000;310.0;25.5;26.5;210;600;1;85;2.1;1.4;0;0;0;0;0;0;0;590;650
2021-06;Papaye;Fruits;Centre;Centre;Forêt bimodale;0.0;-1.0;4100;3260000;260.0;24.0;47.0;180;600;1;55;2.1;1.4;0;0;0;0;0;0;0;565;630
2021-06;Mangue;Fruits;Nord;Centre;Soudano-sahélienne;0.0;-1.0;7700;3260000;65.0;31.5;50.0;160;600;1;180;2.1;1.4;0;0;0;1;0;0;0;85;75
2021-06;Avocat;Fruits;Ouest;Littoral;Hauts Plateaux;0.0;-1.0;15000;3350000;210.0;22.0;37.0;170;600;1;85;2.1;1.4;0;0;0;0;0;0;0;545;605
2021-06;Safou;Fruits;Littoral;Centre;Forêt monomodale;0.0;-1.0;5100;3260000;310.0;25.5;52.0;180;600;1;85;2.1;1.4;0;0;0;0;0;0;0;715;790
2021-06;Citron;Fruits;Centre;Centre;Forêt bimodale;0.0;-1.0;3100;3260000;260.0;24.0;31.0;175;600;1;55;2.1;1.4;0;0;0;0;0;0;0;610;670
2021-06;Orange;Fruits;Centre;Centre;Forêt bimodale;0.0;-1.0;5100;3260000;260.0;24.0;31.0;185;600;1;55;2.1;1.4;0;0;0;0;0;0;0;595;650
2021-06;Banane douce;Fruits;Sud-Ouest;Littoral;Forêt monomodale;0.0;-1.0;21000;3350000;310.0;25.5;40.5;210;600;1;190;2.1;1.4;0;0;0;1;0;0;0;1780;1920
2021-06;Cacao;Cultures de Rente et Stimulants;Centre;Littoral;Forêt bimodale;0.0;-1.0;240000;3350000;260.0;24.0;9.5;505;600;1;70;2.1;1.4;0;0;0;0;0;0;0;1795;1840
2021-06;Café;Cultures de Rente et Stimulants;Ouest;Littoral;Hauts Plateaux;0.0;-1.0;104000;3350000;210.0;22.0;8.5;455;600;1;85;2.1;1.4;0;0;0;0;0;0;0;2010;2080
2021-07;Maïs;Céréales;Ouest;Centre;Hauts Plateaux;-0.5;-0.866;60500;3260000;260.0;21.5;16.5;220;600;1;85;2.1;1.8;0;0;0;0;0;0;0;340;370
2021-07;Riz;Céréales;Extrême-Nord;Centre;Soudano-sahélienne;-0.5;-0.866;28500;3260000;110.0;30.0;8.5;230;600;1;135;2.1;1.8;0;0;0;1;0;0;0;875;910
2021-07;Mil-Sorgho;Céréales;Nord;Extrême-Nord;Soudano-sahélienne;-0.5;-0.866;59500;4600000;110.0;30.0;16.0;210;600;1;75;2.1;1.8;0;0;0;1;0;0;0;440;465
2021-07;Blé;Céréales;Littoral(Import);Centre;Forêt monomodale;-0.5;-0.866;0;3260000;310.0;24.5;5.0;0;600;1;75;2.1;1.8;1;0;0;0;0;0;0;920;950
2021-07;Manioc;"Tubercules, Racines et Plantains";Centre;Centre;Forêt bimodale;-0.5;-0.866;126000;3260000;310.0;23.5;43.5;200;600;1;65;2.1;1.8;0;0;0;0;0;0;0;480;520
2021-07;Plantain;"Tubercules, Racines et Plantains";Sud-Ouest;Littoral;Forêt monomodale;-0.5;-0.866;39500;3350000;380.0;25.0;38.5;235;600;1;225;2.1;1.8;0;0;0;1;0;0;0;2080;2250
2021-07;Macabo-Taro;"Tubercules, Racines et Plantains";Littoral;Littoral;Forêt monomodale;-0.5;-0.866;21000;3350000;380.0;25.0;41.0;220;600;1;85;2.1;1.8;0;0;0;0;0;0;0;610;670
2021-07;Igname;"Tubercules, Racines et Plantains";Adamaoua;Centre;Savane guinéenne;-0.5;-0.866;24000;3260000;180.0;22.5;36.5;250;600;1;145;2.1;1.8;0;0;0;0;0;0;0;760;830
2021-07;Pomme de terre;"Tubercules, Racines et Plantains";Ouest;Littoral;Hauts Plateaux;-0.5;-0.866;18000;3350000;260.0;21.5;35.0;265;600;1;115;2.1;1.8;0;0;0;0;0;0;0;765;845
2021-07;Patate douce;"Tubercules, Racines et Plantains";Ouest;Centre;Hauts Plateaux;-0.5;-0.866;9200;3260000;260.0;21.5;35.0;210;600;1;105;2.1;1.8;0;0;0;0;0;0;0;505;560
2021-07;Tomate;Maraîchers;Ouest;Centre;Hauts Plateaux;-0.5;-0.866;15000;3260000;260.0;21.5;42.0;285;600;1;115;2.1;1.8;0;0;0;0;0;0;0;1580;1850
2021-07;Oignon;Maraîchers;Extrême-Nord;Centre;Soudano-sahélienne;-0.5;-0.866;25000;3260000;110.0;30.0;36.5;255;600;1;215;2.1;1.8;0;0;0;1;0;0;0;850;920
2021-07;Gombo;Maraîchers;Centre;Centre;Forêt bimodale;-0.5;-0.866;5200;3260000;310.0;23.5;57.0;235;600;1;70;2.1;1.8;0;0;0;0;0;0;0;765;840
2021-07;Piment;Maraîchers;Extrême-Nord;Littoral;Soudano-sahélienne;-0.5;-0.866;4100;3350000;110.0;30.0;44.0;315;600;1;225;2.1;1.8;0;0;0;1;0;0;0;1210;1320
2021-07;Poivron;Maraîchers;Extrême-Nord;Centre;Soudano-sahélienne;-0.5;-0.866;3400;3260000;110.0;30.0;49.0;305;600;1;215;2.1;1.8;0;0;0;1;0;0;0;1300;1420
2021-07;Ail;Maraîchers;Extrême-Nord;Centre;Soudano-sahélienne;-0.5;-0.866;1500;3260000;110.0;30.0;28.5;335;600;1;205;2.1;1.8;0;0;0;1;0;0;0;2800;2980
2021-07;Basilic;Maraîchers;Centre;Centre;Forêt bimodale;-0.5;-0.866;1100;3260000;310.0;23.5;69.0;220;600;1;70;2.1;1.8;0;0;0;0;0;0;0;780;860
2021-07;Légumes feuilles;Maraîchers;Centre;Centre;Forêt bimodale;-0.5;-0.866;7700;3260000;310.0;23.5;62.0;205;600;1;70;2.1;1.8;0;0;0;0;0;0;0;630;690
2021-07;Choux;Maraîchers;Ouest;Littoral;Hauts Plateaux;-0.5;-0.866;5100;3350000;260.0;21.5;46.0;245;600;1;105;2.1;1.8;0;0;0;0;0;0;0;755;835
2021-07;Pastèque;Maraîchers;Extrême-Nord;Centre;Soudano-sahélienne;-0.5;-0.866;3100;3260000;110.0;30.0;33.5;235;600;1;215;2.1;1.8;0;0;0;1;0;0;0;420;465
2021-07;Arachide;Oléagineux et Légumineuses;Nord;Centre;Soudano-sahélienne;-0.5;-0.866;58000;3260000;110.0;29.5;19.5;315;600;1;175;2.1;1.8;0;0;0;1;0;0;0;875;940
2021-07;Soja;Oléagineux et Légumineuses;Adamaoua;Centre;Savane guinéenne;-0.5;-0.866;9700;3260000;180.0;22.5;19.0;300;600;1;150;2.1;1.8;0;0;0;0;0;0;0;855;920
2021-07;Niébé;Oléagineux et Légumineuses;Extrême-Nord;Extrême-Nord;Soudano-sahélienne;-0.5;-0.866;41000;4600000;110.0;30.0;21.0;320;600;1;95;2.1;1.8;0;0;0;1;0;0;0;865;930
2021-07;Haricot sec;Oléagineux et Légumineuses;Ouest;Littoral;Hauts Plateaux;-0.5;-0.866;38000;3350000;260.0;21.5;18.5;250;600;1;105;2.1;1.8;0;0;0;0;0;0;0;840;905
2021-07;Huile de palme;Oléagineux et Légumineuses;Littoral;Centre;Forêt monomodale;-0.5;-0.866;61000;3260000;380.0;25.0;13.5;375;600;1;95;2.1;1.8;0;0;0;0;0;0;0;1255;1350
2021-07;Ananas;Fruits;Littoral;Centre;Forêt monomodale;-0.5;-0.866;9700;3260000;380.0;25.0;29.5;250;600;1;100;2.1;1.8;0;0;0;0;0;0;0;650;720
2021-07;Papaye;Fruits;Centre;Centre;Forêt bimodale;-0.5;-0.866;4100;3260000;310.0;23.5;50.0;220;600;1;70;2.1;1.8;0;0;0;0;0;0;0;630;695
2021-07;Mangue;Fruits;Nord;Centre;Soudano-sahélienne;-0.5;-0.866;7700;3260000;110.0;29.5;53.0;200;600;1;200;2.1;1.8;0;0;0;1;0;0;0;75;65
2021-07;Avocat;Fruits;Ouest;Littoral;Hauts Plateaux;-0.5;-0.866;15000;3350000;260.0;21.5;40.0;210;600;1;100;2.1;1.8;0;0;0;0;0;0;0;605;670
2021-07;Safou;Fruits;Littoral;Centre;Forêt monomodale;-0.5;-0.866;5100;3260000;380.0;25.0;55.0;220;600;1;100;2.1;1.8;0;0;0;0;0;0;0;790;875
2021-07;Citron;Fruits;Centre;Centre;Forêt bimodale;-0.5;-0.866;3100;3260000;310.0;23.5;34.0;215;600;1;70;2.1;1.8;0;0;0;0;0;0;0;670;740
2021-07;Orange;Fruits;Centre;Centre;Forêt bimodale;-0.5;-0.866;5100;3260000;310.0;23.5;34.0;225;600;1;70;2.1;1.8;0;0;0;0;0;0;0;650;715
2021-07;Banane douce;Fruits;Sud-Ouest;Littoral;Forêt monomodale;-0.5;-0.866;21000;3350000;380.0;25.0;43.5;250;600;1;210;2.1;1.8;0;0;0;1;0;0;0;1920;2100
2021-07;Cacao;Cultures de Rente et Stimulants;Centre;Littoral;Forêt bimodale;-0.5;-0.866;240000;3350000;310.0;23.5;10.5;545;600;1;85;2.1;1.8;0;0;0;0;0;0;0;1840;1890
2021-07;Café;Cultures de Rente et Stimulants;Ouest;Littoral;Hauts Plateaux;-0.5;-0.866;104000;3350000;260.0;21.5;9.5;495;600;1;100;2.1;1.8;0;0;0;0;0;0;0;2080;2150
2021-08;Maïs;Céréales;Ouest;Centre;Hauts Plateaux;-0.866;-0.5;60500;3260000;300.0;21.0;17.5;240;600;1;95;2.1;2.0;0;0;0;0;0;0;0;370;405
2021-08;Riz;Céréales;Extrême-Nord;Centre;Soudano-sahélienne;-0.866;-0.5;28500;3260000;160.0;29.0;9.5;250;600;1;145;2.1;2.0;0;0;0;1;0;0;0;910;965
2021-08;Mil-Sorgho;Céréales;Nord;Extrême-Nord;Soudano-sahélienne;-0.866;-0.5;59500;4600000;160.0;29.0;17.0;230;600;1;85;2.1;2.0;0;0;0;1;0;0;0;465;500
2021-08;Blé;Céréales;Littoral(Import);Centre;Forêt monomodale;-0.866;-0.5;0;3260000;400.0;24.0;5.5;0;600;1;85;2.1;2.0;1;0;0;0;0;0;0;950;990
2021-08;Manioc;"Tubercules, Racines et Plantains";Centre;Centre;Forêt bimodale;-0.866;-0.5;126000;3260000;380.0;23.0;45.5;220;600;1;75;2.1;2.0;0;0;0;0;0;0;0;520;575
2021-08;Plantain;"Tubercules, Racines et Plantains";Sud-Ouest;Littoral;Forêt monomodale;-0.866;-0.5;39500;3350000;450.0;24.5;40.5;255;600;1;235;2.1;2.0;0;0;0;1;0;0;0;2250;2480
2021-08;Macabo-Taro;"Tubercules, Racines et Plantains";Littoral;Littoral;Forêt monomodale;-0.866;-0.5;21000;3350000;450.0;24.5;43.0;240;600;1;95;2.1;2.0;0;0;0;0;0;0;0;670;745
2021-08;Igname;"Tubercules, Racines et Plantains";Adamaoua;Centre;Savane guinéenne;-0.866;-0.5;24000;3260000;250.0;22.0;38.5;270;600;1;155;2.1;2.0;0;0;0;0;0;0;0;830;915
2021-08;Pomme de terre;"Tubercules, Racines et Plantains";Ouest;Littoral;Hauts Plateaux;-0.866;-0.5;18000;3350000;320.0;21.0;37.0;285;600;1;125;2.1;2.0;0;0;0;0;0;0;0;845;935
2021-08;Patate douce;"Tubercules, Racines et Plantains";Ouest;Centre;Hauts Plateaux;-0.866;-0.5;9200;3260000;320.0;21.0;37.0;230;600;1;115;2.1;2.0;0;0;0;0;0;0;0;560;620
2021-08;Tomate;Maraîchers;Ouest;Centre;Hauts Plateaux;-0.866;-0.5;15000;3260000;320.0;21.0;45.0;305;600;1;125;2.1;2.0;0;0;0;0;0;0;0;1850;2150
2021-08;Oignon;Maraîchers;Extrême-Nord;Centre;Soudano-sahélienne;-0.866;-0.5;25000;3260000;160.0;29.0;38.5;275;600;1;225;2.1;2.0;0;0;0;1;0;0;0;920;1010
2021-08;Gombo;Maraîchers;Centre;Centre;Forêt bimodale;-0.866;-0.5;5200;3260000;380.0;23.0;59.0;255;600;1;80;2.1;2.0;0;0;0;0;0;0;0;840;935
2021-08;Piment;Maraîchers;Extrême-Nord;Littoral;Soudano-sahélienne;-0.866;-0.5;4100;3350000;160.0;29.0;46.0;335;600;1;235;2.1;2.0;0;0;0;1;0;0;0;1320;1450
2021-08;Poivron;Maraîchers;Extrême-Nord;Centre;Soudano-sahélienne;-0.866;-0.5;3400;3260000;160.0;29.0;51.0;325;600;1;225;2.1;2.0;0;0;0;1;0;0;0;1420;1560
2021-08;Ail;Maraîchers;Extrême-Nord;Centre;Soudano-sahélienne;-0.866;-0.5;1500;3260000;160.0;29.0;30.5;355;600;1;215;2.1;2.0;0;0;0;1;0;0;0;2980;3250
2021-08;Basilic;Maraîchers;Centre;Centre;Forêt bimodale;-0.866;-0.5;1100;3260000;380.0;23.0;71.0;240;600;1;80;2.1;2.0;0;0;0;0;0;0;0;860;950
2021-08;Légumes feuilles;Maraîchers;Centre;Centre;Forêt bimodale;-0.866;-0.5;7700;3260000;380.0;23.0;64.0;225;600;1;80;2.1;2.0;0;0;0;0;0;0;0;690;760
2021-08;Choux;Maraîchers;Ouest;Littoral;Hauts Plateaux;-0.866;-0.5;5100;3350000;320.0;21.0;48.0;265;600;1;115;2.1;2.0;0;0;0;0;0;0;0;835;925
2021-08;Pastèque;Maraîchers;Extrême-Nord;Centre;Soudano-sahélienne;-0.866;-0.5;3100;3260000;160.0;29.0;35.5;255;600;1;225;2.1;2.0;0;0;0;1;0;0;0;465;520
2021-08;Arachide;Oléagineux et Légumineuses;Nord;Centre;Soudano-sahélienne;-0.866;-0.5;58000;3260000;160.0;28.5;21.5;335;600;1;185;2.1;2.0;0;0;0;1;0;0;0;940;1020
2021-08;Soja;Oléagineux et Légumineuses;Adamaoua;Centre;Savane guinéenne;-0.866;-0.5;9700;3260000;250.0;22.0;21.0;320;600;1;160;2.1;2.0;0;0;0;0;0;0;0;920;1000
2021-08;Niébé;Oléagineux et Légumineuses;Extrême-Nord;Extrême-Nord;Soudano-sahélienne;-0.866;-0.5;41000;4600000;160.0;29.0;23.0;340;600;1;105;2.1;2.0;0;0;0;1;0;0;0;930;1010
2021-08;Haricot sec;Oléagineux et Légumineuses;Ouest;Littoral;Hauts Plateaux;-0.866;-0.5;38000;3350000;320.0;21.0;20.5;270;600;1;115;2.1;2.0;0;0;0;0;0;0;0;905;990
2021-08;Huile de palme;Oléagineux et Légumineuses;Littoral;Centre;Forêt monomodale;-0.866;-0.5;61000;3260000;450.0;24.5;15.5;395;600;1;105;2.1;2.0;0;0;0;0;0;0;0;1350;1475
2021-08;Ananas;Fruits;Littoral;Centre;Forêt monomodale;-0.866;-0.5;9700;3260000;450.0;24.5;31.5;270;600;1;110;2.1;2.0;0;0;0;0;0;0;0;720;795
2021-08;Papaye;Fruits;Centre;Centre;Forêt bimodale;-0.866;-0.5;4100;3260000;380.0;23.0;52.0;240;600;1;80;2.1;2.0;0;0;0;0;0;0;0;695;765
2021-08;Mangue;Fruits;Nord;Centre;Soudano-sahélienne;-0.866;-0.5;7700;3260000;160.0;28.5;55.0;220;600;1;210;2.1;2.0;0;0;0;1;0;0;0;65;60
2021-08;Avocat;Fruits;Ouest;Littoral;Hauts Plateaux;-0.866;-0.5;15000;3350000;320.0;21.0;42.0;230;600;1;110;2.1;2.0;0;0;0;0;0;0;0;670;740
2021-08;Safou;Fruits;Littoral;Centre;Forêt monomodale;-0.866;-0.5;5100;3260000;450.0;24.5;57.0;240;600;1;110;2.1;2.0;0;0;0;0;0;0;0;875;965
2021-08;Citron;Fruits;Centre;Centre;Forêt bimodale;-0.866;-0.5;3100;3260000;380.0;23.0;36.0;235;600;1;80;2.1;2.0;0;0;0;0;0;0;0;740;820
2021-08;Orange;Fruits;Centre;Centre;Forêt bimodale;-0.866;-0.5;5100;3260000;380.0;23.0;36.0;245;600;1;80;2.1;2.0;0;0;0;0;0;0;0;715;790
2021-08;Banane douce;Fruits;Sud-Ouest;Littoral;Forêt monomodale;-0.866;-0.5;21000;3350000;450.0;24.5;45.5;270;600;1;220;2.1;2.0;0;0;0;1;0;0;0;2100;2320
2021-08;Cacao;Cultures de Rente et Stimulants;Centre;Littoral;Forêt bimodale;-0.866;-0.5;240000;3350000;380.0;23.0;11.5;565;600;1;95;2.1;2.0;0;0;0;0;0;0;0;1890;1950
2021-08;Café;Cultures de Rente et Stimulants;Ouest;Littoral;Hauts Plateaux;-0.866;-0.5;104000;3350000;320.0;21.0;10.5;515;600;1;110;2.1;2.0;0;0;0;0;0;0;0;2150;2230
2021-09;Maïs;Céréales;Ouest;Centre;Hauts Plateaux;-1.0;0.0;60500;3260000;250.0;22.0;13.5;260;600;2;85;2.1;2.2;0;0;0;0;0;0;0;405;380
2021-09;Riz;Céréales;Extrême-Nord;Centre;Soudano-sahélienne;-1.0;0.0;28500;3260000;110.0;30.0;7.5;270;600;2;135;2.1;2.2;0;0;0;1;0;0;0;965;910
2021-09;Mil-Sorgho;Céréales;Nord;Extrême-Nord;Soudano-sahélienne;-1.0;0.0;59500;4600000;80.0;31.0;14.0;250;600;2;75;2.1;2.2;0;0;0;1;0;0;0;500;480
2021-09;Blé;Céréales;Littoral(Import);Centre;Forêt monomodale;-1.0;0.0;0;3260000;350.0;25.0;5.0;0;600;2;75;2.1;2.2;1;0;0;0;0;0;0;990;945
2021-09;Manioc;"Tubercules, Racines et Plantains";Centre;Centre;Forêt bimodale;-1.0;0.0;126000;3260000;150.0;24.0;38.0;240;600;2;65;2.1;2.2;0;0;0;0;0;0;0;575;540
2021-09;Plantain;"Tubercules, Racines et Plantains";Sud-Ouest;Littoral;Forêt monomodale;-1.0;0.0;39500;3350000;350.0;25.5;35.5;275;600;2;220;2.1;2.2;0;0;0;1;0;0;0;2480;2280
2021-09;Macabo-Taro;"Tubercules, Racines et Plantains";Littoral;Littoral;Forêt monomodale;-1.0;0.0;21000;3350000;350.0;25.5;38.0;260;600;2;80;2.1;2.2;0;0;0;0;0;0;0;745;685
2021-09;Igname;"Tubercules, Racines et Plantains";Adamaoua;Centre;Savane guinéenne;-1.0;0.0;24000;3260000;150.0;22.0;32.0;290;600;2;135;2.1;2.2;0;0;0;0;0;0;0;915;845
2021-09;Pomme de terre;"Tubercules, Racines et Plantains";Ouest;Littoral;Hauts Plateaux;-1.0;0.0;18000;3350000;200.0;21.0;30.0;305;600;2;115;2.1;2.2;0;0;0;0;0;0;0;935;855
2021-09;Patate douce;"Tubercules, Racines et Plantains";Ouest;Centre;Hauts Plateaux;-1.0;0.0;9200;3260000;200.0;21.0;32.0;250;600;2;105;2.1;2.2;0;0;0;0;0;0;0;620;570
2021-09;Tomate;Maraîchers;Ouest;Centre;Hauts Plateaux;-1.0;0.0;15000;3260000;200.0;21.0;40.0;325;600;2;115;2.1;2.2;0;0;0;0;0;0;0;2150;1880
2021-09;Oignon;Maraîchers;Extrême-Nord;Centre;Soudano-sahélienne;-1.0;0.0;25000;3260000;100.0;31.0;30.0;295;600;2;215;2.1;2.2;0;0;0;1;0;0;0;1010;940
2021-09;Gombo;Maraîchers;Centre;Centre;Forêt bimodale;-1.0;0.0;5200;3260000;150.0;24.0;50.0;275;600;2;70;2.1;2.2;0;0;0;0;0;0;0;935;860
2021-09;Piment;Maraîchers;Extrême-Nord;Littoral;Soudano-sahélienne;-1.0;0.0;4100;3350000;100.0;31.0;38.0;355;600;2;225;2.1;2.2;0;0;0;1;0;0;0;1450;1340
2021-09;Poivron;Maraîchers;Extrême-Nord;Centre;Soudano-sahélienne;-1.0;0.0;3400;3260000;100.0;31.0;42.0;345;600;2;215;2.1;2.2;0;0;0;1;0;0;0;1560;1440
2021-09;Ail;Maraîchers;Extrême-Nord;Centre;Soudano-sahélienne;-1.0;0.0;1500;3260000;100.0;31.0;25.0;375;600;2;205;2.1;2.2;0;0;0;1;0;0;0;3250;3020
2021-09;Basilic;Maraîchers;Centre;Centre;Forêt bimodale;-1.0;0.0;1100;3260000;150.0;24.0;60.0;260;600;2;70;2.1;2.2;0;0;0;0;0;0;0;950;870
2021-09;Légumes feuilles;Maraîchers;Centre;Centre;Forêt bimodale;-1.0;0.0;7700;3260000;150.0;24.0;55.0;245;600;2;70;2.1;2.2;0;0;0;0;0;0;0;760;700
2021-09;Choux;Maraîchers;Ouest;Littoral;Hauts Plateaux;-1.0;0.0;5100;3350000;200.0;21.0;40.0;285;600;2;105;2.1;2.2;0;0;0;0;0;0;0;925;845
2021-09;Pastèque;Maraîchers;Extrême-Nord;Centre;Soudano-sahélienne;-1.0;0.0;3100;3260000;100.0;31.0;26.0;275;600;2;205;2.1;2.2;0;0;0;1;0;0;0;520;485
2021-09;Arachide;Oléagineux et Légumineuses;Nord;Centre;Soudano-sahélienne;-1.0;0.0;58000;3260000;80.0;30.0;16.0;355;600;2;165;2.1;2.2;0;0;0;1;0;0;0;1020;950
2021-09;Soja;Oléagineux et Légumineuses;Adamaoua;Centre;Savane guinéenne;-1.0;0.0;9700;3260000;150.0;22.0;16.0;340;600;2;140;2.1;2.2;0;0;0;0;0;0;0;1000;920
2021-09;Niébé;Oléagineux et Légumineuses;Extrême-Nord;Extrême-Nord;Soudano-sahélienne;-1.0;0.0;41000;4600000;100.0;31.0;14.0;360;600;2;95;2.1;2.2;0;0;0;1;0;0;0;1010;935
2021-09;Haricot sec;Oléagineux et Légumineuses;Ouest;Littoral;Hauts Plateaux;-1.0;0.0;38000;3350000;200.0;21.0;14.0;290;600;2;105;2.1;2.2;0;0;0;0;0;0;0;990;910
2021-09;Huile de palme;Oléagineux et Légumineuses;Littoral;Centre;Forêt monomodale;-1.0;0.0;61000;3260000;350.0;25.5;9.0;415;600;2;95;2.1;2.2;0;0;0;0;0;0;0;1475;1370
2021-09;Ananas;Fruits;Littoral;Centre;Forêt monomodale;-1.0;0.0;9700;3260000;350.0;25.5;28.0;290;600;2;100;2.1;2.2;0;0;0;0;0;0;0;795;740
2021-09;Papaye;Fruits;Centre;Centre;Forêt bimodale;-1.0;0.0;4100;3260000;150.0;24.0;45.0;260;600;2;70;2.1;2.2;0;0;0;0;0;0;0;765;710
2021-09;Mangue;Fruits;Nord;Centre;Soudano-sahélienne;-1.0;0.0;7700;3260000;80.0;30.0;48.0;240;600;2;190;2.1;2.2;0;0;0;1;0;0;0;60;50
2021-09;Avocat;Fruits;Ouest;Littoral;Hauts Plateaux;-1.0;0.0;15000;3350000;200.0;21.0;35.0;250;600;2;100;2.1;2.2;0;0;0;0;0;0;0;740;690
2021-09;Safou;Fruits;Littoral;Centre;Forêt monomodale;-1.0;0.0;5100;3260000;350.0;25.5;48.0;260;600;2;100;2.1;2.2;0;0;0;0;0;0;0;965;900
2021-09;Citron;Fruits;Centre;Centre;Forêt bimodale;-1.0;0.0;3100;3260000;150.0;24.0;30.0;255;600;2;70;2.1;2.2;0;0;0;0;0;0;0;820;770
2021-09;Orange;Fruits;Centre;Centre;Forêt bimodale;-1.0;0.0;5100;3260000;150.0;24.0;30.0;265;600;2;70;2.1;2.2;0;0;0;0;0;0;0;790;740
2021-09;Banane douce;Fruits;Sud-Ouest;Littoral;Forêt monomodale;-1.0;0.0;21000;3350000;350.0;25.5;40.0;290;600;2;200;2.1;2.2;0;0;0;1;0;0;0;2320;2150
2021-09;Cacao;Cultures de Rente et Stimulants;Centre;Littoral;Forêt bimodale;-1.0;0.0;240000;3350000;280.0;24.0;9.0;585;600;2;85;2.1;2.2;0;0;0;0;0;0;0;1950;1930
2021-09;Café;Cultures de Rente et Stimulants;Ouest;Littoral;Hauts Plateaux;-1.0;0.0;104000;3350000;200.0;21.0;8.0;535;600;2;105;2.1;2.2;0;0;0;0;0;0;0;2230;2180
2021-10;Maïs;Céréales;Ouest;Centre;Hauts Plateaux;-0.866;0.5;60500;3260000;150.0;23.0;10.0;275;600;3;60;2.1;1.8;0;0;0;0;0;0;0;380;345
2021-10;Riz;Céréales;Extrême-Nord;Centre;Soudano-sahélienne;-0.866;0.5;28500;3260000;40.0;31.5;5.5;285;600;3;115;2.1;1.8;0;0;0;1;0;0;0;910;850
2021-10;Mil-Sorgho;Céréales;Nord;Extrême-Nord;Soudano-sahélienne;-0.866;0.5;59500;4600000;40.0;32.0;13.0;265;600;3;55;2.1;1.8;0;0;0;1;0;0;0;480;450
2021-10;Blé;Céréales;Littoral(Import);Centre;Forêt monomodale;-0.866;0.5;0;3260000;250.0;26.0;3.0;0;600;3;50;2.1;1.8;1;0;0;0;0;0;0;945;885
2021-10;Manioc;"Tubercules, Racines et Plantains";Centre;Centre;Forêt bimodale;-0.866;0.5;126000;3260000;100.0;25.0;34.0;255;600;3;40;2.1;1.8;0;0;0;0;0;0;0;540;505
2021-10;Plantain;"Tubercules, Racines et Plantains";Sud-Ouest;Littoral;Forêt monomodale;-0.866;0.5;39500;3350000;250.0;26.5;30.0;290;600;3;180;2.1;1.8;0;0;0;1;0;0;0;2280;2100
2021-10;Macabo-Taro;"Tubercules, Racines et Plantains";Littoral;Littoral;Forêt monomodale;-0.866;0.5;21000;3350000;250.0;26.5;33.0;275;600;3;60;2.1;1.8;0;0;0;0;0;0;0;685;635
2021-10;Igname;"Tubercules, Racines et Plantains";Adamaoua;Centre;Savane guinéenne;-0.866;0.5;24000;3260000;50.0;23.0;28.0;305;600;3;105;2.1;1.8;0;0;0;0;0;0;0;845;785
2021-10;Pomme de terre;"Tubercules, Racines et Plantains";Ouest;Littoral;Hauts Plateaux;-0.866;0.5;18000;3350000;100.0;23.0;25.0;320;600;3;90;2.1;1.8;0;0;0;0;0;0;0;855;800
2021-10;Patate douce;"Tubercules, Racines et Plantains";Ouest;Centre;Hauts Plateaux;-0.866;0.5;9200;3260000;100.0;23.0;26.0;265;600;3;85;2.1;1.8;0;0;0;0;0;0;0;570;535
2021-10;Tomate;Maraîchers;Ouest;Centre;Hauts Plateaux;-0.866;0.5;15000;3260000;100.0;23.0;30.0;340;600;3;90;2.1;1.8;0;0;0;0;0;0;0;1880;1500
2021-10;Oignon;Maraîchers;Extrême-Nord;Centre;Soudano-sahélienne;-0.866;0.5;25000;3260000;30.0;33.0;28.0;310;600;3;190;2.1;1.8;0;0;0;1;0;0;0;940;865
2021-10;Gombo;Maraîchers;Centre;Centre;Forêt bimodale;-0.866;0.5;5200;3260000;100.0;25.0;45.0;290;600;3;50;2.1;1.8;0;0;0;0;0;0;0;860;800
2021-10;Piment;Maraîchers;Extrême-Nord;Littoral;Soudano-sahélienne;-0.866;0.5;4100;3350000;30.0;33.0;34.0;370;600;3;200;2.1;1.8;0;0;0;1;0;0;0;1340;1240
2021-10;Poivron;Maraîchers;Extrême-Nord;Centre;Soudano-sahélienne;-0.866;0.5;3400;3260000;30.0;33.0;38.0;360;600;3;190;2.1;1.8;0;0;0;1;0;0;0;1440;1320
2021-10;Ail;Maraîchers;Extrême-Nord;Centre;Soudano-sahélienne;-0.866;0.5;1500;3260000;30.0;33.0;22.0;390;600;3;180;2.1;1.8;0;0;0;1;0;0;0;3020;2780
2021-10;Basilic;Maraîchers;Centre;Centre;Forêt bimodale;-0.866;0.5;1100;3260000;100.0;25.0;55.0;275;600;3;50;2.1;1.8;0;0;0;0;0;0;0;870;810
2021-10;Légumes feuilles;Maraîchers;Centre;Centre;Forêt bimodale;-0.866;0.5;7700;3260000;100.0;25.0;50.0;260;600;3;50;2.1;1.8;0;0;0;0;0;0;0;700;650
2021-10;Choux;Maraîchers;Ouest;Littoral;Hauts Plateaux;-0.866;0.5;5100;3350000;100.0;23.0;34.0;300;600;3;80;2.1;1.8;0;0;0;0;0;0;0;845;780
2021-10;Pastèque;Maraîchers;Extrême-Nord;Centre;Soudano-sahélienne;-0.866;0.5;3100;3260000;30.0;33.0;24.0;290;600;3;180;2.1;1.8;0;0;0;1;0;0;0;485;445
2021-10;Arachide;Oléagineux et Légumineuses;Nord;Centre;Soudano-sahélienne;-0.866;0.5;58000;3260000;20.0;32.0;12.0;370;600;3;145;2.1;1.8;0;0;0;1;0;0;0;950;875
2021-10;Soja;Oléagineux et Légumineuses;Adamaoua;Centre;Savane guinéenne;-0.866;0.5;9700;3260000;50.0;23.0;12.0;355;600;3;125;2.1;1.8;0;0;0;0;0;0;0;920;850
2021-10;Niébé;Oléagineux et Légumineuses;Extrême-Nord;Extrême-Nord;Soudano-sahélienne;-0.866;0.5;41000;4600000;30.0;33.0;12.0;375;600;3;80;2.1;1.8;0;0;0;1;0;0;0;935;860
2021-10;Haricot sec;Oléagineux et Légumineuses;Ouest;Littoral;Hauts Plateaux;-0.866;0.5;38000;3350000;100.0;23.0;11.0;305;600;3;90;2.1;1.8;0;0;0;0;0;0;0;910;840
2021-10;Huile de palme;Oléagineux et Légumineuses;Littoral;Centre;Forêt monomodale;-0.866;0.5;61000;3260000;250.0;26.5;7.0;430;600;3;80;2.1;1.8;0;0;0;0;0;0;0;1370;1260
2021-10;Ananas;Fruits;Littoral;Centre;Forêt monomodale;-0.866;0.5;9700;3260000;250.0;26.5;22.0;305;600;3;85;2.1;1.8;0;0;0;0;0;0;0;740;685
2021-10;Papaye;Fruits;Centre;Centre;Forêt bimodale;-0.866;0.5;4100;3260000;100.0;25.0;38.0;275;600;3;50;2.1;1.8;0;0;0;0;0;0;0;710;660
2021-10;Mangue;Fruits;Nord;Centre;Soudano-sahélienne;-0.866;0.5;7700;3260000;20.0;32.0;42.0;255;600;3;165;2.1;1.8;0;0;0;1;0;0;0;50;55
2021-10;Avocat;Fruits;Ouest;Littoral;Hauts Plateaux;-0.866;0.5;15000;3350000;100.0;23.0;28.0;265;600;3;85;2.1;1.8;0;0;0;0;0;0;0;690;640
2021-10;Safou;Fruits;Littoral;Centre;Forêt monomodale;-0.866;0.5;5100;3260000;250.0;26.5;42.0;275;600;3;85;2.1;1.8;0;0;0;0;0;0;0;900;830
2021-10;Citron;Fruits;Centre;Centre;Forêt bimodale;-0.866;0.5;3100;3260000;100.0;25.0;24.0;270;600;3;50;2.1;1.8;0;0;0;0;0;0;0;770;715
2021-10;Orange;Fruits;Centre;Centre;Forêt bimodale;-0.866;0.5;5100;3260000;100.0;25.0;24.0;280;600;3;50;2.1;1.8;0;0;0;0;0;0;0;740;690
2021-10;Banane douce;Fruits;Sud-Ouest;Littoral;Forêt monomodale;-0.866;0.5;21000;3350000;250.0;26.5;33.0;305;600;3;175;2.1;1.8;0;0;0;1;0;0;0;2150;1980
2021-10;Cacao;Cultures de Rente et Stimulants;Centre;Littoral;Forêt bimodale;-0.866;0.5;240000;3350000;100.0;25.0;7.0;600;600;3;70;2.1;1.8;0;0;0;0;0;0;0;1930;1910
2021-10;Café;Cultures de Rente et Stimulants;Ouest;Littoral;Hauts Plateaux;-0.866;0.5;104000;3350000;100.0;23.0;7.0;550;600;3;90;2.1;1.8;0;0;0;0;0;0;0;2180;2120
2021-11;Maïs;Céréales;Ouest;Centre;Hauts Plateaux;-0.5;0.866;60500;3260000;50.0;24.0;8.0;290;600;4;45;2.1;1.5;0;0;0;0;0;0;0;345;310
2021-11;Riz;Céréales;Extrême-Nord;Centre;Soudano-sahélienne;-0.5;0.866;28500;3260000;0.0;31.0;5.0;300;600;4;95;2.1;1.5;0;0;0;1;0;0;0;850;800
2021-11;Mil-Sorgho;Céréales;Nord;Extrême-Nord;Soudano-sahélienne;-0.5;0.866;59500;4600000;0.0;32.0;12.0;280;600;4;40;2.1;1.5;0;0;0;1;0;0;0;450;420
2021-11;Blé;Céréales;Littoral(Import);Centre;Forêt monomodale;-0.5;0.866;0;3260000;100.0;27.0;2.0;0;600;4;35;2.1;1.5;1;0;0;0;0;0;0;885;830
2021-11;Manioc;"Tubercules, Racines et Plantains";Centre;Centre;Forêt bimodale;-0.5;0.866;126000;3260000;50.0;26.0;30.0;270;600;4;25;2.1;1.5;0;0;0;0;0;0;0;505;470
2021-11;Plantain;"Tubercules, Racines et Plantains";Sud-Ouest;Littoral;Forêt monomodale;-0.5;0.866;39500;3350000;100.0;28.0;25.0;305;600;4;155;2.1;1.5;0;0;0;1;0;0;0;2100;1920
2021-11;Macabo-Taro;"Tubercules, Racines et Plantains";Littoral;Littoral;Forêt monomodale;-0.5;0.866;21000;3350000;100.0;28.0;28.0;290;600;4;45;2.1;1.5;0;0;0;0;0;0;0;635;585
2021-11;Igname;"Tubercules, Racines et Plantains";Adamaoua;Centre;Savane guinéenne;-0.5;0.866;24000;3260000;10.0;24.0;25.0;320;600;4;90;2.1;1.5;0;0;0;0;0;0;0;785;725
2021-11;Pomme de terre;"Tubercules, Racines et Plantains";Ouest;Littoral;Hauts Plateaux;-0.5;0.866;18000;3350000;50.0;24.0;22.0;335;600;4;70;2.1;1.5;0;0;0;0;0;0;0;800;740
2021-11;Patate douce;"Tubercules, Racines et Plantains";Ouest;Centre;Hauts Plateaux;-0.5;0.866;9200;3260000;50.0;24.0;23.0;280;600;4;65;2.1;1.5;0;0;0;0;0;0;0;535;495
2021-11;Tomate;Maraîchers;Ouest;Centre;Hauts Plateaux;-0.5;0.866;15000;3260000;50.0;24.0;22.0;355;600;4;70;2.1;1.5;0;0;0;0;0;0;0;1500;1180
2021-11;Oignon;Maraîchers;Extrême-Nord;Centre;Soudano-sahélienne;-0.5;0.866;25000;3260000;0.0;31.0;25.0;325;600;4;160;2.1;1.5;0;0;0;1;0;0;0;865;800
2021-11;Gombo;Maraîchers;Centre;Centre;Forêt bimodale;-0.5;0.866;5200;3260000;50.0;26.0;42.0;305;600;4;35;2.1;1.5;0;0;0;0;0;0;0;800;740
2021-11;Piment;Maraîchers;Extrême-Nord;Littoral;Soudano-sahélienne;-0.5;0.866;4100;3350000;0.0;31.0;30.0;385;600;4;175;2.1;1.5;0;0;0;1;0;0;0;1240;1140
2021-11;Poivron;Maraîchers;Extrême-Nord;Centre;Soudano-sahélienne;-0.5;0.866;3400;3260000;0.0;31.0;35.0;375;600;4;165;2.1;1.5;0;0;0;1;0;0;0;1320;1210
2021-11;Ail;Maraîchers;Extrême-Nord;Centre;Soudano-sahélienne;-0.5;0.866;1500;3260000;0.0;31.0;18.0;405;600;4;155;2.1;1.5;0;0;0;1;0;0;0;2780;2580
2021-11;Basilic;Maraîchers;Centre;Centre;Forêt bimodale;-0.5;0.866;1100;3260000;50.0;26.0;52.0;290;600;4;35;2.1;1.5;0;0;0;0;0;0;0;810;750
2021-11;Légumes feuilles;Maraîchers;Centre;Centre;Forêt bimodale;-0.5;0.866;7700;3260000;50.0;26.0;45.0;275;600;4;35;2.1;1.5;0;0;0;0;0;0;0;650;600
2021-11;Choux;Maraîchers;Ouest;Littoral;Hauts Plateaux;-0.5;0.866;5100;3350000;50.0;24.0;30.0;315;600;4;65;2.1;1.5;0;0;0;0;0;0;0;780;720
2021-11;Pastèque;Maraîchers;Extrême-Nord;Centre;Soudano-sahélienne;-0.5;0.866;3100;3260000;0.0;31.0;20.0;305;600;4;165;2.1;1.5;0;0;0;1;0;0;0;445;410
2021-11;Arachide;Oléagineux et Légumineuses;Nord;Centre;Soudano-sahélienne;-0.5;0.866;58000;3260000;0.0;30.0;10.0;385;600;4;125;2.1;1.5;0;0;0;1;0;0;0;875;810
2021-11;Soja;Oléagineux et Légumineuses;Adamaoua;Centre;Savane guinéenne;-0.5;0.866;9700;3260000;10.0;24.0;10.0;370;600;4;105;2.1;1.5;0;0;0;0;0;0;0;850;785
2021-11;Niébé;Oléagineux et Légumineuses;Extrême-Nord;Extrême-Nord;Soudano-sahélienne;-0.5;0.866;41000;4600000;0.0;31.0;12.0;390;600;4;45;2.1;1.5;0;0;0;1;0;0;0;860;795
2021-11;Haricot sec;Oléagineux et Légumineuses;Ouest;Littoral;Hauts Plateaux;-0.5;0.866;38000;3350000;50.0;24.0;8.0;320;600;4;65;2.1;1.5;0;0;0;0;0;0;0;840;780
2021-11;Huile de palme;Oléagineux et Légumineuses;Littoral;Centre;Forêt monomodale;-0.5;0.866;61000;3260000;100.0;28.0;5.0;445;600;4;45;2.1;1.5;0;0;0;0;0;0;0;1260;1160
2021-11;Ananas;Fruits;Littoral;Centre;Forêt monomodale;-0.5;0.866;9700;3260000;100.0;28.0;18.0;320;600;4;60;2.1;1.5;0;0;0;0;0;0;0;685;635
2021-11;Papaye;Fruits;Centre;Centre;Forêt bimodale;-0.5;0.866;4100;3260000;50.0;26.0;35.0;290;600;4;30;2.1;1.5;0;0;0;0;0;0;0;660;610
2021-11;Mangue;Fruits;Nord;Centre;Soudano-sahélienne;-0.5;0.866;7700;3260000;0.0;30.0;40.0;270;600;4;155;2.1;1.5;0;0;0;1;0;0;0;55;65
2021-11;Avocat;Fruits;Ouest;Littoral;Hauts Plateaux;-0.5;0.866;15000;3350000;50.0;24.0;25.0;280;600;4;60;2.1;1.5;0;0;0;0;0;0;0;640;595
2021-11;Safou;Fruits;Littoral;Centre;Forêt monomodale;-0.5;0.866;5100;3260000;100.0;28.0;40.0;290;600;4;60;2.1;1.5;0;0;0;0;0;0;0;830;770
2021-11;Citron;Fruits;Centre;Centre;Forêt bimodale;-0.5;0.866;3100;3260000;50.0;26.0;20.0;285;600;4;30;2.1;1.5;0;0;0;0;0;0;0;715;665
2021-11;Orange;Fruits;Centre;Centre;Forêt bimodale;-0.5;0.866;5100;3260000;50.0;26.0;20.0;295;600;4;30;2.1;1.5;0;0;0;0;0;0;0;690;640
2021-11;Banane douce;Fruits;Sud-Ouest;Littoral;Forêt monomodale;-0.5;0.866;21000;3350000;100.0;28.0;30.0;320;600;4;140;2.1;1.5;0;0;0;1;0;0;0;1980;1820
2021-11;Cacao;Cultures de Rente et Stimulants;Centre;Littoral;Forêt bimodale;-0.5;0.866;240000;3350000;50.0;26.0;6.0;615;600;4;45;2.1;1.5;0;0;0;0;0;0;0;1910;1880
2021-11;Café;Cultures de Rente et Stimulants;Ouest;Littoral;Hauts Plateaux;-0.5;0.866;104000;3350000;50.0;24.0;5.0;565;600;4;60;2.1;1.5;0;0;0;0;0;0;0;2120;2070
2021-12;Maïs;Céréales;Ouest;Centre;Hauts Plateaux;0.0;1.0;60500;3260000;10.5;23.0;8.0;305;600;4;40;2.1;1.5;0;0;1;0;0;0;0;310;335
2021-12;Riz;Céréales;Extrême-Nord;Centre;Soudano-sahélienne;0.0;1.0;28500;3260000;0.0;30.5;5.0;315;600;4;90;2.1;1.5;0;0;1;1;0;0;0;800;845
2021-12;Mil-Sorgho;Céréales;Nord;Extrême-Nord;Soudano-sahélienne;0.0;1.0;59500;4600000;0.0;32.0;12.0;295;600;4;35;2.1;1.5;0;0;1;1;0;0;0;420;445
2021-12;Blé;Céréales;Littoral(Import);Centre;Forêt monomodale;0.0;1.0;0;3260000;50.0;27.0;2.0;0;600;4;30;2.1;1.5;1;0;1;0;0;0;0;830;875
2021-12;Manioc;"Tubercules, Racines et Plantains";Centre;Centre;Forêt bimodale;0.0;1.0;126000;3260000;20.0;25.0;30.0;285;600;4;22;2.1;1.5;0;0;1;0;0;0;0;470;500
2021-12;Plantain;"Tubercules, Racines et Plantains";Sud-Ouest;Littoral;Forêt monomodale;0.0;1.0;39500;3350000;50.0;27.0;25.0;320;600;4;150;2.1;1.5;0;0;1;1;0;0;0;1920;2100
2021-12;Macabo-Taro;"Tubercules, Racines et Plantains";Littoral;Littoral;Forêt monomodale;0.0;1.0;21000;3350000;50.0;27.0;28.0;305;600;4;35;2.1;1.5;0;0;1;0;0;0;0;585;630
2021-12;Igname;"Tubercules, Racines et Plantains";Adamaoua;Centre;Savane guinéenne;0.0;1.0;24000;3260000;0.0;24.0;25.0;335;600;4;85;2.1;1.5;0;0;1;0;0;0;0;725;780
2021-12;Pomme de terre;"Tubercules, Racines et Plantains";Ouest;Littoral;Hauts Plateaux;0.0;1.0;18000;3350000;10.5;23.0;22.0;350;600;4;60;2.1;1.5;0;0;1;0;0;0;0;740;800
2021-12;Patate douce;"Tubercules, Racines et Plantains";Ouest;Centre;Hauts Plateaux;0.0;1.0;9200;3260000;10.5;23.0;23.0;295;600;4;55;2.1;1.5;0;0;1;0;0;0;0;495;540
2021-12;Tomate;Maraîchers;Ouest;Centre;Hauts Plateaux;0.0;1.0;15000;3260000;10.5;23.0;22.0;370;600;4;60;2.1;1.5;0;0;1;0;0;0;0;1180;1400
2021-12;Oignon;Maraîchers;Extrême-Nord;Centre;Soudano-sahélienne;0.0;1.0;25000;3260000;0.0;30.5;25.0;340;600;4;150;2.1;1.5;0;0;1;1;0;0;0;800;870
2021-12;Gombo;Maraîchers;Centre;Centre;Forêt bimodale;0.0;1.0;5200;3260000;20.0;25.0;42.0;320;600;4;28;2.1;1.5;0;0;1;0;0;0;0;740;805
2021-12;Piment;Maraîchers;Extrême-Nord;Littoral;Soudano-sahélienne;0.0;1.0;4100;3350000;0.0;30.5;30.0;400;600;4;165;2.1;1.5;0;0;1;1;0;0;0;1140;1250
2021-12;Poivron;Maraîchers;Extrême-Nord;Centre;Soudano-sahélienne;0.0;1.0;3400;3260000;0.0;30.5;35.0;390;600;4;155;2.1;1.5;0;0;1;1;0;0;0;1210;1320
2021-12;Ail;Maraîchers;Extrême-Nord;Centre;Soudano-sahélienne;0.0;1.0;1500;3260000;0.0;30.5;18.0;420;600;4;145;2.1;1.5;0;0;1;1;0;0;0;2580;2750
2021-12;Basilic;Maraîchers;Centre;Centre;Forêt bimodale;0.0;1.0;1100;3260000;20.0;25.0;52.0;305;600;4;28;2.1;1.5;0;0;1;0;0;0;0;750;820
2021-12;Légumes feuilles;Maraîchers;Centre;Centre;Forêt bimodale;0.0;1.0;7700;3260000;20.0;25.0;45.0;290;600;4;28;2.1;1.5;0;0;1;0;0;0;0;600;665
2021-12;Choux;Maraîchers;Ouest;Littoral;Hauts Plateaux;0.0;1.0;5100;3350000;10.5;23.0;30.0;330;600;4;55;2.1;1.5;0;0;1;0;0;0;0;720;800
2021-12;Pastèque;Maraîchers;Extrême-Nord;Centre;Soudano-sahélienne;0.0;1.0;3100;3260000;0.0;30.5;20.0;320;600;4;155;2.1;1.5;0;0;1;1;0;0;0;410;455
2021-12;Arachide;Oléagineux et Légumineuses;Nord;Centre;Soudano-sahélienne;0.0;1.0;58000;3260000;0.0;29.0;10.0;400;600;4;115;2.1;1.5;0;0;1;1;0;0;0;810;870
2021-12;Soja;Oléagineux et Légumineuses;Adamaoua;Centre;Savane guinéenne;0.0;1.0;9700;3260000;0.0;24.0;10.0;385;600;4;100;2.1;1.5;0;0;1;0;0;0;0;785;845
2021-12;Niébé;Oléagineux et Légumineuses;Extrême-Nord;Extrême-Nord;Soudano-sahélienne;0.0;1.0;41000;4600000;0.0;30.5;12.0;405;600;4;40;2.1;1.5;0;0;1;1;0;0;0;795;855
2021-12;Haricot sec;Oléagineux et Légumineuses;Ouest;Littoral;Hauts Plateaux;0.0;1.0;38000;3350000;10.5;23.0;8.0;335;600;4;55;2.1;1.5;0;0;1;0;0;0;0;780;850
2021-12;Huile de palme;Oléagineux et Légumineuses;Littoral;Centre;Forêt monomodale;0.0;1.0;61000;3260000;50.0;27.0;5.0;460;600;4;45;2.1;1.5;0;0;1;0;0;0;0;1160;1255
2021-12;Ananas;Fruits;Littoral;Centre;Forêt monomodale;0.0;1.0;9700;3260000;50.0;27.0;18.0;335;600;4;55;2.1;1.5;0;0;1;0;0;0;0;635;700
2021-12;Papaye;Fruits;Centre;Centre;Forêt bimodale;0.0;1.0;4100;3260000;20.0;25.0;35.0;305;600;4;25;2.1;1.5;0;0;1;0;0;0;0;610;670
2021-12;Mangue;Fruits;Nord;Centre;Soudano-sahélienne;0.0;1.0;7700;3260000;0.0;29.0;40.0;285;600;4;145;2.1;1.5;0;0;1;1;0;0;0;65;85
2021-12;Avocat;Fruits;Ouest;Littoral;Hauts Plateaux;0.0;1.0;15000;3350000;10.5;23.0;25.0;295;600;4;55;2.1;1.5;0;0;1;0;0;0;0;595;655
2021-12;Safou;Fruits;Littoral;Centre;Forêt monomodale;0.0;1.0;5100;3260000;50.0;27.0;40.0;305;600;4;55;2.1;1.5;0;0;1;0;0;0;0;770;845
2021-12;Citron;Fruits;Centre;Centre;Forêt bimodale;0.0;1.0;3100;3260000;20.0;25.0;20.0;300;600;4;25;2.1;1.5;0;0;1;0;0;0;0;665;730
2021-12;Orange;Fruits;Centre;Centre;Forêt bimodale;0.0;1.0;5100;3260000;20.0;25.0;20.0;310;600;4;25;2.1;1.5;0;0;1;0;0;0;0;640;705
2021-12;Banane douce;Fruits;Sud-Ouest;Littoral;Forêt monomodale;0.0;1.0;21000;3350000;50.0;27.0;30.0;335;600;4;145;2.1;1.5;0;0;1;1;0;0;0;1820;2020
2021-12;Cacao;Cultures de Rente et Stimulants;Centre;Littoral;Forêt bimodale;0.0;1.0;240000;3350000;20.0;25.0;6.0;630;600;4;40;2.1;1.5;0;0;1;0;0;0;0;1880;1920
2021-12;Café;Cultures de Rente et Stimulants;Ouest;Littoral;Hauts Plateaux;0.0;1.0;104000;3350000;10.5;23.0;5.0;580;600;4;55;2.1;1.5;0;0;1;0;0;0;0;2070;2120
2022-01;Maïs;Céréales;Ouest;Centre;Hauts Plateaux;0.5;0.866;61000;3360000;10.5;23.0;8.0;310;600;4;45;2.1;1.5;0;0;0;0;0;0;0;330;290
2022-01;Riz;Céréales;Extrême-Nord;Centre;Soudano-sahélienne;0.5;0.866;29000;3360000;0.0;30.5;5.0;320;600;4;90;2.1;1.5;0;0;0;1;0;0;0;845;790
2022-01;Mil-Sorgho;Céréales;Nord;Extrême-Nord;Soudano-sahélienne;0.5;0.866;60000;4700000;0.0;32.0;12.0;300;600;4;35;2.1;1.5;0;0;0;1;0;0;0;445;410
2022-01;Blé;Céréales;Littoral(Import);Centre;Forêt monomodale;0.5;0.866;0;3360000;25.0;27.0;2.0;0;600;4;30;2.1;1.5;1;0;0;0;0;0;0;875;820
2022-01;Manioc;"Tubercules, Racines et Plantains";Centre;Centre;Forêt bimodale;0.5;0.866;127000;3360000;15.0;25.0;30.0;290;600;4;25;2.1;1.5;0;0;0;0;0;0;0;500;465
2022-01;Plantain;"Tubercules, Racines et Plantains";Sud-Ouest;Littoral;Forêt monomodale;0.5;0.866;40000;3450000;35.0;26.5;25.0;325;600;3;160;2.1;1.5;0;0;0;1;0;0;0;2100;1850
2022-01;Macabo-Taro;"Tubercules, Racines et Plantains";Littoral;Littoral;Forêt monomodale;0.5;0.866;21500;3450000;35.0;26.5;28.0;310;600;4;35;2.1;1.5;0;0;0;0;0;0;0;630;570
2022-01;Igname;"Tubercules, Racines et Plantains";Adamaoua;Centre;Savane guinéenne;0.5;0.866;24500;3360000;0.0;24.0;25.0;340;600;4;85;2.1;1.5;0;0;0;0;0;0;0;780;710
2022-01;Pomme de terre;"Tubercules, Racines et Plantains";Ouest;Littoral;Hauts Plateaux;0.5;0.866;18500;3450000;10.5;23.0;22.0;355;600;4;60;2.1;1.5;0;0;0;0;0;0;0;800;730
2022-01;Patate douce;"Tubercules, Racines et Plantains";Ouest;Centre;Hauts Plateaux;0.5;0.866;9400;3360000;10.5;23.0;23.0;300;600;4;55;2.1;1.5;0;0;0;0;0;0;0;540;490
2022-01;Tomate;Maraîchers;Ouest;Centre;Hauts Plateaux;0.5;0.866;15500;3360000;10.5;23.0;22.0;375;600;4;60;2.1;1.5;0;0;0;0;0;0;0;1400;1150
2022-01;Oignon;Maraîchers;Extrême-Nord;Centre;Soudano-sahélienne;0.5;0.866;25500;3360000;0.0;30.5;25.0;345;600;4;150;2.1;1.5;0;0;0;1;0;0;0;870;790
2022-01;Gombo;Maraîchers;Centre;Centre;Forêt bimodale;0.5;0.866;5400;3360000;15.0;25.0;42.0;325;600;4;25;2.1;1.5;0;0;0;0;0;0;0;805;735
2022-01;Piment;Maraîchers;Extrême-Nord;Littoral;Soudano-sahélienne;0.5;0.866;4200;3450000;0.0;30.5;30.0;405;600;4;160;2.1;1.5;0;0;0;1;0;0;0;1250;1120
2022-01;Poivron;Maraîchers;Extrême-Nord;Centre;Soudano-sahélienne;0.5;0.866;3500;3360000;0.0;30.5;35.0;395;600;4;150;2.1;1.5;0;0;0;1;0;0;0;1320;1190
2022-01;Ail;Maraîchers;Extrême-Nord;Centre;Soudano-sahélienne;0.5;0.866;1550;3360000;0.0;30.5;18.0;425;600;4;140;2.1;1.5;0;0;0;1;0;0;0;2750;2550
2022-01;Basilic;Maraîchers;Centre;Centre;Forêt bimodale;0.5;0.866;1150;3360000;15.0;25.0;52.0;310;600;4;25;2.1;1.5;0;0;0;0;0;0;0;820;750
2022-01;Légumes feuilles;Maraîchers;Centre;Centre;Forêt bimodale;0.5;0.866;7900;3360000;15.0;25.0;48.0;295;600;4;25;2.1;1.5;0;0;0;0;0;0;0;665;610
2022-01;Choux;Maraîchers;Ouest;Littoral;Hauts Plateaux;0.5;0.866;5200;3450000;10.5;23.0;30.0;335;600;4;55;2.1;1.5;0;0;0;0;0;0;0;800;730
2022-01;Pastèque;Maraîchers;Extrême-Nord;Centre;Soudano-sahélienne;0.5;0.866;3200;3360000;0.0;30.5;20.0;325;600;4;150;2.1;1.5;0;0;0;1;0;0;0;455;420
2022-01;Arachide;Oléagineux et Légumineuses;Nord;Centre;Soudano-sahélienne;0.5;0.866;59000;3360000;0.0;29.0;10.0;405;600;4;110;2.1;1.5;0;0;0;1;0;0;0;870;800
2022-01;Soja;Oléagineux et Légumineuses;Adamaoua;Centre;Savane guinéenne;0.5;0.866;9900;3360000;0.0;24.0;10.0;390;600;4;95;2.1;1.5;0;0;0;0;0;0;0;845;775
2022-01;Niébé;Oléagineux et Légumineuses;Extrême-Nord;Extrême-Nord;Soudano-sahélienne;0.5;0.866;42000;4700000;0.0;30.5;12.0;410;600;4;40;2.1;1.5;0;0;0;1;0;0;0;855;790
2022-01;Haricot sec;Oléagineux et Légumineuses;Ouest;Littoral;Hauts Plateaux;0.5;0.866;39000;3450000;10.5;23.0;8.0;340;600;4;55;2.1;1.5;0;0;0;0;0;0;0;850;780
2022-01;Huile de palme;Oléagineux et Légumineuses;Littoral;Centre;Forêt monomodale;0.5;0.866;62000;3360000;25.0;27.0;5.0;465;600;4;45;2.1;1.5;0;0;0;0;0;0;0;1255;1160
2022-01;Ananas;Fruits;Littoral;Centre;Forêt monomodale;0.5;0.866;9900;3360000;25.0;27.0;18.0;340;600;4;55;2.1;1.5;0;0;0;0;0;0;0;700;640
2022-01;Papaye;Fruits;Centre;Centre;Forêt bimodale;0.5;0.866;4200;3360000;15.0;25.0;35.0;310;600;4;25;2.1;1.5;0;0;0;0;0;0;0;670;615
2022-01;Mangue;Fruits;Nord;Centre;Soudano-sahélienne;0.5;0.866;7900;3360000;0.0;29.0;40.0;290;600;4;135;2.1;1.5;0;0;0;1;0;0;0;85;95
2022-01;Avocat;Fruits;Ouest;Littoral;Hauts Plateaux;0.5;0.866;15500;3450000;10.5;23.0;25.0;300;600;4;55;2.1;1.5;0;0;0;0;0;0;0;655;590
2022-01;Safou;Fruits;Littoral;Centre;Forêt monomodale;0.5;0.866;5200;3360000;25.0;27.0;40.0;310;600;4;55;2.1;1.5;0;0;0;0;0;0;0;845;770
2022-01;Citron;Fruits;Centre;Centre;Forêt bimodale;0.5;0.866;3200;3360000;15.0;25.0;20.0;305;600;4;25;2.1;1.5;0;0;0;0;0;0;0;730;660
2022-01;Orange;Fruits;Centre;Centre;Forêt bimodale;0.5;0.866;5200;3360000;15.0;25.0;20.0;315;600;4;25;2.1;1.5;0;0;0;0;0;0;0;705;640
2022-01;Banane douce;Fruits;Sud-Ouest;Littoral;Forêt monomodale;0.5;0.866;21500;3450000;35.0;26.5;30.0;340;600;3;145;2.1;1.5;0;0;0;1;0;0;0;2020;1820
2022-01;Cacao;Cultures de Rente et Stimulants;Centre;Littoral;Forêt bimodale;0.5;0.866;245000;3450000;15.0;25.0;6.0;635;600;4;40;2.1;1.5;0;0;0;0;0;0;0;1920;1880
2022-01;Café;Cultures de Rente et Stimulants;Ouest;Littoral;Hauts Plateaux;0.5;0.866;106000;3450000;10.5;23.0;5.0;585;600;4;55;2.1;1.5;0;0;0;0;0;0;0;2120;2050
2022-02;Maïs;Céréales;Ouest;Centre;Hauts Plateaux;0.866;0.5;61000;3360000;15.5;24.0;8.5;315;600;4;45;2.1;1.6;0;0;0;0;0;0;0;290;285
2022-02;Riz;Céréales;Extrême-Nord;Centre;Soudano-sahélienne;0.866;0.5;29000;3360000;0.0;31.5;5.0;325;600;4;90;2.1;1.6;0;0;0;1;0;0;0;790;770
2022-02;Mil-Sorgho;Céréales;Nord;Extrême-Nord;Soudano-sahélienne;0.866;0.5;60000;4700000;0.0;33.0;12.0;305;600;4;35;2.1;1.6;0;0;0;1;0;0;0;410;400
2022-02;Blé;Céréales;Littoral(Import);Centre;Forêt monomodale;0.866;0.5;0;3360000;30.0;28.0;2.0;0;600;4;30;2.1;1.6;1;0;0;0;0;0;0;820;810
2022-02;Manioc;"Tubercules, Racines et Plantains";Centre;Centre;Forêt bimodale;0.866;0.5;127000;3360000;20.0;26.0;30.5;295;600;4;25;2.1;1.6;0;0;0;0;0;0;0;465;450
2022-02;Plantain;"Tubercules, Racines et Plantains";Sud-Ouest;Littoral;Forêt monomodale;0.866;0.5;40000;3450000;40.0;27.5;25.0;330;600;3;160;2.1;1.6;0;0;0;1;0;0;0;1850;1750
2022-02;Macabo-Taro;"Tubercules, Racines et Plantains";Littoral;Littoral;Forêt monomodale;0.866;0.5;21500;3450000;40.0;27.5;28.0;315;600;4;35;2.1;1.6;0;0;0;0;0;0;0;570;550
2022-02;Igname;"Tubercules, Racines et Plantains";Adamaoua;Centre;Savane guinéenne;0.866;0.5;24500;3360000;0.0;25.0;25.0;345;600;4;85;2.1;1.6;0;0;0;0;0;0;0;710;680
2022-02;Pomme de terre;"Tubercules, Racines et Plantains";Ouest;Littoral;Hauts Plateaux;0.866;0.5;18500;3450000;15.5;24.0;21.0;360;600;4;60;2.1;1.6;0;0;0;0;0;0;0;730;700
2022-02;Patate douce;"Tubercules, Racines et Plantains";Ouest;Centre;Hauts Plateaux;0.866;0.5;9400;3360000;15.5;24.0;23.0;305;600;4;55;2.1;1.6;0;0;0;0;0;0;0;490;475
2022-02;Tomate;Maraîchers;Ouest;Centre;Hauts Plateaux;0.866;0.5;15500;3360000;15.5;24.0;25.5;380;600;4;60;2.1;1.6;0;0;0;0;0;0;0;1150;1050
2022-02;Oignon;Maraîchers;Extrême-Nord;Centre;Soudano-sahélienne;0.866;0.5;25500;3360000;0.0;31.5;25.0;350;600;4;150;2.1;1.6;0;0;0;1;0;0;0;790;760
2022-02;Gombo;Maraîchers;Centre;Centre;Forêt bimodale;0.866;0.5;5400;3360000;20.0;26.0;42.0;330;600;4;25;2.1;1.6;0;0;0;0;0;0;0;735;710
2022-02;Piment;Maraîchers;Extrême-Nord;Littoral;Soudano-sahélienne;0.866;0.5;4200;3450000;0.0;31.5;30.0;410;600;4;160;2.1;1.6;0;0;0;1;0;0;0;1120;1080
2022-02;Poivron;Maraîchers;Extrême-Nord;Centre;Soudano-sahélienne;0.866;0.5;3500;3360000;0.0;31.5;35.0;400;600;4;150;2.1;1.6;0;0;0;1;0;0;0;1190;1140
2022-02;Ail;Maraîchers;Extrême-Nord;Centre;Soudano-sahélienne;0.866;0.5;1550;3360000;0.0;31.5;18.0;430;600;4;140;2.1;1.6;0;0;0;1;0;0;0;2550;2480
2022-02;Basilic;Maraîchers;Centre;Centre;Forêt bimodale;0.866;0.5;1150;3360000;20.0;26.0;52.0;315;600;4;25;2.1;1.6;0;0;0;0;0;0;0;750;725
2022-02;Légumes feuilles;Maraîchers;Centre;Centre;Forêt bimodale;0.866;0.5;7900;3360000;20.0;26.0;48.0;300;600;4;25;2.1;1.6;0;0;0;0;0;0;0;610;585
2022-02;Choux;Maraîchers;Ouest;Littoral;Hauts Plateaux;0.866;0.5;5200;3450000;15.5;24.0;30.0;340;600;4;55;2.1;1.6;0;0;0;0;0;0;0;730;695
2022-02;Pastèque;Maraîchers;Extrême-Nord;Centre;Soudano-sahélienne;0.866;0.5;3200;3360000;0.0;31.5;20.0;330;600;4;150;2.1;1.6;0;0;0;1;0;0;0;420;400
2022-02;Arachide;Oléagineux et Légumineuses;Nord;Centre;Soudano-sahélienne;0.866;0.5;59000;3360000;0.0;33.0;10.0;410;600;4;110;2.1;1.6;0;0;0;1;0;0;0;800;775
2022-02;Soja;Oléagineux et Légumineuses;Adamaoua;Centre;Savane guinéenne;0.866;0.5;9900;3360000;0.0;25.0;10.0;395;600;4;95;2.1;1.6;0;0;0;0;0;0;0;775;750
2022-02;Niébé;Oléagineux et Légumineuses;Extrême-Nord;Extrême-Nord;Soudano-sahélienne;0.866;0.5;42000;4700000;0.0;31.5;12.0;415;600;4;40;2.1;1.6;0;0;0;1;0;0;0;790;760
2022-02;Haricot sec;Oléagineux et Légumineuses;Ouest;Littoral;Hauts Plateaux;0.866;0.5;39000;3450000;15.5;24.0;8.0;345;600;4;55;2.1;1.6;0;0;0;0;0;0;0;780;750
2022-02;Huile de palme;Oléagineux et Légumineuses;Littoral;Centre;Forêt monomodale;0.866;0.5;62000;3360000;30.0;28.0;5.0;470;600;4;45;2.1;1.6;0;0;0;0;0;0;0;1160;1100
2022-02;Ananas;Fruits;Littoral;Centre;Forêt monomodale;0.866;0.5;9900;3360000;30.0;28.0;16.5;345;600;4;55;2.1;1.6;0;0;0;0;0;0;0;640;610
2022-02;Papaye;Fruits;Centre;Centre;Forêt bimodale;0.866;0.5;4200;3360000;20.0;26.0;36.0;315;600;4;25;2.1;1.6;0;0;0;0;0;0;0;615;590
2022-02;Mangue;Fruits;Nord;Centre;Soudano-sahélienne;0.866;0.5;7900;3360000;0.0;33.0;40.0;295;600;4;135;2.1;1.6;0;0;0;1;0;0;0;95;110
2022-02;Avocat;Fruits;Ouest;Littoral;Hauts Plateaux;0.866;0.5;15500;3450000;15.5;24.0;25.0;305;600;4;55;2.1;1.6;0;0;0;0;0;0;0;590;550
2022-02;Safou;Fruits;Littoral;Centre;Forêt monomodale;0.866;0.5;5200;3360000;30.0;28.0;41.0;315;600;4;55;2.1;1.6;0;0;0;0;0;0;0;770;720
2022-02;Citron;Fruits;Centre;Centre;Forêt bimodale;0.866;0.5;3200;3360000;20.0;26.0;21.0;310;600;4;25;2.1;1.6;0;0;0;0;0;0;0;660;630
2022-02;Orange;Fruits;Centre;Centre;Forêt bimodale;0.866;0.5;5200;3360000;20.0;26.0;21.0;320;600;4;25;2.1;1.6;0;0;0;0;0;0;0;640;610
2022-02;Banane douce;Fruits;Sud-Ouest;Littoral;Forêt monomodale;0.866;0.5;21500;3450000;40.0;27.5;30.0;345;600;3;145;2.1;1.6;0;0;0;1;0;0;0;1820;1740
2022-02;Cacao;Cultures de Rente et Stimulants;Centre;Littoral;Forêt bimodale;0.866;0.5;245000;3450000;20.0;26.0;6.0;640;600;4;40;2.1;1.6;0;0;0;0;0;0;0;1880;1850
2022-02;Café;Cultures de Rente et Stimulants;Ouest;Littoral;Hauts Plateaux;0.866;0.5;106000;3450000;15.5;24.0;5.0;590;600;4;55;2.1;1.6;0;0;0;0;0;0;0;2050;1990
2022-03;Maïs;Céréales;Ouest;Centre;Hauts Plateaux;1.0;0.0;61000;3360000;55.0;24.0;10.5;820;600;3;50;2.1;4.5;0;0;0;0;0;0;1;285;330
2022-03;Riz;Céréales;Extrême-Nord;Centre;Soudano-sahélienne;1.0;0.0;29000;3360000;0.0;33.5;5.0;850;600;3;90;2.1;4.5;0;0;0;1;0;0;1;770;850
2022-03;Mil-Sorgho;Céréales;Nord;Extrême-Nord;Soudano-sahélienne;1.0;0.0;60000;4700000;0.0;35.0;12.5;780;600;3;40;2.1;4.5;0;0;0;1;0;0;1;400;450
2022-03;Blé;Céréales;Littoral(Import);Centre;Forêt monomodale;1.0;0.0;0;3360000;55.0;28.0;2.0;0;600;3;35;2.1;4.5;1;0;0;0;0;0;1;810;1050
2022-03;Manioc;"Tubercules, Racines et Plantains";Centre;Centre;Forêt bimodale;1.0;0.0;127000;3360000;45.0;27.0;32.5;750;600;3;28;2.1;4.5;0;0;0;0;0;0;1;450;510
2022-03;Plantain;"Tubercules, Racines et Plantains";Sud-Ouest;Littoral;Forêt monomodale;1.0;0.0;40000;3450000;65.0;28.5;26.0;880;600;2;165;2.1;4.5;0;0;0;1;0;0;1;1750;1920
2022-03;Macabo-Taro;"Tubercules, Racines et Plantains";Littoral;Littoral;Forêt monomodale;1.0;0.0;21500;3450000;65.0;28.5;29.5;820;600;3;35;2.1;4.5;0;0;0;0;0;0;1;550;620
2022-03;Igname;"Tubercules, Racines et Plantains";Adamaoua;Centre;Savane guinéenne;1.0;0.0;24500;3360000;10.0;26.0;26.5;920;600;3;85;2.1;4.5;0;0;0;0;0;0;1;680;770
2022-03;Pomme de terre;"Tubercules, Racines et Plantains";Ouest;Littoral;Hauts Plateaux;1.0;0.0;18500;3450000;55.0;24.0;23.0;960;600;3;60;2.1;4.5;0;0;0;0;0;0;1;700;820
2022-03;Patate douce;"Tubercules, Racines et Plantains";Ouest;Centre;Hauts Plateaux;1.0;0.0;9400;3360000;55.0;24.0;24.0;800;600;3;55;2.1;4.5;0;0;0;0;0;0;1;475;540
2022-03;Tomate;Maraîchers;Ouest;Centre;Hauts Plateaux;1.0;0.0;15500;3360000;55.0;24.0;28.5;1050;600;3;60;2.1;4.5;0;0;0;0;0;0;1;1050;1250
2022-03;Oignon;Maraîchers;Extrême-Nord;Centre;Soudano-sahélienne;1.0;0.0;25500;3360000;0.0;34.0;26.5;950;600;2;155;2.1;4.5;0;0;0;1;0;0;1;760;880
2022-03;Gombo;Maraîchers;Centre;Centre;Forêt bimodale;1.0;0.0;5400;3360000;45.0;27.0;44.0;880;600;3;28;2.1;4.5;0;0;0;0;0;0;1;710;810
2022-03;Piment;Maraîchers;Extrême-Nord;Littoral;Soudano-sahélienne;1.0;0.0;4200;3450000;0.0;34.0;32.5;1100;600;2;165;2.1;4.5;0;0;0;1;0;0;1;1080;1220
2022-03;Poivron;Maraîchers;Extrême-Nord;Centre;Soudano-sahélienne;1.0;0.0;3500;3360000;0.0;34.0;37.5;1080;600;2;155;2.1;4.5;0;0;0;1;0;0;1;1140;1300
2022-03;Ail;Maraîchers;Extrême-Nord;Centre;Soudano-sahélienne;1.0;0.0;1550;3360000;0.0;34.0;18.5;1150;600;2;145;2.1;4.5;0;0;0;1;0;0;1;2480;2700
2022-03;Basilic;Maraîchers;Centre;Centre;Forêt bimodale;1.0;0.0;1150;3360000;45.0;27.0;57.0;840;600;3;28;2.1;4.5;0;0;0;0;0;0;1;725;830
2022-03;Légumes feuilles;Maraîchers;Centre;Centre;Forêt bimodale;1.0;0.0;7900;3360000;45.0;27.0;50.0;800;600;3;28;2.1;4.5;0;0;0;0;0;0;1;585;670
2022-03;Choux;Maraîchers;Ouest;Littoral;Hauts Plateaux;1.0;0.0;5200;3450000;55.0;24.0;34.0;920;600;3;55;2.1;4.5;0;0;0;0;0;0;1;695;790
2022-03;Pastèque;Maraîchers;Extrême-Nord;Centre;Soudano-sahélienne;1.0;0.0;3200;3360000;0.0;34.0;22.5;890;600;2;155;2.1;4.5;0;0;0;1;0;0;1;400;460
2022-03;Arachide;Oléagineux et Légumineuses;Nord;Centre;Soudano-sahélienne;1.0;0.0;59000;3360000;0.0;34.5;11.5;1050;600;2;115;2.1;4.5;0;0;0;1;0;0;1;775;880
2022-03;Soja;Oléagineux et Légumineuses;Adamaoua;Centre;Savane guinéenne;1.0;0.0;9900;3360000;10.0;26.0;11.0;1020;600;3;100;2.1;4.5;0;0;0;0;0;0;1;750;860
2022-03;Niébé;Oléagineux et Légumineuses;Extrême-Nord;Extrême-Nord;Soudano-sahélienne;1.0;0.0;42000;4700000;0.0;34.0;13.0;1080;600;3;45;2.1;4.5;0;0;0;1;0;0;1;760;870
2022-03;Haricot sec;Oléagineux et Légumineuses;Ouest;Littoral;Hauts Plateaux;1.0;0.0;39000;3450000;55.0;24.0;9.5;950;600;3;55;2.1;4.5;0;0;0;0;0;0;1;750;850
2022-03;Huile de palme;Oléagineux et Légumineuses;Littoral;Centre;Forêt monomodale;1.0;0.0;62000;3360000;65.0;28.5;6.5;1250;600;3;45;2.1;4.5;0;0;0;0;0;0;1;1100;1250
2022-03;Ananas;Fruits;Littoral;Centre;Forêt monomodale;1.0;0.0;9900;3360000;65.0;28.5;18.0;920;600;3;55;2.1;4.5;0;0;0;0;0;0;1;610;700
2022-03;Papaye;Fruits;Centre;Centre;Forêt bimodale;1.0;0.0;4200;3360000;45.0;27.0;38.0;830;600;3;28;2.1;4.5;0;0;0;0;0;0;1;590;680
2022-03;Mangue;Fruits;Nord;Centre;Soudano-sahélienne;1.0;0.0;7900;3360000;0.0;34.5;43.0;780;600;2;140;2.1;4.5;0;0;0;1;0;0;1;110;130
2022-03;Avocat;Fruits;Ouest;Littoral;Hauts Plateaux;1.0;0.0;15500;3450000;55.0;24.0;28.0;810;600;3;55;2.1;4.5;0;0;0;0;0;0;1;550;630
2022-03;Safou;Fruits;Littoral;Centre;Forêt monomodale;1.0;0.0;5200;3360000;65.0;28.5;43.0;840;600;3;55;2.1;4.5;0;0;0;0;0;0;1;720;820
2022-03;Citron;Fruits;Centre;Centre;Forêt bimodale;1.0;0.0;3200;3360000;45.0;27.0;23.0;820;600;3;28;2.1;4.5;0;0;0;0;0;0;1;630;720
2022-03;Orange;Fruits;Centre;Centre;Forêt bimodale;1.0;0.0;5200;3360000;45.0;27.0;23.0;850;600;3;28;2.1;4.5;0;0;0;0;0;0;1;610;700
2022-03;Banane douce;Fruits;Sud-Ouest;Littoral;Forêt monomodale;1.0;0.0;21500;3450000;65.0;28.5;32.0;920;600;2;150;2.1;4.5;0;0;0;1;0;0;1;1740;1950
2022-03;Cacao;Cultures de Rente et Stimulants;Centre;Littoral;Forêt bimodale;1.0;0.0;245000;3450000;45.0;27.0;6.5;1350;600;3;40;2.1;4.5;0;0;0;0;0;0;1;1850;2150
2022-03;Café;Cultures de Rente et Stimulants;Ouest;Littoral;Hauts Plateaux;1.0;0.0;106000;3450000;55.0;24.0;5.5;1250;600;3;50;2.1;4.5;0;0;0;0;0;0;1;1990;2300
2022-04;Maïs;Céréales;Ouest;Centre;Hauts Plateaux;0.866;-0.5;61000;3360000;110.0;23.5;11.5;820;600;2;60;2.1;5.2;0;0;0;0;0;0;1;330;370
2022-04;Riz;Céréales;Extrême-Nord;Centre;Soudano-sahélienne;0.866;-0.5;29000;3360000;10.0;35.0;5.5;850;600;2;100;2.1;5.2;0;0;0;1;0;0;1;850;960
2022-04;Mil-Sorgho;Céréales;Nord;Extrême-Nord;Soudano-sahélienne;0.866;-0.5;60000;4700000;10.0;36.0;13.0;780;600;2;50;2.1;5.2;0;0;0;1;0;0;1;450;510
2022-04;Blé;Céréales;Littoral(Import);Centre;Forêt monomodale;0.866;-0.5;0;3360000;130.0;27.0;2.5;0;600;2;40;2.1;5.2;1;0;0;0;0;0;1;1050;1180
2022-04;Manioc;"Tubercules, Racines et Plantains";Centre;Centre;Forêt bimodale;0.866;-0.5;127000;3360000;130.0;26.0;35.5;750;600;2;30;2.1;5.2;0;0;0;0;0;0;1;510;570
2022-04;Plantain;"Tubercules, Racines et Plantains";Sud-Ouest;Littoral;Forêt monomodale;0.866;-0.5;40000;3450000;160.0;27.5;28.5;880;600;1;180;2.1;5.2;0;0;0;1;0;0;1;1920;2150
2022-04;Macabo-Taro;"Tubercules, Racines et Plantains";Littoral;Littoral;Forêt monomodale;0.866;-0.5;21500;3450000;160.0;27.5;32.0;820;600;2;45;2.1;5.2;0;0;0;0;0;0;1;620;690
2022-04;Igname;"Tubercules, Racines et Plantains";Adamaoua;Centre;Savane guinéenne;0.866;-0.5;24500;3360000;45.0;25.0;28.5;920;600;2;100;2.1;5.2;0;0;0;0;0;0;1;770;860
2022-04;Pomme de terre;"Tubercules, Racines et Plantains";Ouest;Littoral;Hauts Plateaux;0.866;-0.5;18500;3450000;110.0;23.5;26.0;960;600;2;70;2.1;5.2;0;0;0;0;0;0;1;820;930
2022-04;Patate douce;"Tubercules, Racines et Plantains";Ouest;Centre;Hauts Plateaux;0.866;-0.5;9400;3360000;110.0;23.5;27.0;800;600;2;65;2.1;5.2;0;0;0;0;0;0;1;540;610
2022-04;Tomate;Maraîchers;Ouest;Centre;Hauts Plateaux;0.866;-0.5;15500;3360000;110.0;23.5;32.0;1050;600;2;70;2.1;5.2;0;0;0;0;0;0;1;1250;1550
2022-04;Oignon;Maraîchers;Extrême-Nord;Centre;Soudano-sahélienne;0.866;-0.5;25500;3360000;10.0;35.0;28.5;950;600;2;170;2.1;5.2;0;0;0;1;0;0;1;880;990
2022-04;Gombo;Maraîchers;Centre;Centre;Forêt bimodale;0.866;-0.5;5400;3360000;130.0;26.0;48.0;880;600;2;30;2.1;5.2;0;0;0;0;0;0;1;810;910
2022-04;Piment;Maraîchers;Extrême-Nord;Littoral;Soudano-sahélienne;0.866;-0.5;4200;3450000;10.0;35.0;35.0;1100;600;2;180;2.1;5.2;0;0;0;1;0;0;1;1220;1400
2022-04;Poivron;Maraîchers;Extrême-Nord;Centre;Soudano-sahélienne;0.866;-0.5;3500;3360000;10.0;35.0;40.0;1080;600;2;170;2.1;5.2;0;0;0;1;0;0;1;1300;1480
2022-04;Ail;Maraîchers;Extrême-Nord;Centre;Soudano-sahélienne;0.866;-0.5;1550;3360000;10.0;35.0;20.5;1150;600;2;160;2.1;5.2;0;0;0;1;0;0;1;2700;3100
2022-04;Basilic;Maraîchers;Centre;Centre;Forêt bimodale;0.866;-0.5;1150;3360000;130.0;26.0;60.0;840;600;2;30;2.1;5.2;0;0;0;0;0;0;1;830;940
2022-04;Légumes feuilles;Maraîchers;Centre;Centre;Forêt bimodale;0.866;-0.5;7900;3360000;130.0;26.0;53.0;800;600;2;30;2.1;5.2;0;0;0;0;0;0;1;670;760
2022-04;Choux;Maraîchers;Ouest;Littoral;Hauts Plateaux;0.866;-0.5;5200;3450000;110.0;23.5;37.0;920;600;2;65;2.1;5.2;0;0;0;0;0;0;1;790;890
2022-04;Pastèque;Maraîchers;Extrême-Nord;Centre;Soudano-sahélienne;0.866;-0.5;3200;3360000;10.0;35.0;24.5;890;600;2;170;2.1;5.2;0;0;0;1;0;0;1;460;520
2022-04;Arachide;Oléagineux et Légumineuses;Nord;Centre;Soudano-sahélienne;0.866;-0.5;59000;3360000;10.0;35.5;12.5;1050;600;2;130;2.1;5.2;0;0;0;1;0;0;1;880;990
2022-04;Soja;Oléagineux et Légumineuses;Adamaoua;Centre;Savane guinéenne;0.866;-0.5;9900;3360000;45.0;25.0;12.0;1020;600;2;115;2.1;5.2;0;0;0;0;0;0;1;860;960
2022-04;Niébé;Oléagineux et Légumineuses;Extrême-Nord;Extrême-Nord;Soudano-sahélienne;0.866;-0.5;42000;4700000;10.0;35.0;14.0;1080;600;2;55;2.1;5.2;0;0;0;1;0;0;1;870;980
2022-04;Haricot sec;Oléagineux et Légumineuses;Ouest;Littoral;Hauts Plateaux;0.866;-0.5;39000;3450000;110.0;23.5;11.0;950;600;2;65;2.1;5.2;0;0;0;0;0;0;1;850;960
2022-04;Huile de palme;Oléagineux et Légumineuses;Littoral;Centre;Forêt monomodale;0.866;-0.5;62000;3360000;160.0;27.5;7.5;1250;600;2;55;2.1;5.2;0;0;0;0;0;0;1;1250;1420
2022-04;Ananas;Fruits;Littoral;Centre;Forêt monomodale;0.866;-0.5;9900;3360000;160.0;27.5;20.5;920;600;2;65;2.1;5.2;0;0;0;0;0;0;1;700;800
2022-04;Papaye;Fruits;Centre;Centre;Forêt bimodale;0.866;-0.5;4200;3360000;130.0;26.0;41.0;830;600;2;30;2.1;5.2;0;0;0;0;0;0;1;680;770
2022-04;Mangue;Fruits;Nord;Centre;Soudano-sahélienne;0.866;-0.5;7900;3360000;10.0;35.5;44.0;780;600;2;155;2.1;5.2;0;0;0;1;0;0;1;130;150
2022-04;Avocat;Fruits;Ouest;Littoral;Hauts Plateaux;0.866;-0.5;15500;3450000;110.0;23.5;31.0;810;600;2;65;2.1;5.2;0;0;0;0;0;0;1;630;710
2022-04;Safou;Fruits;Littoral;Centre;Forêt monomodale;0.866;-0.5;5200;3360000;160.0;27.5;46.0;840;600;2;65;2.1;5.2;0;0;0;0;0;0;1;820;930
2022-04;Citron;Fruits;Centre;Centre;Forêt bimodale;0.866;-0.5;3200;3360000;130.0;26.0;25.0;820;600;2;30;2.1;5.2;0;0;0;0;0;0;1;720;810
2022-04;Orange;Fruits;Centre;Centre;Forêt bimodale;0.866;-0.5;5200;3360000;130.0;26.0;25.0;850;600;2;30;2.1;5.2;0;0;0;0;0;0;1;700;790
2022-04;Banane douce;Fruits;Sud-Ouest;Littoral;Forêt monomodale;0.866;-0.5;21500;3450000;160.0;27.5;34.5;920;600;1;165;2.1;5.2;0;0;0;1;0;0;1;1950;2180
2022-04;Cacao;Cultures de Rente et Stimulants;Centre;Littoral;Forêt bimodale;0.866;-0.5;245000;3450000;130.0;26.0;7.5;1350;600;2;50;2.1;5.2;0;0;0;0;0;0;1;2150;2420
2022-04;Café;Cultures de Rente et Stimulants;Ouest;Littoral;Hauts Plateaux;0.866;-0.5;106000;3450000;110.0;23.5;6.5;1250;600;2;65;2.1;5.2;0;0;0;0;0;0;1;2300;2580
2022-05;Maïs;Céréales;Ouest;Centre;Hauts Plateaux;0.5;-0.866;61000;3360000;160.0;23.0;13.5;820;600;1;75;2.1;5.5;0;0;0;0;0;0;1;370;415
2022-05;Riz;Céréales;Extrême-Nord;Centre;Soudano-sahélienne;0.5;-0.866;29000;3360000;35.0;34.0;6.5;850;600;1;120;2.1;5.5;0;0;0;1;0;0;1;960;1080
2022-05;Mil-Sorgho;Céréales;Nord;Extrême-Nord;Soudano-sahélienne;0.5;-0.866;60000;4700000;35.0;34.0;14.0;780;600;1;65;2.1;5.5;0;0;0;1;0;0;1;510;580
2022-05;Blé;Céréales;Littoral(Import);Centre;Forêt monomodale;0.5;-0.866;0;3360000;190.0;26.0;3.5;0;600;1;60;2.1;5.5;1;0;0;0;0;0;1;1180;1320
2022-05;Manioc;"Tubercules, Racines et Plantains";Centre;Centre;Forêt bimodale;0.5;-0.866;127000;3360000;190.0;25.0;38.5;750;600;1;48;2.1;5.5;0;0;0;0;0;0;1;570;650
2022-05;Plantain;"Tubercules, Racines et Plantains";Sud-Ouest;Littoral;Forêt monomodale;0.5;-0.866;40000;3450000;230.0;26.5;32.5;880;600;1;195;2.1;5.5;0;0;0;1;0;0;1;2150;2400
2022-05;Macabo-Taro;"Tubercules, Racines et Plantains";Littoral;Littoral;Forêt monomodale;0.5;-0.866;21500;3450000;230.0;26.5;35.0;820;600;1;55;2.1;5.5;0;0;0;0;0;0;1;690;780
2022-05;Igname;"Tubercules, Racines et Plantains";Adamaoua;Centre;Savane guinéenne;0.5;-0.866;24500;3360000;90.0;24.0;31.5;920;600;1;120;2.1;5.5;0;0;0;0;0;0;1;860;960
2022-05;Pomme de terre;"Tubercules, Racines et Plantains";Ouest;Littoral;Hauts Plateaux;0.5;-0.866;18500;3450000;160.0;23.0;29.0;960;600;1;85;2.1;5.5;0;0;0;0;0;0;1;930;1050
2022-05;Patate douce;"Tubercules, Racines et Plantains";Ouest;Centre;Hauts Plateaux;0.5;-0.866;9400;3360000;160.0;23.0;30.0;800;600;1;80;2.1;5.5;0;0;0;0;0;0;1;610;690
2022-05;Tomate;Maraîchers;Ouest;Centre;Hauts Plateaux;0.5;-0.866;15500;3360000;160.0;23.0;35.0;1050;600;1;85;2.1;5.5;0;0;0;0;0;0;1;1550;1750
2022-05;Oignon;Maraîchers;Extrême-Nord;Centre;Soudano-sahélienne;0.5;-0.866;25500;3360000;35.0;34.0;31.5;950;600;1;190;2.1;5.5;0;0;0;1;0;0;1;990;1120
2022-05;Gombo;Maraîchers;Centre;Centre;Forêt bimodale;0.5;-0.866;5400;3360000;190.0;25.0;51.0;880;600;1;48;2.1;5.5;0;0;0;0;0;0;1;910;1020
2022-05;Piment;Maraîchers;Extrême-Nord;Littoral;Soudano-sahélienne;0.5;-0.866;4200;3450000;35.0;34.0;38.0;1100;600;1;200;2.1;5.5;0;0;0;1;0;0;1;1400;1580
2022-05;Poivron;Maraîchers;Extrême-Nord;Centre;Soudano-sahélienne;0.5;-0.866;3500;3360000;35.0;34.0;43.0;1080;600;1;190;2.1;5.5;0;0;0;1;0;0;1;1480;1660
2022-05;Ail;Maraîchers;Extrême-Nord;Centre;Soudano-sahélienne;0.5;-0.866;1550;3360000;35.0;34.0;23.5;1150;600;1;180;2.1;5.5;0;0;0;1;0;0;1;3100;3450
2022-05;Basilic;Maraîchers;Centre;Centre;Forêt bimodale;0.5;-0.866;1150;3360000;190.0;25.0;63.0;840;600;1;48;2.1;5.5;0;0;0;0;0;0;1;940;1050
2022-05;Légumes feuilles;Maraîchers;Centre;Centre;Forêt bimodale;0.5;-0.866;7900;3360000;190.0;25.0;56.0;800;600;1;48;2.1;5.5;0;0;0;0;0;0;1;760;850
2022-05;Choux;Maraîchers;Ouest;Littoral;Hauts Plateaux;0.5;-0.866;5200;3450000;160.0;23.0;40.0;920;600;1;80;2.1;5.5;0;0;0;0;0;0;1;890;1000
2022-05;Pastèque;Maraîchers;Extrême-Nord;Centre;Soudano-sahélienne;0.5;-0.866;3200;3360000;35.0;34.0;27.5;890;600;1;185;2.1;5.5;0;0;0;1;0;0;1;520;590
2022-05;Arachide;Oléagineux et Légumineuses;Nord;Centre;Soudano-sahélienne;0.5;-0.866;59000;3360000;35.0;32.5;14.5;1050;600;1;145;2.1;5.5;0;0;0;1;0;0;1;990;1100
2022-05;Soja;Oléagineux et Légumineuses;Adamaoua;Centre;Savane guinéenne;0.5;-0.866;9900;3360000;90.0;24.0;14.0;1020;600;1;125;2.1;5.5;0;0;0;0;0;0;1;960;1080
2022-05;Niébé;Oléagineux et Légumineuses;Extrême-Nord;Extrême-Nord;Soudano-sahélienne;0.5;-0.866;42000;4700000;35.0;34.0;16.0;1080;600;1;70;2.1;5.5;0;0;0;1;0;0;1;980;1100
2022-05;Haricot sec;Oléagineux et Légumineuses;Ouest;Littoral;Hauts Plateaux;0.5;-0.866;39000;3450000;160.0;23.0;13.5;950;600;1;80;2.1;5.5;0;0;0;0;0;0;1;960;1080
2022-05;Huile de palme;Oléagineux et Légumineuses;Littoral;Centre;Forêt monomodale;0.5;-0.866;62000;3360000;230.0;26.5;9.5;1250;600;1;75;2.1;5.5;0;0;0;0;0;0;1;1420;1600
2022-05;Ananas;Fruits;Littoral;Centre;Forêt monomodale;0.5;-0.866;9900;3360000;230.0;26.5;23.5;920;600;1;80;2.1;5.5;0;0;0;0;0;0;1;800;900
2022-05;Papaye;Fruits;Centre;Centre;Forêt bimodale;0.5;-0.866;4200;3360000;190.0;25.0;44.0;830;600;1;48;2.1;5.5;0;0;0;0;0;0;1;770;860
2022-05;Mangue;Fruits;Nord;Centre;Soudano-sahélienne;0.5;-0.866;7900;3360000;35.0;32.5;47.0;780;600;1;170;2.1;5.5;0;0;0;1;0;0;1;150;170
2022-05;Avocat;Fruits;Ouest;Littoral;Hauts Plateaux;0.5;-0.866;15500;3450000;160.0;23.0;34.0;810;600;1;80;2.1;5.5;0;0;0;0;0;0;1;710;800
2022-05;Safou;Fruits;Littoral;Centre;Forêt monomodale;0.5;-0.866;5200;3360000;230.0;26.5;49.0;840;600;1;80;2.1;5.5;0;0;0;0;0;0;1;930;1050
2022-05;Citron;Fruits;Centre;Centre;Forêt bimodale;0.5;-0.866;3200;3360000;190.0;25.0;28.0;820;600;1;48;2.1;5.5;0;0;0;0;0;0;1;810;920
2022-05;Orange;Fruits;Centre;Centre;Forêt bimodale;0.5;-0.866;5200;3360000;190.0;25.0;28.0;850;600;1;48;2.1;5.5;0;0;0;0;0;0;1;790;890
2022-05;Banane douce;Fruits;Sud-Ouest;Littoral;Forêt monomodale;0.5;-0.866;21500;3450000;230.0;26.5;37.5;920;600;1;185;2.1;5.5;0;0;0;1;0;0;1;2180;2450
2022-05;Cacao;Cultures de Rente et Stimulants;Centre;Littoral;Forêt bimodale;0.5;-0.866;245000;3450000;190.0;25.0;8.5;1350;600;1;65;2.1;5.5;0;0;0;0;0;0;1;2420;2700
2022-05;Café;Cultures de Rente et Stimulants;Ouest;Littoral;Hauts Plateaux;0.5;-0.866;106000;3450000;160.0;23.0;7.5;1250;600;1;85;2.1;5.5;0;0;0;0;0;0;1;2580;2880
2022-06;Maïs;Céréales;Ouest;Centre;Hauts Plateaux;0.0;-1.0;61000;3360000;210.0;22.0;15.5;820;600;1;80;2.1;6.0;0;0;0;0;0;0;1;415;460
2022-06;Riz;Céréales;Extrême-Nord;Centre;Soudano-sahélienne;0.0;-1.0;29000;3360000;65.0;32.0;7.5;850;600;1;125;2.1;6.0;0;0;0;1;0;0;1;1080;1190
2022-06;Mil-Sorgho;Céréales;Nord;Extrême-Nord;Soudano-sahélienne;0.0;-1.0;60000;4700000;65.0;32.0;15.0;780;600;1;70;2.1;6.0;0;0;0;1;0;0;1;580;640
2022-06;Blé;Céréales;Littoral(Import);Centre;Forêt monomodale;0.0;-1.0;0;3360000;260.0;25.0;4.5;0;600;1;65;2.1;6.0;1;0;0;0;0;0;1;1320;1480
2022-06;Manioc;"Tubercules, Racines et Plantains";Centre;Centre;Forêt bimodale;0.0;-1.0;127000;3360000;260.0;24.0;41.5;750;600;1;55;2.1;6.0;0;0;0;0;0;0;1;650;720
2022-06;Plantain;"Tubercules, Racines et Plantains";Sud-Ouest;Littoral;Forêt monomodale;0.0;-1.0;40000;3450000;310.0;25.5;35.5;880;600;1;205;2.1;6.0;0;0;0;1;0;0;1;2400;2650
2022-06;Macabo-Taro;"Tubercules, Racines et Plantains";Littoral;Littoral;Forêt monomodale;0.0;-1.0;21500;3450000;310.0;25.5;38.0;820;600;1;65;2.1;6.0;0;0;0;0;0;0;1;780;860
2022-06;Igname;"Tubercules, Racines et Plantains";Adamaoua;Centre;Savane guinéenne;0.0;-1.0;24500;3360000;130.0;23.0;34.5;920;600;1;125;2.1;6.0;0;0;0;0;0;0;1;960;1060
2022-06;Pomme de terre;"Tubercules, Racines et Plantains";Ouest;Littoral;Hauts Plateaux;0.0;-1.0;18500;3450000;210.0;22.0;32.0;960;600;1;95;2.1;6.0;0;0;0;0;0;0;1;1050;1180
2022-06;Patate douce;"Tubercules, Racines et Plantains";Ouest;Centre;Hauts Plateaux;0.0;-1.0;9400;3360000;210.0;22.0;33.0;800;600;1;85;2.1;6.0;0;0;0;0;0;0;1;690;780
2022-06;Tomate;Maraîchers;Ouest;Centre;Hauts Plateaux;0.0;-1.0;15500;3360000;210.0;22.0;38.0;1050;600;1;95;2.1;6.0;0;0;0;0;0;0;1;1750;1950
2022-06;Oignon;Maraîchers;Extrême-Nord;Centre;Soudano-sahélienne;0.0;-1.0;25500;3360000;65.0;32.0;34.5;950;600;1;195;2.1;6.0;0;0;0;1;0;0;1;1120;1250
2022-06;Gombo;Maraîchers;Centre;Centre;Forêt bimodale;0.0;-1.0;5400;3360000;260.0;24.0;54.0;880;600;1;55;2.1;6.0;0;0;0;0;0;0;1;1020;1140
2022-06;Piment;Maraîchers;Extrême-Nord;Littoral;Soudano-sahélienne;0.0;-1.0;4200;3450000;65.0;32.0;41.0;1100;600;1;205;2.1;6.0;0;0;0;1;0;0;1;1580;1750
2022-06;Poivron;Maraîchers;Extrême-Nord;Centre;Soudano-sahélienne;0.0;-1.0;3500;3360000;65.0;32.0;46.0;1080;600;1;195;2.1;6.0;0;0;0;1;0;0;1;1660;1850
2022-06;Ail;Maraîchers;Extrême-Nord;Centre;Soudano-sahélienne;0.0;-1.0;1550;3360000;65.0;32.0;26.5;1150;600;1;185;2.1;6.0;0;0;0;1;0;0;1;3450;3800
2022-06;Basilic;Maraîchers;Centre;Centre;Forêt bimodale;0.0;-1.0;1150;3360000;260.0;24.0;66.0;840;600;1;55;2.1;6.0;0;0;0;0;0;0;1;1050;1180
2022-06;Légumes feuilles;Maraîchers;Centre;Centre;Forêt bimodale;0.0;-1.0;7900;3360000;260.0;24.0;59.0;800;600;1;55;2.1;6.0;0;0;0;0;0;0;1;850;950
2022-06;Choux;Maraîchers;Ouest;Littoral;Hauts Plateaux;0.0;-1.0;5200;3450000;210.0;22.0;43.0;920;600;1;85;2.1;6.0;0;0;0;0;0;0;1;1000;1120
2022-06;Pastèque;Maraîchers;Extrême-Nord;Centre;Soudano-sahélienne;0.0;-1.0;3200;3360000;65.0;32.0;30.5;890;600;1;195;2.1;6.0;0;0;0;1;0;0;1;590;650
2022-06;Arachide;Oléagineux et Légumineuses;Nord;Centre;Soudano-sahélienne;0.0;-1.0;59000;3360000;65.0;31.5;17.5;1050;600;1;155;2.1;6.0;0;0;0;1;0;0;1;1100;1250
2022-06;Soja;Oléagineux et Légumineuses;Adamaoua;Centre;Savane guinéenne;0.0;-1.0;9900;3360000;130.0;23.0;17.0;1020;600;1;135;2.1;6.0;0;0;0;0;0;0;1;1080;1220
2022-06;Niébé;Oléagineux et Légumineuses;Extrême-Nord;Extrême-Nord;Soudano-sahélienne;0.0;-1.0;42000;4700000;65.0;32.0;19.0;1080;600;1;80;2.1;6.0;0;0;0;1;0;0;1;1100;1250
2022-06;Haricot sec;Oléagineux et Légumineuses;Ouest;Littoral;Hauts Plateaux;0.0;-1.0;39000;3450000;210.0;22.0;16.5;950;600;1;85;2.1;6.0;0;0;0;0;0;0;1;1080;1220
2022-06;Huile de palme;Oléagineux et Légumineuses;Littoral;Centre;Forêt monomodale;0.0;-1.0;62000;3360000;310.0;25.5;11.5;1250;600;1;80;2.1;6.0;0;0;0;0;0;0;1;1600;1780
2022-06;Ananas;Fruits;Littoral;Centre;Forêt monomodale;0.0;-1.0;9900;3360000;310.0;25.5;26.5;920;600;1;85;2.1;6.0;0;0;0;0;0;0;1;900;1020
2022-06;Papaye;Fruits;Centre;Centre;Forêt bimodale;0.0;-1.0;4200;3360000;260.0;24.0;47.0;830;600;1;55;2.1;6.0;0;0;0;0;0;0;1;860;980
2022-06;Mangue;Fruits;Nord;Centre;Soudano-sahélienne;0.0;-1.0;7900;3360000;65.0;31.5;50.0;780;600;1;180;2.1;6.0;0;0;0;1;0;0;1;170;190
2022-06;Avocat;Fruits;Ouest;Littoral;Hauts Plateaux;0.0;-1.0;15500;3450000;210.0;22.0;37.0;810;600;1;85;2.1;6.0;0;0;0;0;0;0;1;800;910
2022-06;Safou;Fruits;Littoral;Centre;Forêt monomodale;0.0;-1.0;5200;3360000;310.0;25.5;52.0;840;600;1;85;2.1;6.0;0;0;0;0;0;0;1;1050;1180
2022-06;Citron;Fruits;Centre;Centre;Forêt bimodale;0.0;-1.0;3200;3360000;260.0;24.0;31.0;820;600;1;55;2.1;6.0;0;0;0;0;0;0;1;920;1040
2022-06;Orange;Fruits;Centre;Centre;Forêt bimodale;0.0;-1.0;5200;3360000;260.0;24.0;31.0;850;600;1;55;2.1;6.0;0;0;0;0;0;0;1;890;1010
2022-06;Banane douce;Fruits;Sud-Ouest;Littoral;Forêt monomodale;0.0;-1.0;21500;3450000;310.0;25.5;40.5;920;600;1;190;2.1;6.0;0;0;0;1;0;0;1;2450;2720
2022-06;Cacao;Cultures de Rente et Stimulants;Centre;Littoral;Forêt bimodale;0.0;-1.0;245000;3450000;260.0;24.0;9.5;1350;600;1;70;2.1;6.0;0;0;0;0;0;0;1;2700;2980
2022-06;Café;Cultures de Rente et Stimulants;Ouest;Littoral;Hauts Plateaux;0.0;-1.0;106000;3450000;210.0;22.0;8.5;1250;600;1;85;2.1;6.0;0;0;0;0;0;0;1;2880;3150
2022-07;Maïs;Céréales;Ouest;Centre;Hauts Plateaux;-0.5;-0.866;61000;3360000;260.0;21.5;16.5;840;600;1;85;2.1;6.5;0;0;0;0;0;0;1;460;510
2022-07;Riz;Céréales;Extrême-Nord;Centre;Soudano-sahélienne;-0.5;-0.866;29000;3360000;110.0;30.0;8.5;870;600;1;135;2.1;6.5;0;0;0;1;0;0;1;1190;1260
2022-07;Mil-Sorgho;Céréales;Nord;Extrême-Nord;Soudano-sahélienne;-0.5;-0.866;60000;4700000;110.0;30.0;16.0;800;600;1;80;2.1;6.5;0;0;0;1;0;0;1;640;700
2022-07;Blé;Céréales;Littoral(Import);Centre;Forêt monomodale;-0.5;-0.866;0;3360000;310.0;24.5;5.0;0;600;1;75;2.1;6.5;1;0;0;0;0;0;1;1480;1550
2022-07;Manioc;"Tubercules, Racines et Plantains";Centre;Centre;Forêt bimodale;-0.5;-0.866;127000;3360000;310.0;23.5;43.5;770;600;1;65;2.1;6.5;0;0;0;0;0;0;1;720;780
2022-07;Plantain;"Tubercules, Racines et Plantains";Sud-Ouest;Littoral;Forêt monomodale;-0.5;-0.866;40000;3450000;380.0;25.0;38.5;900;600;1;220;2.1;6.5;0;0;0;1;0;0;1;2650;2810
2022-07;Macabo-Taro;"Tubercules, Racines et Plantains";Littoral;Littoral;Forêt monomodale;-0.5;-0.866;21500;3450000;380.0;25.0;41.0;840;600;1;75;2.1;6.5;0;0;0;0;0;0;1;860;940
2022-07;Igname;"Tubercules, Racines et Plantains";Adamaoua;Centre;Savane guinéenne;-0.5;-0.866;24500;3360000;180.0;22.5;36.5;940;600;1;140;2.1;6.5;0;0;0;0;0;0;1;1060;1150
2022-07;Pomme de terre;"Tubercules, Racines et Plantains";Ouest;Littoral;Hauts Plateaux;-0.5;-0.866;18500;3450000;260.0;21.5;35.0;980;600;1;110;2.1;6.5;0;0;0;0;0;0;1;1180;1260
2022-07;Patate douce;"Tubercules, Racines et Plantains";Ouest;Centre;Hauts Plateaux;-0.5;-0.866;9400;3360000;260.0;21.5;35.0;820;600;1;95;2.1;6.5;0;0;0;0;0;0;1;780;850
2022-07;Tomate;Maraîchers;Ouest;Centre;Hauts Plateaux;-0.5;-0.866;15500;3360000;260.0;21.5;42.0;1080;600;1;110;2.1;6.5;0;0;0;0;0;0;1;1950;2150
2022-07;Oignon;Maraîchers;Extrême-Nord;Centre;Soudano-sahélienne;-0.5;-0.866;25500;3360000;110.0;30.0;36.5;970;600;1;215;2.1;6.5;0;0;0;1;0;0;1;1250;1360
2022-07;Gombo;Maraîchers;Centre;Centre;Forêt bimodale;-0.5;-0.866;5400;3360000;310.0;23.5;57.0;900;600;1;65;2.1;6.5;0;0;0;0;0;0;1;1140;1240
2022-07;Piment;Maraîchers;Extrême-Nord;Littoral;Soudano-sahélienne;-0.5;-0.866;4200;3450000;110.0;30.0;44.0;1120;600;1;225;2.1;6.5;0;0;0;1;0;0;1;1750;1890
2022-07;Poivron;Maraîchers;Extrême-Nord;Centre;Soudano-sahélienne;-0.5;-0.866;3500;3360000;110.0;30.0;49.0;1100;600;1;215;2.1;6.5;0;0;0;1;0;0;1;1850;1980
2022-07;Ail;Maraîchers;Extrême-Nord;Centre;Soudano-sahélienne;-0.5;-0.866;1550;3360000;110.0;30.0;28.5;1180;600;1;205;2.1;6.5;0;0;0;1;0;0;1;3800;4100
2022-07;Basilic;Maraîchers;Centre;Centre;Forêt bimodale;-0.5;-0.866;1150;3360000;310.0;23.5;69.0;860;600;1;65;2.1;6.5;0;0;0;0;0;0;1;1180;1290
2022-07;Légumes feuilles;Maraîchers;Centre;Centre;Forêt bimodale;-0.5;-0.866;7900;3360000;310.0;23.5;62.0;820;600;1;65;2.1;6.5;0;0;0;0;0;0;1;950;1040
2022-07;Choux;Maraîchers;Ouest;Littoral;Hauts Plateaux;-0.5;-0.866;5200;3450000;260.0;21.5;46.0;940;600;1;95;2.1;6.5;0;0;0;0;0;0;1;1120;1220
2022-07;Pastèque;Maraîchers;Extrême-Nord;Centre;Soudano-sahélienne;-0.5;-0.866;3200;3360000;110.0;30.0;33.5;910;600;1;215;2.1;6.5;0;0;0;1;0;0;1;650;720
2022-07;Arachide;Oléagineux et Légumineuses;Nord;Centre;Soudano-sahélienne;-0.5;-0.866;59000;3360000;110.0;29.5;19.5;1080;600;1;175;2.1;6.5;0;0;0;1;0;0;1;1250;1360
2022-07;Soja;Oléagineux et Légumineuses;Adamaoua;Centre;Savane guinéenne;-0.5;-0.866;9900;3360000;180.0;22.5;19.0;1040;600;1;150;2.1;6.5;0;0;0;0;0;0;1;1220;1320
2022-07;Niébé;Oléagineux et Légumineuses;Extrême-Nord;Extrême-Nord;Soudano-sahélienne;-0.5;-0.866;42000;4700000;110.0;30.0;21.0;1100;600;1;95;2.1;6.5;0;0;0;1;0;0;1;1250;1360
2022-07;Haricot sec;Oléagineux et Légumineuses;Ouest;Littoral;Hauts Plateaux;-0.5;-0.866;39000;3450000;260.0;21.5;18.5;970;600;1;100;2.1;6.5;0;0;0;0;0;0;1;1220;1340
2022-07;Huile de palme;Oléagineux et Légumineuses;Littoral;Centre;Forêt monomodale;-0.5;-0.866;62000;3360000;380.0;25.0;13.5;1280;600;1;95;2.1;6.5;0;0;0;0;0;0;1;1780;1920
2022-07;Ananas;Fruits;Littoral;Centre;Forêt monomodale;-0.5;-0.866;9900;3360000;380.0;25.0;29.5;940;600;1;100;2.1;6.5;0;0;0;0;0;0;1;1020;1100
2022-07;Papaye;Fruits;Centre;Centre;Forêt bimodale;-0.5;-0.866;4200;3360000;310.0;23.5;50.0;850;600;1;65;2.1;6.5;0;0;0;0;0;0;1;980;1050
2022-07;Mangue;Fruits;Nord;Centre;Soudano-sahélienne;-0.5;-0.866;7900;3360000;110.0;29.5;53.0;800;600;1;200;2.1;6.5;0;0;0;1;0;0;1;190;170
2022-07;Avocat;Fruits;Ouest;Littoral;Hauts Plateaux;-0.5;-0.866;15500;3450000;260.0;21.5;40.0;830;600;1;100;2.1;6.5;0;0;0;0;0;0;1;910;980
2022-07;Safou;Fruits;Littoral;Centre;Forêt monomodale;-0.5;-0.866;5200;3360000;380.0;25.0;55.0;860;600;1;100;2.1;6.5;0;0;0;0;0;0;1;1180;1260
2022-07;Citron;Fruits;Centre;Centre;Forêt bimodale;-0.5;-0.866;3200;3360000;310.0;23.5;34.0;840;600;1;65;2.1;6.5;0;0;0;0;0;0;1;1040;1120
2022-07;Orange;Fruits;Centre;Centre;Forêt bimodale;-0.5;-0.866;5200;3360000;310.0;23.5;34.0;870;600;1;65;2.1;6.5;0;0;0;0;0;0;1;1010;1100
2022-07;Banane douce;Fruits;Sud-Ouest;Littoral;Forêt monomodale;-0.5;-0.866;21500;3450000;380.0;25.0;43.5;940;600;1;205;2.1;6.5;0;0;0;1;0;0;1;2720;2950
2022-07;Cacao;Cultures de Rente et Stimulants;Centre;Littoral;Forêt bimodale;-0.5;-0.866;245000;3450000;310.0;23.5;10.5;1380;600;1;80;2.1;6.5;0;0;0;0;0;0;1;2980;3150
2022-07;Café;Cultures de Rente et Stimulants;Ouest;Littoral;Hauts Plateaux;-0.5;-0.866;106000;3450000;260.0;21.5;9.5;1280;600;1;100;2.1;6.5;0;0;0;0;0;0;1;3150;3320
2022-08;Maïs;Céréales;Ouest;Centre;Hauts Plateaux;-0.866;-0.5;61000;3360000;300.0;21.0;17.5;850;600;1;90;2.1;6.8;0;0;0;0;0;0;1;510;560
2022-08;Riz;Céréales;Extrême-Nord;Centre;Soudano-sahélienne;-0.866;-0.5;29000;3360000;260.0;29.0;15.5;880;600;1;150;2.1;6.8;0;0;0;1;0;0;1;1260;1380
2022-08;Mil-Sorgho;Céréales;Nord;Extrême-Nord;Soudano-sahélienne;-0.866;-0.5;60000;4700000;260.0;29.0;25.0;810;600;1;95;2.1;6.8;0;0;0;1;0;0;1;700;780
2022-08;Blé;Céréales;Littoral(Import);Centre;Forêt monomodale;-0.866;-0.5;0;3360000;400.0;24.0;5.5;0;600;1;85;2.1;6.8;1;0;0;0;0;0;1;1550;1640
2022-08;Manioc;"Tubercules, Racines et Plantains";Centre;Centre;Forêt bimodale;-0.866;-0.5;127000;3360000;380.0;23.0;45.5;780;600;1;75;2.1;6.8;0;0;0;0;0;0;1;780;850
2022-08;Plantain;"Tubercules, Racines et Plantains";Sud-Ouest;Littoral;Forêt monomodale;-0.866;-0.5;40000;3450000;450.0;24.5;40.5;920;600;1;235;2.1;6.8;0;0;0;1;0;0;1;2810;3050
2022-08;Macabo-Taro;"Tubercules, Racines et Plantains";Littoral;Littoral;Forêt monomodale;-0.866;-0.5;21500;3450000;450.0;24.5;43.0;860;600;1;85;2.1;6.8;0;0;0;0;0;0;1;940;1020
2022-08;Igname;"Tubercules, Racines et Plantains";Adamaoua;Centre;Savane guinéenne;-0.866;-0.5;24500;3360000;250.0;22.0;38.5;960;600;1;155;2.1;6.8;0;0;0;0;0;0;1;1150;1260
2022-08;Pomme de terre;"Tubercules, Racines et Plantains";Ouest;Littoral;Hauts Plateaux;-0.866;-0.5;18500;3450000;320.0;21.0;37.0;1000;600;1;125;2.1;6.8;0;0;0;0;0;0;1;1260;1380
2022-08;Patate douce;"Tubercules, Racines et Plantains";Ouest;Centre;Hauts Plateaux;-0.866;-0.5;9400;3360000;320.0;21.0;37.0;840;600;1;110;2.1;6.8;0;0;0;0;0;0;1;850;940
2022-08;Tomate;Maraîchers;Ouest;Centre;Hauts Plateaux;-0.866;-0.5;15500;3360000;320.0;21.0;45.0;1100;600;1;125;2.1;6.8;0;0;0;0;0;0;1;2150;2350
2022-08;Oignon;Maraîchers;Extrême-Nord;Centre;Soudano-sahélienne;-0.866;-0.5;25500;3360000;260.0;29.0;42.5;990;600;1;245;2.1;6.8;0;0;0;1;0;0;1;1360;1510
2022-08;Gombo;Maraîchers;Centre;Centre;Forêt bimodale;-0.866;-0.5;5400;3360000;380.0;23.0;59.0;920;600;1;75;2.1;6.8;0;0;0;0;0;0;1;1240;1360
2022-08;Piment;Maraîchers;Extrême-Nord;Littoral;Soudano-sahélienne;-0.866;-0.5;4200;3450000;260.0;29.0;48.0;1150;600;1;255;2.1;6.8;0;0;0;1;0;0;1;1890;2080
2022-08;Poivron;Maraîchers;Extrême-Nord;Centre;Soudano-sahélienne;-0.866;-0.5;3500;3360000;260.0;29.0;53.0;1130;600;1;245;2.1;6.8;0;0;0;1;0;0;1;1980;2180
2022-08;Ail;Maraîchers;Extrême-Nord;Centre;Soudano-sahélienne;-0.866;-0.5;1550;3360000;260.0;29.0;38.5;1210;600;1;235;2.1;6.8;0;0;0;1;0;0;1;4100;4500
2022-08;Basilic;Maraîchers;Centre;Centre;Forêt bimodale;-0.866;-0.5;1150;3360000;380.0;23.0;71.0;880;600;1;75;2.1;6.8;0;0;0;0;0;0;1;1290;1420
2022-08;Légumes feuilles;Maraîchers;Centre;Centre;Forêt bimodale;-0.866;-0.5;7900;3360000;380.0;23.0;64.0;840;600;1;75;2.1;6.8;0;0;0;0;0;0;1;1040;1150
2022-08;Choux;Maraîchers;Ouest;Littoral;Hauts Plateaux;-0.866;-0.5;5200;3450000;320.0;21.0;48.0;960;600;1;110;2.1;6.8;0;0;0;0;0;0;1;1220;1350
2022-08;Pastèque;Maraîchers;Extrême-Nord;Centre;Soudano-sahélienne;-0.866;-0.5;3200;3360000;260.0;29.0;42.5;930;600;1;245;2.1;6.8;0;0;0;1;0;0;1;720;800
2022-08;Arachide;Oléagineux et Légumineuses;Nord;Centre;Soudano-sahélienne;-0.866;-0.5;59000;3360000;260.0;28.5;26.5;1100;600;1;205;2.1;6.8;0;0;0;1;0;0;1;1360;1510
2022-08;Soja;Oléagineux et Légumineuses;Adamaoua;Centre;Savane guinéenne;-0.866;-0.5;9900;3360000;250.0;22.0;21.0;1060;600;1;165;2.1;6.8;0;0;0;0;0;0;1;1320;1450
2022-08;Niébé;Oléagineux et Légumineuses;Extrême-Nord;Extrême-Nord;Soudano-sahélienne;-0.866;-0.5;42000;4700000;260.0;29.0;28.0;1120;600;1;125;2.1;6.8;0;0;0;1;0;0;1;1360;1500
2022-08;Haricot sec;Oléagineux et Légumineuses;Ouest;Littoral;Hauts Plateaux;-0.866;-0.5;39000;3450000;320.0;21.0;20.5;990;600;1;115;2.1;6.8;0;0;0;0;0;0;1;1340;1480
2022-08;Huile de palme;Oléagineux et Légumineuses;Littoral;Centre;Forêt monomodale;-0.866;-0.5;62000;3360000;450.0;24.5;15.5;1300;600;1;110;2.1;6.8;0;0;0;0;0;0;1;1920;2100
2022-08;Ananas;Fruits;Littoral;Centre;Forêt monomodale;-0.866;-0.5;9900;3360000;450.0;24.5;31.5;960;600;1;115;2.1;6.8;0;0;0;0;0;0;1;1100;1210
2022-08;Papaye;Fruits;Centre;Centre;Forêt bimodale;-0.866;-0.5;4200;3360000;380.0;23.0;52.0;870;600;1;75;2.1;6.8;0;0;0;0;0;0;1;1050;1160
2022-08;Mangue;Fruits;Nord;Centre;Soudano-sahélienne;-0.866;-0.5;7900;3360000;260.0;28.5;62.0;820;600;1;230;2.1;6.8;0;0;0;1;0;0;1;170;150
2022-08;Avocat;Fruits;Ouest;Littoral;Hauts Plateaux;-0.866;-0.5;15500;3450000;320.0;21.0;42.0;850;600;1;115;2.1;6.8;0;0;0;0;0;0;1;980;1080
2022-08;Safou;Fruits;Littoral;Centre;Forêt monomodale;-0.866;-0.5;5200;3360000;450.0;24.5;57.0;880;600;1;115;2.1;6.8;0;0;0;0;0;0;1;1260;1380
2022-08;Citron;Fruits;Centre;Centre;Forêt bimodale;-0.866;-0.5;3200;3360000;380.0;23.0;36.0;860;600;1;75;2.1;6.8;0;0;0;0;0;0;1;1120;1230
2022-08;Orange;Fruits;Centre;Centre;Forêt bimodale;-0.866;-0.5;5200;3360000;380.0;23.0;36.0;890;600;1;75;2.1;6.8;0;0;0;0;0;0;1;1100;1210
2022-08;Banane douce;Fruits;Sud-Ouest;Littoral;Forêt monomodale;-0.866;-0.5;21500;3450000;450.0;24.5;45.5;960;600;1;225;2.1;6.8;0;0;0;1;0;0;1;2950;3200
2022-08;Cacao;Cultures de Rente et Stimulants;Centre;Littoral;Forêt bimodale;-0.866;-0.5;245000;3450000;380.0;23.0;11.5;1400;600;1;95;2.1;6.8;0;0;0;0;0;0;1;3150;3350
2022-08;Café;Cultures de Rente et Stimulants;Ouest;Littoral;Hauts Plateaux;-0.866;-0.5;106000;3450000;320.0;21.0;10.5;1300;600;1;115;2.1;6.8;0;0;0;0;0;0;1;3320;3520
2022-09;Maïs;Céréales;Ouest;Centre;Hauts Plateaux;-1.0;0.0;61000;3360000;250.0;22.0;13.5;860;600;2;80;2.1;6.2;0;0;0;0;0;0;1;560;520
2022-09;Riz;Céréales;Extrême-Nord;Centre;Soudano-sahélienne;-1.0;0.0;29000;3360000;210.0;30.0;11.5;890;600;2;135;2.1;6.2;0;0;0;1;0;0;1;1380;1250
2022-09;Mil-Sorgho;Céréales;Nord;Extrême-Nord;Soudano-sahélienne;-1.0;0.0;60000;4700000;210.0;31.0;22.0;820;600;2;80;2.1;6.2;0;0;0;1;0;0;1;780;710
2022-09;Blé;Céréales;Littoral(Import);Centre;Forêt monomodale;-1.0;0.0;0;3360000;350.0;25.0;5.0;0;600;2;65;2.1;6.2;1;0;0;0;0;0;1;1640;1550
2022-09;Manioc;"Tubercules, Racines et Plantains";Centre;Centre;Forêt bimodale;-1.0;0.0;127000;3360000;150.0;24.0;38.0;790;600;2;60;2.1;6.2;0;0;0;0;0;0;1;850;790
2022-09;Plantain;"Tubercules, Racines et Plantains";Sud-Ouest;Littoral;Forêt monomodale;-1.0;0.0;40000;3450000;350.0;25.5;35.5;930;600;2;205;2.1;6.2;0;0;0;1;0;0;1;3050;2850
2022-09;Macabo-Taro;"Tubercules, Racines et Plantains";Littoral;Littoral;Forêt monomodale;-1.0;0.0;21500;3450000;350.0;25.5;38.0;870;600;2;75;2.1;6.2;0;0;0;0;0;0;1;1020;950
2022-09;Igname;"Tubercules, Racines et Plantains";Adamaoua;Centre;Savane guinéenne;-1.0;0.0;24500;3360000;150.0;22.0;32.0;970;600;2;125;2.1;6.2;0;0;0;0;0;0;1;1260;1180
2022-09;Pomme de terre;"Tubercules, Racines et Plantains";Ouest;Littoral;Hauts Plateaux;-1.0;0.0;18500;3450000;200.0;21.0;30.0;1010;600;2;105;2.1;6.2;0;0;0;0;0;0;1;1380;1280
2022-09;Patate douce;"Tubercules, Racines et Plantains";Ouest;Centre;Hauts Plateaux;-1.0;0.0;9400;3360000;200.0;21.0;32.0;850;600;2;90;2.1;6.2;0;0;0;0;0;0;1;940;860
2022-09;Tomate;Maraîchers;Ouest;Centre;Hauts Plateaux;-1.0;0.0;15500;3360000;200.0;21.0;40.0;1120;600;2;105;2.1;6.2;0;0;0;0;0;0;1;2350;2100
2022-09;Oignon;Maraîchers;Extrême-Nord;Centre;Soudano-sahélienne;-1.0;0.0;25500;3360000;210.0;31.0;36.5;1000;600;2;215;2.1;6.2;0;0;0;1;0;0;1;1510;1380
2022-09;Gombo;Maraîchers;Centre;Centre;Forêt bimodale;-1.0;0.0;5400;3360000;150.0;24.0;50.0;930;600;2;60;2.1;6.2;0;0;0;0;0;0;1;1360;1250
2022-09;Piment;Maraîchers;Extrême-Nord;Littoral;Soudano-sahélienne;-1.0;0.0;4200;3450000;210.0;31.0;43.0;1160;600;2;225;2.1;6.2;0;0;0;1;0;0;1;2080;1920
2022-09;Poivron;Maraîchers;Extrême-Nord;Centre;Soudano-sahélienne;-1.0;0.0;3500;3360000;210.0;31.0;48.0;1140;600;2;215;2.1;6.2;0;0;0;1;0;0;1;2180;2010
2022-09;Ail;Maraîchers;Extrême-Nord;Centre;Soudano-sahélienne;-1.0;0.0;1550;3360000;210.0;31.0;32.5;1220;600;2;205;2.1;6.2;0;0;0;1;0;0;1;4500;4200
2022-09;Basilic;Maraîchers;Centre;Centre;Forêt bimodale;-1.0;0.0;1150;3360000;150.0;24.0;60.0;890;600;2;60;2.1;6.2;0;0;0;0;0;0;1;1420;1310
2022-09;Légumes feuilles;Maraîchers;Centre;Centre;Forêt bimodale;-1.0;0.0;7900;3360000;150.0;24.0;55.0;850;600;2;60;2.1;6.2;0;0;0;0;0;0;1;1150;1060
2022-09;Choux;Maraîchers;Ouest;Littoral;Hauts Plateaux;-1.0;0.0;5200;3450000;200.0;21.0;40.0;970;600;2;100;2.1;6.2;0;0;0;0;0;0;1;1350;1250
2022-09;Pastèque;Maraîchers;Extrême-Nord;Centre;Soudano-sahélienne;-1.0;0.0;3200;3360000;210.0;31.0;38.5;940;600;2;210;2.1;6.2;0;0;0;1;0;0;1;800;740
2022-09;Arachide;Oléagineux et Légumineuses;Nord;Centre;Soudano-sahélienne;-1.0;0.0;59000;3360000;210.0;30.0;23.0;1110;600;2;175;2.1;6.2;0;0;0;1;0;0;1;1510;1400
2022-09;Soja;Oléagineux et Légumineuses;Adamaoua;Centre;Savane guinéenne;-1.0;0.0;9900;3360000;150.0;22.0;16.0;1070;600;2;145;2.1;6.2;0;0;0;0;0;0;1;1450;1340
2022-09;Niébé;Oléagineux et Légumineuses;Extrême-Nord;Extrême-Nord;Soudano-sahélienne;-1.0;0.0;42000;4700000;210.0;31.0;24.5;1130;600;2;110;2.1;6.2;0;0;0;1;0;0;1;1500;1390
2022-09;Haricot sec;Oléagineux et Légumineuses;Ouest;Littoral;Hauts Plateaux;-1.0;0.0;39000;3450000;200.0;21.0;14.0;1000;600;2;100;2.1;6.2;0;0;0;0;0;0;1;1480;1360
2022-09;Huile de palme;Oléagineux et Légumineuses;Littoral;Centre;Forêt monomodale;-1.0;0.0;62000;3360000;350.0;25.5;9.0;1320;600;2;90;2.1;6.2;0;0;0;0;0;0;1;2100;1950
2022-09;Ananas;Fruits;Littoral;Centre;Forêt monomodale;-1.0;0.0;9900;3360000;350.0;25.5;28.0;980;600;2;95;2.1;6.2;0;0;0;0;0;0;1;1210;1120
2022-09;Papaye;Fruits;Centre;Centre;Forêt bimodale;-1.0;0.0;4200;3360000;150.0;24.0;45.0;880;600;2;60;2.1;6.2;0;0;0;0;0;0;1;1160;1080
2022-09;Mangue;Fruits;Nord;Centre;Soudano-sahélienne;-1.0;0.0;7900;3360000;210.0;30.0;58.0;830;600;2;195;2.1;6.2;0;0;0;1;0;0;1;150;160
2022-09;Avocat;Fruits;Ouest;Littoral;Hauts Plateaux;-1.0;0.0;15500;3450000;200.0;21.0;35.0;860;600;2;95;2.1;6.2;0;0;0;0;0;0;1;1080;1000
2022-09;Safou;Fruits;Littoral;Centre;Forêt monomodale;-1.0;0.0;5200;3360000;350.0;25.5;48.0;890;600;2;95;2.1;6.2;0;0;0;0;0;0;1;1380;1280
2022-09;Citron;Fruits;Centre;Centre;Forêt bimodale;-1.0;0.0;3200;3360000;150.0;24.0;30.0;870;600;2;60;2.1;6.2;0;0;0;0;0;0;1;1230;1140
2022-09;Orange;Fruits;Centre;Centre;Forêt bimodale;-1.0;0.0;5200;3360000;150.0;24.0;30.0;900;600;2;60;2.1;6.2;0;0;0;0;0;0;1;1210;1120
2022-09;Banane douce;Fruits;Sud-Ouest;Littoral;Forêt monomodale;-1.0;0.0;21500;3450000;350.0;25.5;40.0;970;600;2;195;2.1;6.2;0;0;0;1;0;0;1;3200;2950
2022-09;Cacao;Cultures de Rente et Stimulants;Centre;Littoral;Forêt bimodale;-1.0;0.0;245000;3450000;280.0;24.0;9.0;1410;600;2;75;2.1;6.2;0;0;0;0;0;0;1;3350;3150
2022-09;Café;Cultures de Rente et Stimulants;Ouest;Littoral;Hauts Plateaux;-1.0;0.0;106000;3450000;200.0;21.0;8.0;1310;600;2;100;2.1;6.2;0;0;0;0;0;0;1;3520;3320
2022-10;Maïs;Céréales;Ouest;Centre;Hauts Plateaux;-0.866;0.5;61000;3360000;150.0;23.0;10.0;870;600;3;60;2.1;5.5;0;0;0;0;0;0;1;520;480
2022-10;Riz;Céréales;Extrême-Nord;Centre;Soudano-sahélienne;-0.866;0.5;29000;3360000;50.0;31.5;6.5;900;600;3;115;2.1;5.5;0;0;0;1;0;0;1;1250;1160
2022-10;Mil-Sorgho;Céréales;Nord;Extrême-Nord;Soudano-sahélienne;-0.866;0.5;60000;4700000;50.0;32.0;14.0;830;600;3;60;2.1;5.5;0;0;0;1;0;0;1;710;660
2022-10;Blé;Céréales;Littoral(Import);Centre;Forêt monomodale;-0.866;0.5;0;3360000;250.0;26.0;3.0;0;600;3;50;2.1;5.5;1;0;0;0;0;0;1;1550;1450
2022-10;Manioc;"Tubercules, Racines et Plantains";Centre;Centre;Forêt bimodale;-0.866;0.5;127000;3360000;100.0;25.0;34.0;800;600;3;40;2.1;5.5;0;0;0;0;0;0;1;790;740
2022-10;Plantain;"Tubercules, Racines et Plantains";Sud-Ouest;Littoral;Forêt monomodale;-0.866;0.5;40000;3450000;250.0;26.5;30.0;940;600;3;180;2.1;5.5;0;0;0;1;0;0;1;2850;2680
2022-10;Macabo-Taro;"Tubercules, Racines et Plantains";Littoral;Littoral;Forêt monomodale;-0.866;0.5;21500;3450000;250.0;26.5;33.0;880;600;3;60;2.1;5.5;0;0;0;0;0;0;1;950;880
2022-10;Igname;"Tubercules, Racines et Plantains";Adamaoua;Centre;Savane guinéenne;-0.866;0.5;24500;3360000;50.0;23.0;28.0;980;600;3;105;2.1;5.5;0;0;0;0;0;0;1;1180;1100
2022-10;Pomme de terre;"Tubercules, Racines et Plantains";Ouest;Littoral;Hauts Plateaux;-0.866;0.5;18500;3450000;100.0;23.0;25.0;1020;600;3;90;2.1;5.5;0;0;0;0;0;0;1;1280;1180
2022-10;Patate douce;"Tubercules, Racines et Plantains";Ouest;Centre;Hauts Plateaux;-0.866;0.5;9400;3360000;100.0;23.0;26.0;860;600;3;80;2.1;5.5;0;0;0;0;0;0;1;860;800
2022-10;Tomate;Maraîchers;Ouest;Centre;Hauts Plateaux;-0.866;0.5;15500;3360000;100.0;23.0;30.0;1130;600;3;90;2.1;5.5;0;0;0;0;0;0;1;2100;1950
2022-10;Oignon;Maraîchers;Extrême-Nord;Centre;Soudano-sahélienne;-0.866;0.5;25500;3360000;50.0;33.0;28.0;1010;600;3;190;2.1;5.5;0;0;0;1;0;0;1;1380;1280
2022-10;Gombo;Maraîchers;Centre;Centre;Forêt bimodale;-0.866;0.5;5400;3360000;100.0;25.0;45.0;940;600;3;50;2.1;5.5;0;0;0;0;0;0;1;1250;1160
2022-10;Piment;Maraîchers;Extrême-Nord;Littoral;Soudano-sahélienne;-0.866;0.5;4200;3450000;50.0;33.0;35.0;1170;600;3;200;2.1;5.5;0;0;0;1;0;0;1;1920;1780
2022-10;Poivron;Maraîchers;Extrême-Nord;Centre;Soudano-sahélienne;-0.866;0.5;3500;3360000;50.0;33.0;40.0;1150;600;3;190;2.1;5.5;0;0;0;1;0;0;1;2010;1880
2022-10;Ail;Maraîchers;Extrême-Nord;Centre;Soudano-sahélienne;-0.866;0.5;1550;3360000;50.0;33.0;24.0;1230;600;3;180;2.1;5.5;0;0;0;1;0;0;1;4200;3920
2022-10;Basilic;Maraîchers;Centre;Centre;Forêt bimodale;-0.866;0.5;1150;3360000;100.0;25.0;55.0;900;600;3;50;2.1;5.5;0;0;0;0;0;0;1;1310;1220
2022-10;Légumes feuilles;Maraîchers;Centre;Centre;Forêt bimodale;-0.866;0.5;7900;3360000;100.0;25.0;50.0;860;600;3;50;2.1;5.5;0;0;0;0;0;0;1;1060;980
2022-10;Choux;Maraîchers;Ouest;Littoral;Hauts Plateaux;-0.866;0.5;5200;3450000;100.0;23.0;34.0;980;600;3;80;2.1;5.5;0;0;0;0;0;0;1;1250;1160
2022-10;Pastèque;Maraîchers;Extrême-Nord;Centre;Soudano-sahélienne;-0.866;0.5;3200;3360000;50.0;33.0;28.0;950;600;3;185;2.1;5.5;0;0;0;1;0;0;1;740;690
2022-10;Arachide;Oléagineux et Légumineuses;Nord;Centre;Soudano-sahélienne;-0.866;0.5;59000;3360000;50.0;32.0;15.0;1120;600;3;150;2.1;5.5;0;0;0;1;0;0;1;1400;1300
2022-10;Soja;Oléagineux et Légumineuses;Adamaoua;Centre;Savane guinéenne;-0.866;0.5;9900;3360000;50.0;23.0;12.0;1080;600;3;125;2.1;5.5;0;0;0;0;0;0;1;1340;1250
2022-10;Niébé;Oléagineux et Légumineuses;Extrême-Nord;Extrême-Nord;Soudano-sahélienne;-0.866;0.5;42000;4700000;50.0;33.0;14.0;1140;600;3;90;2.1;5.5;0;0;0;1;0;0;1;1390;1290
2022-10;Haricot sec;Oléagineux et Légumineuses;Ouest;Littoral;Hauts Plateaux;-0.866;0.5;39000;3450000;100.0;23.0;11.0;1010;600;3;80;2.1;5.5;0;0;0;0;0;0;1;1360;1260
2022-10;Huile de palme;Oléagineux et Légumineuses;Littoral;Centre;Forêt monomodale;-0.866;0.5;62000;3360000;250.0;26.5;7.0;1330;600;3;80;2.1;5.5;0;0;0;0;0;0;1;1950;1820
2022-10;Ananas;Fruits;Littoral;Centre;Forêt monomodale;-0.866;0.5;9900;3360000;250.0;26.5;22.0;990;600;3;85;2.1;5.5;0;0;0;0;0;0;1;1120;1040
2022-10;Papaye;Fruits;Centre;Centre;Forêt bimodale;-0.866;0.5;4200;3360000;100.0;25.0;38.0;890;600;3;50;2.1;5.5;0;0;0;0;0;0;1;1080;1010
2022-10;Mangue;Fruits;Nord;Centre;Soudano-sahélienne;-0.866;0.5;7900;3360000;50.0;32.0;44.0;840;600;3;175;2.1;5.5;0;0;0;1;0;0;1;160;175
2022-10;Avocat;Fruits;Ouest;Littoral;Hauts Plateaux;-0.866;0.5;15500;3450000;100.0;23.0;28.0;870;600;3;85;2.1;5.5;0;0;0;0;0;0;1;1000;940
2022-10;Safou;Fruits;Littoral;Centre;Forêt monomodale;-0.866;0.5;5200;3360000;250.0;26.5;42.0;900;600;3;85;2.1;5.5;0;0;0;0;0;0;1;1280;1190
2022-10;Citron;Fruits;Centre;Centre;Forêt bimodale;-0.866;0.5;3200;3360000;100.0;25.0;24.0;880;600;3;50;2.1;5.5;0;0;0;0;0;0;1;1140;1060
2022-10;Orange;Fruits;Centre;Centre;Forêt bimodale;-0.866;0.5;5200;3360000;100.0;25.0;24.0;910;600;3;50;2.1;5.5;0;0;0;0;0;0;1;1120;1040
2022-10;Banane douce;Fruits;Sud-Ouest;Littoral;Forêt monomodale;-0.866;0.5;21500;3450000;250.0;26.5;33.0;980;600;3;180;2.1;5.5;0;0;0;1;0;0;1;2950;2720
2022-10;Cacao;Cultures de Rente et Stimulants;Centre;Littoral;Forêt bimodale;-0.866;0.5;245000;3450000;100.0;25.0;7.0;1420;600;3;65;2.1;5.5;0;0;0;0;0;0;1;3150;2950
2022-10;Café;Cultures de Rente et Stimulants;Ouest;Littoral;Hauts Plateaux;-0.866;0.5;106000;3450000;100.0;23.0;7.0;1320;600;3;85;2.1;5.5;0;0;0;0;0;0;1;3320;3120
2022-11;Maïs;Céréales;Ouest;Centre;Hauts Plateaux;-0.5;0.866;61000;3360000;50.0;24.0;8.0;880;600;4;45;2.1;4.5;0;0;0;0;0;0;1;480;445
2022-11;Riz;Céréales;Extrême-Nord;Centre;Soudano-sahélienne;-0.5;0.866;29000;3360000;0.0;31.0;5.0;910;600;4;90;2.1;4.5;0;0;0;1;0;0;1;1160;1080
2022-11;Mil-Sorgho;Céréales;Nord;Extrême-Nord;Soudano-sahélienne;-0.5;0.866;60000;4700000;0.0;32.0;12.0;840;600;4;40;2.1;4.5;0;0;0;1;0;0;1;660;615
2022-11;Blé;Céréales;Littoral(Import);Centre;Forêt monomodale;-0.5;0.866;0;3360000;100.0;27.0;2.0;0;600;4;35;2.1;4.5;1;0;0;0;0;0;1;1450;1360
2022-11;Manioc;"Tubercules, Racines et Plantains";Centre;Centre;Forêt bimodale;-0.5;0.866;127000;3360000;50.0;26.0;30.0;810;600;4;25;2.1;4.5;0;0;0;0;0;0;1;740;690
2022-11;Plantain;"Tubercules, Racines et Plantains";Sud-Ouest;Littoral;Forêt monomodale;-0.5;0.866;40000;3450000;100.0;28.0;25.0;950;600;4;160;2.1;4.5;0;0;0;1;0;0;1;2680;2500
2022-11;Macabo-Taro;"Tubercules, Racines et Plantains";Littoral;Littoral;Forêt monomodale;-0.5;0.866;21500;3450000;100.0;28.0;28.0;890;600;4;45;2.1;4.5;0;0;0;0;0;0;1;880;820
2022-11;Igname;"Tubercules, Racines et Plantains";Adamaoua;Centre;Savane guinéenne;-0.5;0.866;24500;3360000;10.0;24.0;25.0;990;600;4;90;2.1;4.5;0;0;0;0;0;0;1;1100;1020
2022-11;Pomme de terre;"Tubercules, Racines et Plantains";Ouest;Littoral;Hauts Plateaux;-0.5;0.866;18500;3450000;50.0;24.0;22.0;1030;600;4;65;2.1;4.5;0;0;0;0;0;0;1;1180;1090
2022-11;Patate douce;"Tubercules, Racines et Plantains";Ouest;Centre;Hauts Plateaux;-0.5;0.866;9400;3360000;50.0;24.0;23.0;870;600;4;60;2.1;4.5;0;0;0;0;0;0;1;800;740
2022-11;Tomate;Maraîchers;Ouest;Centre;Hauts Plateaux;-0.5;0.866;15500;3360000;50.0;24.0;22.0;1140;600;4;65;2.1;4.5;0;0;0;0;0;0;1;1950;1780
2022-11;Oignon;Maraîchers;Extrême-Nord;Centre;Soudano-sahélienne;-0.5;0.866;25500;3360000;0.0;31.0;25.0;1020;600;4;160;2.1;4.5;0;0;0;1;0;0;1;1280;1180
2022-11;Gombo;Maraîchers;Centre;Centre;Forêt bimodale;-0.5;0.866;5400;3360000;50.0;26.0;42.0;950;600;4;35;2.1;4.5;0;0;0;0;0;0;1;1160;1080
2022-11;Piment;Maraîchers;Extrême-Nord;Littoral;Soudano-sahélienne;-0.5;0.866;4200;3450000;0.0;31.0;30.0;1180;600;4;175;2.1;4.5;0;0;0;1;0;0;1;1780;1650
2022-11;Poivron;Maraîchers;Extrême-Nord;Centre;Soudano-sahélienne;-0.5;0.866;3500;3360000;0.0;31.0;35.0;1160;600;4;165;2.1;4.5;0;0;0;1;0;0;1;1880;1750
2022-11;Ail;Maraîchers;Extrême-Nord;Centre;Soudano-sahélienne;-0.5;0.866;1550;3360000;0.0;31.0;18.0;1240;600;4;155;2.1;4.5;0;0;0;1;0;0;1;3920;3650
2022-11;Basilic;Maraîchers;Centre;Centre;Forêt bimodale;-0.5;0.866;1150;3360000;50.0;26.0;52.0;910;600;4;35;2.1;4.5;0;0;0;0;0;0;1;1220;1140
2022-11;Légumes feuilles;Maraîchers;Centre;Centre;Forêt bimodale;-0.5;0.866;7900;3360000;50.0;26.0;45.0;870;600;4;35;2.1;4.5;0;0;0;0;0;0;1;980;910
2022-11;Choux;Maraîchers;Ouest;Littoral;Hauts Plateaux;-0.5;0.866;5200;3450000;50.0;24.0;30.0;990;600;4;60;2.1;4.5;0;0;0;0;0;0;1;1160;1080
2022-11;Pastèque;Maraîchers;Extrême-Nord;Centre;Soudano-sahélienne;-0.5;0.866;3200;3360000;0.0;31.0;20.0;960;600;4;160;2.1;4.5;0;0;0;1;0;0;1;690;640
2022-11;Arachide;Oléagineux et Légumineuses;Nord;Centre;Soudano-sahélienne;-0.5;0.866;59000;3360000;0.0;30.0;10.0;1130;600;4;125;2.1;4.5;0;0;0;1;0;0;1;1300;1210
2022-11;Soja;Oléagineux et Légumineuses;Adamaoua;Centre;Savane guinéenne;-0.5;0.866;9900;3360000;10.0;24.0;10.0;1090;600;4;105;2.1;4.5;0;0;0;0;0;0;1;1250;1160
2022-11;Niébé;Oléagineux et Légumineuses;Extrême-Nord;Extrême-Nord;Soudano-sahélienne;-0.5;0.866;42000;4700000;0.0;31.0;12.0;1150;600;4;45;2.1;4.5;0;0;0;1;0;0;1;1290;1200
2022-11;Haricot sec;Oléagineux et Légumineuses;Ouest;Littoral;Hauts Plateaux;-0.5;0.866;39000;3450000;50.0;24.0;8.0;1020;600;4;65;2.1;4.5;0;0;0;0;0;0;1;1260;1180
2022-11;Huile de palme;Oléagineux et Légumineuses;Littoral;Centre;Forêt monomodale;-0.866;0.5;62000;3360000;100.0;28.0;5.0;1340;600;4;50;2.1;4.5;0;0;0;0;0;0;1;1820;1680
2022-11;Ananas;Fruits;Littoral;Centre;Forêt monomodale;-0.5;0.866;9900;3360000;100.0;28.0;18.0;1000;600;4;60;2.1;4.5;0;0;0;0;0;0;1;1040;970
2022-11;Papaye;Fruits;Centre;Centre;Forêt bimodale;-0.5;0.866;4200;3360000;50.0;26.0;35.0;900;600;4;30;2.1;4.5;0;0;0;0;0;0;1;1010;940
2022-11;Mangue;Fruits;Nord;Centre;Soudano-sahélienne;-0.5;0.866;7900;3360000;0.0;30.0;40.0;850;600;4;145;2.1;4.5;0;0;0;1;0;0;1;175;185
2022-11;Avocat;Fruits;Ouest;Littoral;Hauts Plateaux;-0.5;0.866;15500;3450000;50.0;24.0;25.0;880;600;4;65;2.1;4.5;0;0;0;0;0;0;1;940;880
2022-11;Safou;Fruits;Littoral;Centre;Forêt monomodale;-0.5;0.866;5200;3360000;100.0;28.0;40.0;910;600;4;65;2.1;4.5;0;0;0;0;0;0;1;1190;1100
2022-11;Citron;Fruits;Centre;Centre;Forêt bimodale;-0.5;0.866;3200;3360000;50.0;26.0;20.0;890;600;4;30;2.1;4.5;0;0;0;0;0;0;1;1060;980
2022-11;Orange;Fruits;Centre;Centre;Forêt bimodale;-0.5;0.866;5200;3360000;50.0;26.0;20.0;920;600;4;30;2.1;4.5;0;0;0;0;0;0;1;1040;970
2022-11;Banane douce;Fruits;Sud-Ouest;Littoral;Forêt monomodale;-0.5;0.866;21500;3450000;100.0;28.0;30.0;990;600;4;140;2.1;4.5;0;0;0;1;0;0;1;2720;2520
2022-11;Cacao;Cultures de Rente et Stimulants;Centre;Littoral;Forêt bimodale;-0.5;0.866;245000;3450000;50.0;26.0;6.0;1430;600;4;45;2.1;4.5;0;0;0;0;0;0;1;2950;2800
2022-11;Café;Cultures de Rente et Stimulants;Ouest;Littoral;Hauts Plateaux;-0.5;0.866;106000;3450000;50.0;24.0;5.0;1330;600;4;60;2.1;4.5;0;0;0;0;0;0;1;3120;2980
2022-12;Maïs;Céréales;Ouest;Centre;Hauts Plateaux;0.0;1.0;61000;3360000;10.5;23.0;8.0;890;600;4;40;2.1;4.2;0;0;1;0;0;0;1;445;475
2022-12;Riz;Céréales;Extrême-Nord;Centre;Soudano-sahélienne;0.0;1.0;29000;3360000;0.0;30.5;5.0;920;600;4;85;2.1;4.2;0;0;1;1;0;0;1;1080;1160
2022-12;Mil-Sorgho;Céréales;Nord;Extrême-Nord;Soudano-sahélienne;0.0;1.0;60000;4700000;0.0;32.0;12.0;850;600;4;35;2.1;4.2;0;0;1;1;0;0;1;615;665
2022-12;Blé;Céréales;Littoral(Import);Centre;Forêt monomodale;0.0;1.0;0;3360000;50.0;27.0;2.0;0;600;4;30;2.1;4.2;1;0;1;0;0;0;1;1360;1480
2022-12;Manioc;"Tubercules, Racines et Plantains";Centre;Centre;Forêt bimodale;0.0;1.0;127000;3360000;20.0;25.0;30.0;820;600;4;22;2.1;4.2;0;0;1;0;0;0;1;690;750
2022-12;Plantain;"Tubercules, Racines et Plantains";Sud-Ouest;Littoral;Forêt monomodale;0.0;1.0;40000;3450000;50.0;27.0;25.0;960;600;4;150;2.1;4.2;0;0;1;1;0;0;1;2500;2810
2022-12;Macabo-Taro;"Tubercules, Racines et Plantains";Littoral;Littoral;Forêt monomodale;0.0;1.0;21500;3450000;50.0;27.0;28.0;900;600;4;35;2.1;4.2;0;0;1;0;0;0;1;820;895
2022-12;Igname;"Tubercules, Racines et Plantains";Adamaoua;Centre;Savane guinéenne;0.0;1.0;24500;3360000;0.0;24.0;25.0;1000;600;4;80;2.1;4.2;0;0;1;0;0;0;1;1020;1115
2022-12;Pomme de terre;"Tubercules, Racines et Plantains";Ouest;Littoral;Hauts Plateaux;0.0;1.0;18500;3450000;10.5;23.0;22.0;1040;600;4;55;2.1;4.2;0;0;1;0;0;0;1;1090;1195
2022-12;Patate douce;"Tubercules, Racines et Plantains";Ouest;Centre;Hauts Plateaux;0.0;1.0;9400;3360000;10.5;23.0;23.0;880;600;4;55;2.1;4.2;0;0;1;0;0;0;1;740;815
2022-12;Tomate;Maraîchers;Ouest;Centre;Hauts Plateaux;0.0;1.0;15500;3360000;10.5;23.0;22.0;1150;600;4;60;2.1;4.2;0;0;1;0;0;0;1;1780;1960
2022-12;Oignon;Maraîchers;Extrême-Nord;Centre;Soudano-sahélienne;0.0;1.0;25500;3360000;0.0;30.5;25.0;1030;600;4;145;2.1;4.2;0;0;1;1;0;0;1;1180;1295
2022-12;Gombo;Maraîchers;Centre;Centre;Forêt bimodale;0.0;1.0;5400;3360000;20.0;25.0;42.0;960;600;4;28;2.1;4.2;0;0;1;0;0;0;1;1080;1180
2022-12;Piment;Maraîchers;Extrême-Nord;Littoral;Soudano-sahélienne;0.0;1.0;4200;3450000;0.0;30.5;30.0;1190;600;4;155;2.1;4.2;0;0;1;1;0;0;1;1650;1820
2022-12;Poivron;Maraîchers;Extrême-Nord;Centre;Soudano-sahélienne;0.0;1.0;3500;3360000;0.0;30.5;35.0;1170;600;4;145;2.1;4.2;0;0;1;1;0;0;1;1750;1925
2022-12;Ail;Maraîchers;Extrême-Nord;Centre;Soudano-sahélienne;0.0;1.0;1550;3360000;0.0;30.5;18.0;1250;600;4;135;2.1;4.2;0;0;1;1;0;0;1;3650;3980
2022-12;Basilic;Maraîchers;Centre;Centre;Forêt bimodale;0.0;1.0;1150;3360000;20.0;25.0;52.0;920;600;4;28;2.1;4.2;0;0;1;0;0;0;1;1140;1255
2022-12;Légumes feuilles;Maraîchers;Centre;Centre;Forêt bimodale;0.0;1.0;7900;3360000;20.0;25.0;45.0;880;600;4;28;2.1;4.2;0;0;1;0;0;0;1;910;1005
2022-12;Choux;Maraîchers;Ouest;Littoral;Hauts Plateaux;0.0;1.0;5200;3450000;10.5;23.0;30.0;1000;600;4;50;2.1;4.2;0;0;1;0;0;0;1;1080;1190
2022-12;Pastèque;Maraîchers;Extrême-Nord;Centre;Soudano-sahélienne;0.0;1.0;3200;3360000;0.0;30.5;20.0;970;600;4;145;2.1;4.2;0;0;1;1;0;0;1;640;710
2022-12;Arachide;Oléagineux et Légumineuses;Nord;Centre;Soudano-sahélienne;0.0;1.0;59000;3360000;0.0;29.0;10.0;1140;600;4;110;2.1;4.2;0;0;1;1;0;0;1;1210;1340
2022-12;Soja;Oléagineux et Légumineuses;Adamaoua;Centre;Savane guinéenne;0.0;1.0;9900;3360000;0.0;24.0;10.0;1100;600;4;95;2.1;4.2;0;0;1;0;0;0;1;1160;1280
2022-12;Niébé;Oléagineux et Légumineuses;Extrême-Nord;Extrême-Nord;Soudano-sahélienne;0.0;1.0;42000;4700000;0.0;30.5;12.0;1160;600;4;35;2.1;4.2;0;0;1;1;0;0;1;1200;1325
2022-12;Haricot sec;Oléagineux et Légumineuses;Ouest;Littoral;Hauts Plateaux;0.0;1.0;39000;3450000;10.5;23.0;8.0;1030;600;4;55;2.1;4.2;0;0;1;0;0;0;1;1180;1300
2022-12;Huile de palme;Oléagineux et Légumineuses;Littoral;Centre;Forêt monomodale;0.0;1.0;62000;3360000;50.0;27.0;5.0;1350;600;4;40;2.1;4.2;0;0;1;0;0;0;1;1680;1850
2022-12;Ananas;Fruits;Littoral;Centre;Forêt monomodale;0.0;1.0;9900;3360000;50.0;27.0;18.0;1010;600;4;50;2.1;4.2;0;0;1;0;0;0;1;970;1070
2022-12;Papaye;Fruits;Centre;Centre;Forêt bimodale;0.0;1.0;4200;3360000;20.0;25.0;35.0;910;600;4;25;2.1;4.2;0;0;1;0;0;0;1;940;1035
2022-12;Mangue;Fruits;Nord;Centre;Soudano-sahélienne;0.0;1.0;7900;3360000;0.0;29.0;40.0;860;600;4;135;2.1;4.2;0;0;1;1;0;0;1;185;210
2022-12;Avocat;Fruits;Ouest;Littoral;Hauts Plateaux;0.0;1.0;15500;3450000;10.5;23.0;25.0;890;600;4;55;2.1;4.2;0;0;1;0;0;0;1;880;970
2022-12;Safou;Fruits;Littoral;Centre;Forêt monomodale;0.0;1.0;5200;3360000;50.0;27.0;40.0;920;600;4;55;2.1;4.2;0;0;1;0;0;0;1;1100;1215
2022-12;Citron;Fruits;Centre;Centre;Forêt bimodale;0.0;1.0;3200;3360000;20.0;25.0;20.0;900;600;4;25;2.1;4.2;0;0;1;0;0;0;1;980;1080
2022-12;Orange;Fruits;Centre;Centre;Forêt bimodale;0.0;1.0;5200;3360000;20.0;25.0;20.0;930;600;4;25;2.1;4.2;0;0;1;0;0;0;1;970;1070
2022-12;Banane douce;Fruits;Sud-Ouest;Littoral;Forêt monomodale;0.0;1.0;21500;3450000;50.0;27.0;30.0;1000;600;4;135;2.1;4.2;0;0;1;1;0;0;1;2520;2780
2022-12;Cacao;Cultures de Rente et Stimulants;Centre;Littoral;Forêt bimodale;0.0;1.0;245000;3450000;20.0;25.0;6.0;1440;600;4;35;2.1;4.2;0;0;1;0;0;0;1;2800;3050
2022-12;Café;Cultures de Rente et Stimulants;Ouest;Littoral;Hauts Plateaux;0.0;1.0;106000;3450000;10.5;23.0;5.0;1340;600;4;50;2.1;4.2;0;0;1;0;0;0;1;2980;3250
2023-01;Maïs;Céréales;Ouest;Centre;Hauts Plateaux;0.5;0.866;61500;3460000;10.5;23.0;8.0;410;600;4;40;2.1;4.0;0;0;0;0;0;0;1;475;410
2023-01;Riz;Céréales;Extrême-Nord;Centre;Soudano-sahélienne;0.5;0.866;29500;3460000;0.0;30.5;5.0;450;600;4;85;2.1;4.0;0;0;0;1;0;0;1;1160;1050
2023-01;Mil-Sorgho;Céréales;Nord;Extrême-Nord;Soudano-sahélienne;0.5;0.866;60500;4800000;0.0;32.0;12.0;430;600;4;35;2.1;4.0;0;0;0;1;0;0;1;665;580
2023-01;Blé;Céréales;Littoral(Import);Centre;Forêt monomodale;0.5;0.866;0;3460000;25.0;27.0;2.0;0;600;4;30;2.1;4.0;1;0;0;0;0;0;1;1480;1320
2023-01;Manioc;"Tubercules, Racines et Plantains";Centre;Centre;Forêt bimodale;0.5;0.866;128000;3460000;15.0;25.0;30.0;390;600;4;25;2.1;4.0;0;0;0;0;0;0;1;750;660
2023-01;Plantain;"Tubercules, Racines et Plantains";Sud-Ouest;Littoral;Forêt monomodale;0.5;0.866;40500;3550000;35.0;26.5;25.0;480;600;3;160;2.1;4.0;0;0;0;1;0;0;1;2810;2450
2023-01;Macabo-Taro;"Tubercules, Racines et Plantains";Littoral;Littoral;Forêt monomodale;0.5;0.866;22000;3550000;35.0;26.5;28.0;420;600;4;35;2.1;4.0;0;0;0;0;0;0;1;895;780
2023-01;Igname;"Tubercules, Racines et Plantains";Adamaoua;Centre;Savane guinéenne;0.5;0.866;25000;3460000;0.0;24.0;25.0;510;600;4;85;2.1;4.0;0;0;0;0;0;0;1;1115;980
2023-01;Pomme de terre;"Tubercules, Racines et Plantains";Ouest;Littoral;Hauts Plateaux;0.5;0.866;19000;3550000;10.5;23.0;22.0;530;600;4;60;2.1;4.0;0;0;0;0;0;0;1;1195;1050
2023-01;Patate douce;"Tubercules, Racines et Plantains";Ouest;Centre;Hauts Plateaux;0.5;0.866;9600;3460000;10.5;23.0;23.0;410;600;4;55;2.1;4.0;0;0;0;0;0;0;1;815;710
2023-01;Tomate;Maraîchers;Ouest;Centre;Hauts Plateaux;0.5;0.866;16000;3460000;10.5;23.0;22.0;600;600;4;60;2.1;4.0;0;0;0;0;0;0;1;1960;1680
2023-01;Oignon;Maraîchers;Extrême-Nord;Centre;Soudano-sahélienne;0.5;0.866;26000;3460000;0.0;30.5;25.0;480;600;4;150;2.1;4.0;0;0;0;1;0;0;1;1295;1110
2023-01;Gombo;Maraîchers;Centre;Centre;Forêt bimodale;0.5;0.866;5600;3460000;15.0;25.0;42.0;440;600;4;25;2.1;4.0;0;0;0;0;0;0;1;1180;990
2023-01;Piment;Maraîchers;Extrême-Nord;Littoral;Soudano-sahélienne;0.5;0.866;4300;3550000;0.0;30.5;30.0;590;600;4;160;2.1;4.0;0;0;0;1;0;0;1;1820;1560
2023-01;Poivron;Maraîchers;Extrême-Nord;Centre;Soudano-sahélienne;0.5;0.866;3600;3460000;0.0;30.5;35.0;570;600;4;150;2.1;4.0;0;0;0;1;0;0;1;1925;1650
2023-01;Ail;Maraîchers;Extrême-Nord;Centre;Soudano-sahélienne;0.5;0.866;1600;3460000;0.0;30.5;18.0;620;600;4;140;2.1;4.0;0;0;0;1;0;0;1;3980;3450
2023-01;Basilic;Maraîchers;Centre;Centre;Forêt bimodale;0.5;0.866;1200;3460000;15.0;25.0;52.0;460;600;4;25;2.1;4.0;0;0;0;0;0;0;1;1255;1080
2023-01;Légumes feuilles;Maraîchers;Centre;Centre;Forêt bimodale;0.5;0.866;8100;3460000;15.0;25.0;48.0;440;600;4;25;2.1;4.0;0;0;0;0;0;0;1;1005;880
2023-01;Choux;Maraîchers;Ouest;Littoral;Hauts Plateaux;0.5;0.866;5300;3550000;10.5;23.0;30.0;510;600;4;55;2.1;4.0;0;0;0;0;0;0;1;1190;1040
2023-01;Pastèque;Maraîchers;Extrême-Nord;Centre;Soudano-sahélienne;0.5;0.866;3300;3460000;0.0;30.5;20.0;490;600;4;150;2.1;4.0;0;0;0;1;0;0;1;710;630
2023-01;Arachide;Oléagineux et Légumineuses;Nord;Centre;Soudano-sahélienne;0.5;0.866;60000;3460000;0.0;29.0;10.0;580;600;4;110;2.1;4.0;0;0;0;1;0;0;1;1340;1180
2023-01;Soja;Oléagineux et Légumineuses;Adamaoua;Centre;Savane guinéenne;0.5;0.866;10100;3460000;0.0;24.0;10.0;550;600;4;95;2.1;4.0;0;0;0;0;0;0;1;1280;1120
2023-01;Niébé;Oléagineux et Légumineuses;Extrême-Nord;Extrême-Nord;Soudano-sahélienne;0.5;0.866;43000;4800000;0.0;30.5;12.0;590;600;4;40;2.1;4.0;0;0;0;1;0;0;1;1325;1160
2023-01;Haricot sec;Oléagineux et Légumineuses;Ouest;Littoral;Hauts Plateaux;0.5;0.866;40000;3550000;10.5;23.0;8.0;530;600;4;55;2.1;4.0;0;0;0;0;0;0;1;1300;1130
2023-01;Huile de palme;Oléagineux et Légumineuses;Littoral;Centre;Forêt monomodale;0.5;0.866;63000;3460000;25.0;27.0;5.0;680;600;4;45;2.1;4.0;0;0;0;0;0;0;1;1850;1620
2023-01;Ananas;Fruits;Littoral;Centre;Forêt monomodale;0.5;0.866;10100;3460000;25.0;27.0;18.0;510;600;4;55;2.1;4.0;0;0;0;0;0;0;1;1070;930
2023-01;Papaye;Fruits;Centre;Centre;Forêt bimodale;0.5;0.866;4300;3460000;15.0;25.0;35.0;460;600;4;25;2.1;4.0;0;0;0;0;0;0;1;1035;910
2023-01;Mangue;Fruits;Nord;Centre;Soudano-sahélienne;0.5;0.866;8100;3460000;0.0;29.0;40.0;430;600;4;135;2.1;4.0;0;0;0;1;0;0;1;210;200
2023-01;Avocat;Fruits;Ouest;Littoral;Hauts Plateaux;0.5;0.866;16000;3550000;10.5;23.0;25.0;450;600;4;55;2.1;4.0;0;0;0;0;0;0;1;970;860
2023-01;Safou;Fruits;Littoral;Centre;Forêt monomodale;0.5;0.866;5300;3460000;25.0;27.0;40.0;470;600;4;55;2.1;4.0;0;0;0;0;0;0;1;1215;1060
2023-01;Citron;Fruits;Centre;Centre;Forêt bimodale;0.5;0.866;3300;3460000;15.0;25.0;20.0;460;600;4;25;2.1;4.0;0;0;0;0;0;0;1;1080;940
2023-01;Orange;Fruits;Centre;Centre;Forêt bimodale;0.5;0.866;5300;3460000;15.0;25.0;20.0;480;600;4;25;2.1;4.0;0;0;0;0;0;0;1;1070;930
2023-01;Banane douce;Fruits;Sud-Ouest;Littoral;Forêt monomodale;0.5;0.866;22000;3550000;35.0;26.5;30.0;500;600;3;145;2.1;4.0;0;0;0;1;0;0;1;2780;2460
2023-01;Cacao;Cultures de Rente et Stimulants;Centre;Littoral;Forêt bimodale;0.5;0.866;250000;3550000;15.0;25.0;6.0;720;600;4;40;2.1;4.0;0;0;0;0;0;0;1;3050;2650
2023-01;Café;Cultures de Rente et Stimulants;Ouest;Littoral;Hauts Plateaux;0.5;0.866;108000;3550000;10.5;23.0;5.0;680;600;4;55;2.1;4.0;0;0;0;0;0;0;1;3250;2820
2023-02;Maïs;Céréales;Ouest;Centre;Hauts Plateaux;0.866;0.5;61500;3460000;15.5;24.0;8.5;420;730;4;73;2.1;7.3;0;0;0;0;0;0;1;410;370
2023-02;Riz;Céréales;Extrême-Nord;Centre;Soudano-sahélienne;0.866;0.5;29500;3460000;0.0;31.5;5.0;460;730;3;146;2.1;7.3;0;0;0;1;0;0;1;1050;960
2023-02;Mil-Sorgho;Céréales;Nord;Extrême-Nord;Soudano-sahélienne;0.866;0.5;60500;4800000;0.0;33.0;12.5;440;730;3;146;2.1;7.3;0;0;0;1;0;0;1;580;540
2023-02;Blé;Céréales;Littoral(Import);Centre;Forêt monomodale;0.866;0.5;0;3460000;30.0;28.0;2.0;0;730;4;73;2.1;7.3;1;0;0;0;0;0;1;1320;1180
2023-02;Manioc;"Tubercules, Racines et Plantains";Centre;Centre;Forêt bimodale;0.866;0.5;128000;3460000;20.0;26.0;30.5;400;730;3;146;2.1;7.3;0;0;0;0;0;0;1;660;610
2023-02;Plantain;"Tubercules, Racines et Plantains";Sud-Ouest;Littoral;Forêt monomodale;0.866;0.5;40500;3550000;40.0;27.5;25.0;490;730;2;249;2.1;7.3;0;0;0;1;0;0;1;2450;2280
2023-02;Macabo-Taro;"Tubercules, Racines et Plantains";Littoral;Littoral;Forêt monomodale;0.866;0.5;22000;3550000;40.0;27.5;28.5;430;730;3;146;2.1;7.3;0;0;0;0;0;0;1;780;710
2023-02;Igname;"Tubercules, Racines et Plantains";Adamaoua;Centre;Savane guinéenne;0.866;0.5;25000;3460000;0.0;25.0;26.0;520;730;3;146;2.1;7.3;0;0;0;0;0;0;1;980;880
2023-02;Pomme de terre;"Tubercules, Racines et Plantains";Ouest;Littoral;Hauts Plateaux;0.866;0.5;19000;3550000;15.5;24.0;21.0;540;730;4;73;2.1;7.3;0;0;0;0;0;0;1;1050;950
2023-02;Patate douce;"Tubercules, Racines et Plantains";Ouest;Centre;Hauts Plateaux;0.866;0.5;9600;3460000;15.5;24.0;23.0;420;730;4;73;2.1;7.3;0;0;0;0;0;0;1;710;640
2023-02;Tomate;Maraîchers;Ouest;Centre;Hauts Plateaux;0.866;0.5;16000;3460000;15.5;24.0;25.5;610;730;4;73;2.1;7.3;0;0;0;0;0;0;1;1680;1520
2023-02;Oignon;Maraîchers;Extrême-Nord;Centre;Soudano-sahélienne;0.866;0.5;26000;3460000;0.0;31.5;26.0;490;730;2;249;2.1;7.3;0;0;0;1;0;0;1;1110;1020
2023-02;Gombo;Maraîchers;Centre;Centre;Forêt bimodale;0.866;0.5;5600;3460000;20.0;26.0;42.0;450;730;3;146;2.1;7.3;0;0;0;0;0;0;1;990;900
2023-02;Piment;Maraîchers;Extrême-Nord;Littoral;Soudano-sahélienne;0.866;0.5;4300;3550000;0.0;31.5;32.0;600;730;2;249;2.1;7.3;0;0;0;1;0;0;1;1560;1430
2023-02;Poivron;Maraîchers;Extrême-Nord;Centre;Soudano-sahélienne;0.866;0.5;3600;3460000;0.0;31.5;37.0;580;730;2;249;2.1;7.3;0;0;0;1;0;0;1;1650;1520
2023-02;Ail;Maraîchers;Extrême-Nord;Centre;Soudano-sahélienne;0.866;0.5;1600;3460000;0.0;31.5;18.0;630;730;2;249;2.1;7.3;0;0;0;1;0;0;1;3450;3150
2023-02;Basilic;Maraîchers;Centre;Centre;Forêt bimodale;0.866;0.5;1200;3460000;20.0;26.0;55.0;470;730;3;146;2.1;7.3;0;0;0;0;0;0;1;1080;980
2023-02;Légumes feuilles;Maraîchers;Centre;Centre;Forêt bimodale;0.866;0.5;8100;3460000;20.0;26.0;48.0;450;730;3;146;2.1;7.3;0;0;0;0;0;0;1;880;800
2023-02;Choux;Maraîchers;Ouest;Littoral;Hauts Plateaux;0.866;0.5;5300;3550000;15.5;24.0;32.0;520;730;4;73;2.1;7.3;0;0;0;0;0;0;1;1040;940
2023-02;Pastèque;Maraîchers;Extrême-Nord;Centre;Soudano-sahélienne;0.866;0.5;3300;3460000;0.0;31.5;22.0;500;730;2;249;2.1;7.3;0;0;0;1;0;0;1;630;590
2023-02;Arachide;Oléagineux et Légumineuses;Nord;Centre;Soudano-sahélienne;0.866;0.5;60000;3460000;0.0;33.0;11.0;590;730;2;249;2.1;7.3;0;0;0;1;0;0;1;1180;1090
2023-02;Soja;Oléagineux et Légumineuses;Adamaoua;Centre;Savane guinéenne;0.866;0.5;10100;3460000;0.0;25.0;10.5;560;730;3;146;2.1;7.3;0;0;0;0;0;0;1;1120;1020
2023-02;Niébé;Oléagineux et Légumineuses;Extrême-Nord;Extrême-Nord;Soudano-sahélienne;0.866;0.5;43000;4800000;0.0;31.5;12.5;600;730;3;146;2.1;7.3;0;0;0;1;0;0;1;1160;1050
2023-02;Haricot sec;Oléagineux et Légumineuses;Ouest;Littoral;Hauts Plateaux;0.866;0.5;40000;3550000;15.5;24.0;8.5;540;730;4;73;2.1;7.3;0;0;0;0;0;0;1;1130;1020
2023-02;Huile de palme;Oléagineux et Légumineuses;Littoral;Centre;Forêt monomodale;0.866;0.5;63000;3460000;30.0;28.0;6.0;690;730;4;73;2.1;7.3;0;0;0;0;0;0;1;1620;1480
2023-02;Ananas;Fruits;Littoral;Centre;Forêt monomodale;0.866;0.5;10100;3460000;30.0;28.0;16.5;520;730;4;73;2.1;7.3;0;0;0;0;0;0;1;930;850
2023-02;Papaye;Fruits;Centre;Centre;Forêt bimodale;0.866;0.5;4300;3460000;20.0;26.0;36.0;470;730;3;146;2.1;7.3;0;0;0;0;0;0;1;910;830
2023-02;Mangue;Fruits;Nord;Centre;Soudano-sahélienne;0.866;0.5;8100;3460000;0.0;33.0;42.0;440;730;2;249;2.1;7.3;0;0;0;1;0;0;1;200;220
2023-02;Avocat;Fruits;Ouest;Littoral;Hauts Plateaux;0.866;0.5;16000;3550000;15.5;24.0;26.0;460;730;4;73;2.1;7.3;0;0;0;0;0;0;1;860;790
2023-02;Safou;Fruits;Littoral;Centre;Forêt monomodale;0.866;0.5;5300;3460000;30.0;28.0;41.0;480;730;3;146;2.1;7.3;0;0;0;0;0;0;1;1060;960
2023-02;Citron;Fruits;Centre;Centre;Forêt bimodale;0.866;0.5;3300;3460000;20.0;26.0;21.0;470;730;3;146;2.1;7.3;0;0;0;0;0;0;1;940;860
2023-02;Orange;Fruits;Centre;Centre;Forêt bimodale;0.866;0.5;5300;3460000;20.0;26.0;21.0;490;730;3;146;2.1;7.3;0;0;0;0;0;0;1;930;850
2023-02;Banane douce;Fruits;Sud-Ouest;Littoral;Forêt monomodale;0.866;0.5;22000;3550000;40.0;27.5;31.0;510;730;3;146;2.1;7.3;0;0;0;1;0;0;1;2460;2260
2023-02;Cacao;Cultures de Rente et Stimulants;Centre;Littoral;Forêt bimodale;0.866;0.5;250000;3550000;20.0;26.0;6.0;730;730;4;73;2.1;7.3;0;0;0;0;0;0;1;2650;2500
2023-02;Café;Cultures de Rente et Stimulants;Ouest;Littoral;Hauts Plateaux;0.866;0.5;108000;3550000;15.5;24.0;5.0;690;730;4;73;2.1;7.3;0;0;0;0;0;0;1;2820;2680
2023-03;Maïs;Céréales;Ouest;Centre;Hauts Plateaux;1.0;0.0;61500;3460000;55.0;24.0;10.5;430;730;3;146;2.1;7.0;0;0;0;0;0;0;1;370;380
2023-03;Riz;Céréales;Extrême-Nord;Centre;Soudano-sahélienne;1.0;0.0;29500;3460000;0.0;33.5;5.0;470;730;3;146;2.1;7.0;0;0;0;1;0;0;1;960;950
2023-03;Mil-Sorgho;Céréales;Nord;Extrême-Nord;Soudano-sahélienne;1.0;0.0;60500;4800000;0.0;35.0;12.5;450;730;3;146;2.1;7.0;0;0;0;1;0;0;1;540;545
2023-03;Blé;Céréales;Littoral(Import);Centre;Forêt monomodale;1.0;0.0;0;3460000;55.0;28.0;2.0;0;730;3;146;2.1;7.0;1;0;0;0;0;0;1;1180;1080
2023-03;Manioc;"Tubercules, Racines et Plantains";Centre;Centre;Forêt bimodale;1.0;0.0;128000;3460000;45.0;27.0;32.5;410;730;3;146;2.1;7.0;0;0;0;0;0;0;1;610;570
2023-03;Plantain;"Tubercules, Racines et Plantains";Sud-Ouest;Littoral;Forêt monomodale;1.0;0.0;40500;3550000;65.0;28.5;26.0;500;730;2;249;2.1;7.0;0;0;0;1;0;0;1;2280;2200
2023-03;Macabo-Taro;"Tubercules, Racines et Plantains";Littoral;Littoral;Forêt monomodale;1.0;0.0;22000;3550000;65.0;28.5;29.5;440;730;3;146;2.1;7.0;0;0;0;0;0;0;1;710;660
2023-03;Igname;"Tubercules, Racines et Plantains";Adamaoua;Centre;Savane guinéenne;1.0;0.0;25000;3460000;10.0;26.0;26.5;530;730;3;146;2.1;7.0;0;0;0;0;0;0;1;880;820
2023-03;Pomme de terre;"Tubercules, Racines et Plantains";Ouest;Littoral;Hauts Plateaux;1.0;0.0;19000;3550000;55.0;24.0;23.0;550;730;3;146;2.1;7.0;0;0;0;0;0;0;1;950;880
2023-03;Patate douce;"Tubercules, Racines et Plantains";Ouest;Centre;Hauts Plateaux;1.0;0.0;9600;3460000;55.0;24.0;24.0;430;730;3;146;2.1;7.0;0;0;0;0;0;0;1;640;600
2023-03;Tomate;Maraîchers;Ouest;Centre;Hauts Plateaux;1.0;0.0;16000;3460000;55.0;24.0;28.5;620;730;3;146;2.1;7.0;0;0;0;0;0;0;1;1520;1450
2023-03;Oignon;Maraîchers;Extrême-Nord;Centre;Soudano-sahélienne;1.0;0.0;26000;3460000;0.0;34.0;26.5;500;730;2;249;2.1;7.0;0;0;0;1;0;0;1;1020;960
2023-03;Gombo;Maraîchers;Centre;Centre;Forêt bimodale;1.0;0.0;5600;3460000;45.0;27.0;44.0;460;730;3;146;2.1;7.0;0;0;0;0;0;0;1;900;840
2023-03;Piment;Maraîchers;Extrême-Nord;Littoral;Soudano-sahélienne;1.0;0.0;4300;3550000;0.0;34.0;32.5;610;730;2;249;2.1;7.0;0;0;0;1;0;0;1;1430;1360
2023-03;Poivron;Maraîchers;Extrême-Nord;Centre;Soudano-sahélienne;1.0;0.0;3600;3460000;0.0;34.0;37.5;590;730;2;249;2.1;7.0;0;0;0;1;0;0;1;1520;1450
2023-03;Ail;Maraîchers;Extrême-Nord;Centre;Soudano-sahélienne;1.0;0.0;1600;3460000;0.0;34.0;18.5;640;730;2;249;2.1;7.0;0;0;0;1;0;0;1;3150;2980
2023-03;Basilic;Maraîchers;Centre;Centre;Forêt bimodale;1.0;0.0;1200;3460000;45.0;27.0;57.0;480;730;3;146;2.1;7.0;0;0;0;0;0;0;1;980;920
2023-03;Légumes feuilles;Maraîchers;Centre;Centre;Forêt bimodale;1.0;0.0;8100;3460000;45.0;27.0;50.0;460;730;3;146;2.1;7.0;0;0;0;0;0;0;1;800;750
2023-03;Choux;Maraîchers;Ouest;Littoral;Hauts Plateaux;1.0;0.0;5300;3550000;55.0;24.0;34.0;530;730;3;146;2.1;7.0;0;0;0;0;0;0;1;940;880
2023-03;Pastèque;Maraîchers;Extrême-Nord;Centre;Soudano-sahélienne;1.0;0.0;3300;3460000;0.0;34.0;22.5;510;730;2;249;2.1;7.0;0;0;0;1;0;0;1;590;550
2023-03;Arachide;Oléagineux et Légumineuses;Nord;Centre;Soudano-sahélienne;1.0;0.0;60000;3460000;0.0;34.5;11.5;600;730;2;249;2.1;7.0;0;0;0;1;0;0;1;1090;1050
2023-03;Soja;Oléagineux et Légumineuses;Adamaoua;Centre;Savane guinéenne;1.0;0.0;10100;3460000;10.0;26.0;11.0;570;730;3;146;2.1;7.0;0;0;0;0;0;0;1;1020;960
2023-03;Niébé;Oléagineux et Légumineuses;Extrême-Nord;Extrême-Nord;Soudano-sahélienne;1.0;0.0;43000;4800000;0.0;34.0;13.0;610;730;3;146;2.1;7.0;0;0;0;1;0;0;1;1050;1000
2023-03;Haricot sec;Oléagineux et Légumineuses;Ouest;Littoral;Hauts Plateaux;1.0;0.0;40000;3550000;55.0;24.0;9.5;550;730;3;146;2.1;7.0;0;0;0;0;0;0;1;1020;960
2023-03;Huile de palme;Oléagineux et Légumineuses;Littoral;Centre;Forêt monomodale;1.0;0.0;63000;3460000;65.0;28.5;6.5;700;730;3;146;2.1;7.0;0;0;0;0;0;0;1;1480;1420
2023-03;Ananas;Fruits;Littoral;Centre;Forêt monomodale;1.0;0.0;10100;3460000;65.0;28.5;18.0;530;730;3;146;2.1;7.0;0;0;0;0;0;0;1;850;810
2023-03;Papaye;Fruits;Centre;Centre;Forêt bimodale;1.0;0.0;4300;3460000;45.0;27.0;38.0;480;730;3;146;2.1;7.0;0;0;0;0;0;0;1;830;780
2023-03;Mangue;Fruits;Nord;Centre;Soudano-sahélienne;1.0;0.0;8100;3460000;0.0;34.5;43.0;450;730;2;249;2.1;7.0;0;0;0;1;0;0;1;220;250
2023-03;Avocat;Fruits;Ouest;Littoral;Hauts Plateaux;1.0;0.0;16000;3550000;55.0;24.0;28.0;470;730;3;146;2.1;7.0;0;0;0;0;0;0;1;790;750
2023-03;Safou;Fruits;Littoral;Centre;Forêt monomodale;1.0;0.0;5300;3460000;65.0;28.5;43.0;490;730;3;146;2.1;7.0;0;0;0;0;0;0;1;960;900
2023-03;Citron;Fruits;Centre;Centre;Forêt bimodale;1.0;0.0;3300;3460000;45.0;27.0;23.0;480;730;3;146;2.1;7.0;0;0;0;0;0;0;1;860;800
2023-03;Orange;Fruits;Centre;Centre;Forêt bimodale;1.0;0.0;5300;3460000;45.0;27.0;23.0;500;730;3;146;2.1;7.0;0;0;0;0;0;0;1;850;790
2023-03;Banane douce;Fruits;Sud-Ouest;Littoral;Forêt monomodale;1.0;0.0;22000;3550000;65.0;28.5;32.0;520;730;3;146;2.1;7.0;0;0;0;1;0;0;1;2260;2180
2023-03;Cacao;Cultures de Rente et Stimulants;Centre;Littoral;Forêt bimodale;1.0;0.0;250000;3550000;45.0;27.0;6.5;740;730;3;146;2.1;7.0;0;0;0;0;0;0;1;2500;2420
2023-03;Café;Cultures de Rente et Stimulants;Ouest;Littoral;Hauts Plateaux;1.0;0.0;108000;3550000;55.0;24.0;5.5;700;730;3;146;2.1;7.0;0;0;0;0;0;0;1;2680;2580
2023-04;Maïs;Céréales;Ouest;Centre;Hauts Plateaux;0.866;-0.5;61500;3460000;110.0;23.5;11.5;440;730;2;219;2.1;6.8;0;1;0;0;0;0;1;380;420
2023-04;Riz;Céréales;Extrême-Nord;Centre;Soudano-sahélienne;0.866;-0.5;29500;3460000;10.0;35.0;5.5;480;730;2;219;2.1;6.8;0;0;0;1;0;0;1;950;1020
2023-04;Mil-Sorgho;Céréales;Nord;Extrême-Nord;Soudano-sahélienne;0.866;-0.5;60500;4800000;10.0;36.0;13.0;460;730;2;219;2.1;6.8;0;0;0;1;0;0;1;545;590
2023-04;Blé;Céréales;Littoral(Import);Centre;Forêt monomodale;0.866;-0.5;0;3460000;130.0;27.0;2.5;0;730;2;219;2.1;6.8;1;1;0;0;0;0;1;1080;1180
2023-04;Manioc;"Tubercules, Racines et Plantains";Centre;Centre;Forêt bimodale;0.866;-0.5;128000;3460000;130.0;26.0;35.5;420;730;2;219;2.1;6.8;0;1;0;0;0;0;1;570;630
2023-04;Plantain;"Tubercules, Racines et Plantains";Sud-Ouest;Littoral;Forêt monomodale;0.866;-0.5;40500;3550000;160.0;27.5;28.5;510;730;1;322;2.1;6.8;0;1;0;1;0;0;1;2200;2350
2023-04;Macabo-Taro;"Tubercules, Racines et Plantains";Littoral;Littoral;Forêt monomodale;0.866;-0.5;22000;3550000;160.0;27.5;32.0;450;730;2;219;2.1;6.8;0;1;0;0;0;0;1;660;730
2023-04;Igname;"Tubercules, Racines et Plantains";Adamaoua;Centre;Savane guinéenne;0.866;-0.5;25000;3460000;45.0;25.0;28.5;540;730;2;219;2.1;6.8;0;0;0;0;0;0;1;820;900
2023-04;Pomme de terre;"Tubercules, Racines et Plantains";Ouest;Littoral;Hauts Plateaux;0.866;-0.5;19000;3550000;110.0;23.5;26.0;560;730;2;219;2.1;6.8;0;1;0;0;0;0;1;880;970
2023-04;Patate douce;"Tubercules, Racines et Plantains";Ouest;Centre;Hauts Plateaux;0.866;-0.5;9600;3460000;110.0;23.5;27.0;440;730;2;219;2.1;6.8;0;1;0;0;0;0;1;600;670
2023-04;Tomate;Maraîchers;Ouest;Centre;Hauts Plateaux;0.866;-0.5;16000;3460000;110.0;23.5;32.0;630;730;2;219;2.1;6.8;0;1;0;0;0;0;1;1450;1650
2023-04;Oignon;Maraîchers;Extrême-Nord;Centre;Soudano-sahélienne;0.866;-0.5;26000;3460000;10.0;35.0;28.5;510;730;2;249;2.1;6.8;0;0;0;1;0;0;1;960;1080
2023-04;Gombo;Maraîchers;Centre;Centre;Forêt bimodale;0.866;-0.5;5600;3460000;130.0;26.0;48.0;470;730;2;219;2.1;6.8;0;1;0;0;0;0;1;840;920
2023-04;Piment;Maraîchers;Extrême-Nord;Littoral;Soudano-sahélienne;0.866;-0.5;4300;3550000;10.0;35.0;35.0;620;730;2;249;2.1;6.8;0;0;0;1;0;0;1;1360;1500
2023-04;Poivron;Maraîchers;Extrême-Nord;Centre;Soudano-sahélienne;0.866;-0.5;3600;3460000;10.0;35.0;40.0;600;730;2;249;2.1;6.8;0;0;0;1;0;0;1;1450;1580
2023-04;Ail;Maraîchers;Extrême-Nord;Centre;Soudano-sahélienne;0.866;-0.5;1600;3460000;10.0;35.0;20.5;650;730;2;249;2.1;6.8;0;0;0;1;0;0;1;2980;3250
2023-04;Basilic;Maraîchers;Centre;Centre;Forêt bimodale;0.866;-0.5;1200;3460000;130.0;26.0;60.0;490;730;2;219;2.1;6.8;0;1;0;0;0;0;1;920;1010
2023-04;Légumes feuilles;Maraîchers;Centre;Centre;Forêt bimodale;0.866;-0.5;8100;3460000;130.0;26.0;53.0;470;730;2;219;2.1;6.8;0;1;0;0;0;0;1;750;820
2023-04;Choux;Maraîchers;Ouest;Littoral;Hauts Plateaux;0.866;-0.5;5300;3550000;110.0;23.5;37.0;540;730;2;219;2.1;6.8;0;1;0;0;0;0;1;880;970
2023-04;Pastèque;Maraîchers;Extrême-Nord;Centre;Soudano-sahélienne;0.866;-0.5;3300;3460000;10.0;35.0;24.5;520;730;2;249;2.1;6.8;0;0;0;1;0;0;1;550;620
2023-04;Arachide;Oléagineux et Légumineuses;Nord;Centre;Soudano-sahélienne;0.866;-0.5;60000;3460000;10.0;35.5;12.5;610;730;2;249;2.1;6.8;0;0;0;1;0;0;1;1050;1150
2023-04;Soja;Oléagineux et Légumineuses;Adamaoua;Centre;Savane guinéenne;0.866;-0.5;10100;3460000;45.0;25.0;12.0;580;730;2;219;2.1;6.8;0;0;0;0;0;0;1;960;1050
2023-04;Niébé;Oléagineux et Légumineuses;Extrême-Nord;Extrême-Nord;Soudano-sahélienne;0.866;-0.5;43000;4800000;10.0;35.0;14.0;620;730;2;249;2.1;6.8;0;0;0;1;0;0;1;1000;1100
2023-04;Haricot sec;Oléagineux et Légumineuses;Ouest;Littoral;Hauts Plateaux;0.866;-0.5;40000;3550000;110.0;23.5;11.0;560;730;2;219;2.1;6.8;0;1;0;0;0;0;1;960;1060
2023-04;Huile de palme;Oléagineux et Légumineuses;Littoral;Centre;Forêt monomodale;0.866;-0.5;63000;3460000;160.0;27.5;7.5;710;730;2;219;2.1;6.8;0;1;0;0;0;0;1;1420;1550
2023-04;Ananas;Fruits;Littoral;Centre;Forêt monomodale;0.866;-0.5;10100;3460000;160.0;27.5;20.5;540;730;2;219;2.1;6.8;0;1;0;0;0;0;1;810;900
2023-04;Papaye;Fruits;Centre;Centre;Forêt bimodale;0.866;-0.5;4300;3460000;130.0;26.0;41.0;490;730;2;219;2.1;6.8;0;1;0;0;0;0;1;780;860
2023-04;Mangue;Fruits;Nord;Centre;Soudano-sahélienne;0.866;-0.5;8100;3460000;10.0;35.5;44.0;460;730;2;249;2.1;6.8;0;0;0;1;0;0;1;250;230
2023-04;Avocat;Fruits;Ouest;Littoral;Hauts Plateaux;0.866;-0.5;16000;3550000;110.0;23.5;31.0;480;730;2;219;2.1;6.8;0;1;0;0;0;0;1;750;840
2023-04;Safou;Fruits;Littoral;Centre;Forêt monomodale;0.866;-0.5;5300;3460000;160.0;27.5;46.0;500;730;2;219;2.1;6.8;0;1;0;0;0;0;1;900;1000
2023-04;Citron;Fruits;Centre;Centre;Forêt bimodale;0.866;-0.5;3300;3460000;130.0;26.0;25.0;490;730;2;219;2.1;6.8;0;1;0;0;0;0;1;800;890
2023-04;Orange;Fruits;Centre;Centre;Forêt bimodale;0.866;-0.5;5300;3460000;130.0;26.0;25.0;510;730;2;219;2.1;6.8;0;1;0;0;0;0;1;790;880
2023-04;Banane douce;Fruits;Sud-Ouest;Littoral;Forêt monomodale;0.866;-0.5;22000;3550000;160.0;27.5;34.5;530;730;1;322;2.1;6.8;0;1;0;1;0;0;1;2180;2350
2023-04;Cacao;Cultures de Rente et Stimulants;Centre;Littoral;Forêt bimodale;0.866;-0.5;250000;3550000;130.0;26.0;7.5;750;730;2;219;2.1;6.8;0;1;0;0;0;0;1;2420;2580
2023-04;Café;Cultures de Rente et Stimulants;Ouest;Littoral;Hauts Plateaux;0.866;-0.5;108000;3550000;110.0;23.5;6.5;710;730;2;219;2.1;6.8;0;1;0;0;0;0;1;2580;2750
2023-05;Maïs;Céréales;Ouest;Centre;Hauts Plateaux;0.5;-0.866;61500;3460000;160.0;23.0;13.5;450;730;1;292;2.1;7.5;0;1;0;0;0;0;1;420;460
2023-05;Riz;Céréales;Extrême-Nord;Centre;Soudano-sahélienne;0.5;-0.866;29500;3460000;35.0;34.0;6.5;490;730;1;292;2.1;7.5;1;0;0;1;0;0;1;1020;1120
2023-05;Mil-Sorgho;Céréales;Nord;Extrême-Nord;Soudano-sahélienne;0.5;-0.866;60500;4800000;35.0;34.0;14.0;470;730;1;292;2.1;7.5;0;0;0;1;0;0;1;590;640
2023-05;Blé;Céréales;Littoral(Import);Centre;Forêt monomodale;0.5;-0.866;0;3460000;190.0;26.0;3.5;0;730;1;292;2.1;7.5;1;1;0;0;0;0;1;1180;1320
2023-05;Manioc;"Tubercules, Racines et Plantains";Centre;Centre;Forêt bimodale;0.5;-0.866;128000;3460000;190.0;25.0;38.5;430;730;1;292;2.1;7.5;0;1;0;0;0;0;1;630;690
2023-05;Plantain;"Tubercules, Racines et Plantains";Sud-Ouest;Littoral;Forêt monomodale;0.5;-0.866;40500;3550000;230.0;26.5;32.5;520;730;1;322;2.1;7.5;0;1;0;1;0;0;1;2350;2550
2023-05;Macabo-Taro;"Tubercules, Racines et Plantains";Littoral;Littoral;Forêt monomodale;0.5;-0.866;22000;3550000;230.0;26.5;35.0;460;730;1;292;2.1;7.5;0;1;0;0;0;0;1;730;810
2023-05;Igname;"Tubercules, Racines et Plantains";Adamaoua;Centre;Savane guinéenne;0.5;-0.866;25000;3460000;90.0;24.0;31.5;550;730;1;292;2.1;7.5;0;1;0;0;0;0;1;900;990
2023-05;Pomme de terre;"Tubercules, Racines et Plantains";Ouest;Littoral;Hauts Plateaux;0.5;-0.866;19000;3550000;160.0;23.0;29.0;570;730;1;292;2.1;7.5;0;1;0;0;0;0;1;970;1080
2023-05;Patate douce;"Tubercules, Racines et Plantains";Ouest;Centre;Hauts Plateaux;0.5;-0.866;9600;3460000;160.0;23.0;30.0;450;730;1;292;2.1;7.5;0;1;0;0;0;0;1;670;740
2023-05;Tomate;Maraîchers;Ouest;Centre;Hauts Plateaux;0.5;-0.866;16000;3460000;160.0;23.0;35.0;640;730;1;292;2.1;7.5;0;1;0;0;0;0;1;1650;1850
2023-05;Oignon;Maraîchers;Extrême-Nord;Centre;Soudano-sahélienne;0.5;-0.866;26000;3460000;35.0;34.0;31.5;520;730;1;322;2.1;7.5;0;1;0;1;0;0;1;1080;1220
2023-05;Gombo;Maraîchers;Centre;Centre;Forêt bimodale;0.5;-0.866;5600;3460000;190.0;25.0;51.0;480;730;1;292;2.1;7.5;0;1;0;0;0;0;1;920;1020
2023-05;Piment;Maraîchers;Extrême-Nord;Littoral;Soudano-sahélienne;0.5;-0.866;4300;3550000;35.0;34.0;38.0;630;730;1;322;2.1;7.5;0;1;0;1;0;0;1;1500;1680
2023-05;Poivron;Maraîchers;Extrême-Nord;Centre;Soudano-sahélienne;0.5;-0.866;3600;3460000;35.0;34.0;43.0;610;730;1;322;2.1;7.5;0;1;0;1;0;0;1;1580;1750
2023-05;Ail;Maraîchers;Extrême-Nord;Centre;Soudano-sahélienne;0.5;-0.866;1600;3460000;35.0;34.0;23.5;660;730;1;322;2.1;7.5;0;1;0;1;0;0;1;3250;3600
2023-05;Basilic;Maraîchers;Centre;Centre;Forêt bimodale;0.5;-0.866;1200;3460000;190.0;25.0;63.0;500;730;1;292;2.1;7.5;0;1;0;0;0;0;1;1010;1120
2023-05;Légumes feuilles;Maraîchers;Centre;Centre;Forêt bimodale;0.5;-0.866;8100;3460000;190.0;25.0;56.0;480;730;1;292;2.1;7.5;0;1;0;0;0;0;1;820;910
2023-05;Choux;Maraîchers;Ouest;Littoral;Hauts Plateaux;0.5;-0.866;5300;3550000;160.0;23.0;40.0;550;730;1;292;2.1;7.5;0;1;0;0;0;0;1;970;1080
2023-05;Pastèque;Maraîchers;Extrême-Nord;Centre;Soudano-sahélienne;0.5;-0.866;3300;3460000;35.0;34.0;27.5;530;730;1;322;2.1;7.5;0;1;0;1;0;0;1;620;690
2023-05;Arachide;Oléagineux et Légumineuses;Nord;Centre;Soudano-sahélienne;0.5;-0.866;60000;3460000;35.0;32.5;14.5;620;730;1;322;2.1;7.5;0;1;0;1;0;0;1;1150;1280
2023-05;Soja;Oléagineux et Légumineuses;Adamaoua;Centre;Savane guinéenne;0.5;-0.866;10100;3460000;90.0;24.0;14.0;590;730;1;292;2.1;7.5;0;1;0;0;0;0;1;1050;1160
2023-05;Niébé;Oléagineux et Légumineuses;Extrême-Nord;Extrême-Nord;Soudano-sahélienne;0.5;-0.866;43000;4800000;35.0;34.0;16.0;630;730;1;322;2.1;7.5;0;1;0;1;0;0;1;1100;1220
2023-05;Haricot sec;Oléagineux et Légumineuses;Ouest;Littoral;Hauts Plateaux;0.5;-0.866;40000;3550000;160.0;23.0;13.5;570;730;1;292;2.1;7.5;0;1;0;0;0;0;1;1060;1180
2023-05;Huile de palme;Oléagineux et Légumineuses;Littoral;Centre;Forêt monomodale;0.5;-0.866;63000;3460000;230.0;26.5;9.5;720;730;1;292;2.1;7.5;0;1;0;0;0;0;1;1550;1720
2023-05;Ananas;Fruits;Littoral;Centre;Forêt monomodale;0.5;-0.866;10100;3460000;230.0;26.5;23.5;550;730;1;292;2.1;7.5;0;1;0;0;0;0;1;900;990
2023-05;Papaye;Fruits;Centre;Centre;Forêt bimodale;0.5;-0.866;4300;3460000;190.0;25.0;44.0;500;730;1;292;2.1;7.5;0;1;0;0;0;0;1;860;950
2023-05;Mangue;Fruits;Nord;Centre;Soudano-sahélienne;0.5;-0.866;8100;3460000;35.0;32.5;47.0;470;730;1;322;2.1;7.5;0;1;0;1;0;0;1;230;210
2023-05;Avocat;Fruits;Ouest;Littoral;Hauts Plateaux;0.5;-0.866;16000;3550000;160.0;23.0;34.0;490;730;1;292;2.1;7.5;0;1;0;0;0;0;1;840;920
2023-05;Safou;Fruits;Littoral;Centre;Forêt monomodale;0.5;-0.866;5300;3460000;230.0;26.5;49.0;510;730;1;292;2.1;7.5;0;1;0;0;0;0;1;1000;1100
2023-05;Citron;Fruits;Centre;Centre;Forêt bimodale;0.5;-0.866;3300;3460000;190.0;25.0;28.0;500;730;1;292;2.1;7.5;0;1;0;0;0;0;1;890;980
2023-05;Orange;Fruits;Centre;Centre;Forêt bimodale;0.5;-0.866;5300;3460000;190.0;25.0;28.0;520;730;1;292;2.1;7.5;0;1;0;0;0;0;1;880;960
2023-05;Banane douce;Fruits;Sud-Ouest;Littoral;Forêt monomodale;0.5;-0.866;22000;3550000;230.0;26.5;37.5;540;730;1;322;2.1;7.5;0;1;0;1;0;0;1;2350;2580
2023-05;Cacao;Cultures de Rente et Stimulants;Centre;Littoral;Forêt bimodale;0.5;-0.866;250000;3550000;190.0;25.0;8.5;760;730;1;292;2.1;7.5;0;1;0;0;0;0;1;2580;2800
2023-05;Café;Cultures de Rente et Stimulants;Ouest;Littoral;Hauts Plateaux;0.5;-0.866;108000;3550000;160.0;23.0;7.5;720;730;1;292;2.1;7.5;0;1;0;0;0;0;1;2750;2980
2023-06;Maïs;Céréales;Ouest;Centre;Hauts Plateaux;0.0;-1.0;61500;3460000;210.0;22.0;15.5;460;730;1;292;2.1;6.5;0;1;0;0;0;0;1;460;510
2023-06;Riz;Céréales;Extrême-Nord;Centre;Soudano-sahélienne;0.0;-1.0;29500;3460000;65.0;32.0;7.5;500;730;1;322;2.1;6.5;1;0;0;1;0;0;1;1120;1250
2023-06;Mil-Sorgho;Céréales;Nord;Extrême-Nord;Soudano-sahélienne;0.0;-1.0;60500;4800000;65.0;32.0;15.0;480;730;1;322;2.1;6.5;0;0;0;1;0;0;1;640;710
2023-06;Blé;Céréales;Littoral(Import);Centre;Forêt monomodale;0.0;-1.0;0;3460000;260.0;25.0;4.5;0;730;1;292;2.1;6.5;1;1;0;0;0;0;1;1320;1480
2023-06;Manioc;"Tubercules, Racines et Plantains";Centre;Centre;Forêt bimodale;0.0;-1.0;128000;3460000;260.0;24.0;41.5;440;730;1;292;2.1;6.5;0;1;0;0;0;0;1;690;760
2023-06;Plantain;"Tubercules, Racines et Plantains";Sud-Ouest;Littoral;Forêt monomodale;0.0;-1.0;40500;3550000;310.0;25.5;35.5;530;730;1;322;2.1;6.5;0;1;0;1;0;0;1;2550;2800
2023-06;Macabo-Taro;"Tubercules, Racines et Plantains";Littoral;Littoral;Forêt monomodale;0.0;-1.0;22000;3550000;310.0;25.5;38.0;470;730;1;292;2.1;6.5;0;1;0;0;0;0;1;810;890
2023-06;Igname;"Tubercules, Racines et Plantains";Adamaoua;Centre;Savane guinéenne;0.0;-1.0;25000;3460000;130.0;23.0;34.5;560;730;1;292;2.1;6.5;0;1;0;0;0;0;1;990;1080
2023-06;Pomme de terre;"Tubercules, Racines et Plantains";Ouest;Littoral;Hauts Plateaux;0.0;-1.0;19000;3550000;210.0;22.0;32.0;580;730;1;292;2.1;6.5;0;1;0;0;0;0;1;1080;1200
2023-06;Patate douce;"Tubercules, Racines et Plantains";Ouest;Centre;Hauts Plateaux;0.0;-1.0;9600;3460000;210.0;22.0;33.0;460;730;1;292;2.1;6.5;0;1;0;0;0;0;1;740;820
2023-06;Tomate;Maraîchers;Ouest;Centre;Hauts Plateaux;0.0;-1.0;16000;3460000;210.0;22.0;38.0;650;730;1;292;2.1;6.5;0;1;0;0;0;0;1;1850;2080
2023-06;Oignon;Maraîchers;Extrême-Nord;Centre;Soudano-sahélienne;0.0;-1.0;26000;3460000;65.0;32.0;34.5;530;730;1;322;2.1;6.5;0;1;0;1;0;0;1;1220;1360
2023-06;Gombo;Maraîchers;Centre;Centre;Forêt bimodale;0.0;-1.0;5600;3460000;260.0;24.0;54.0;490;730;1;292;2.1;6.5;0;1;0;0;0;0;1;1020;1140
2023-06;Piment;Maraîchers;Extrême-Nord;Littoral;Soudano-sahélienne;0.0;-1.0;4300;3550000;65.0;32.0;41.0;640;730;1;322;2.1;6.5;0;1;0;1;0;0;1;1680;1880
2023-06;Poivron;Maraîchers;Extrême-Nord;Centre;Soudano-sahélienne;0.0;-1.0;3600;3460000;65.0;32.0;46.0;620;730;1;322;2.1;6.5;0;1;0;1;0;0;1;1750;1950
2023-06;Ail;Maraîchers;Extrême-Nord;Centre;Soudano-sahélienne;0.0;-1.0;1600;3460000;65.0;32.0;26.5;670;730;1;322;2.1;6.5;0;1;0;1;0;0;1;3600;4050
2023-06;Basilic;Maraîchers;Centre;Centre;Forêt bimodale;0.0;-1.0;1200;3460000;260.0;24.0;66.0;510;730;1;292;2.1;6.5;0;1;0;0;0;0;1;1120;1250
2023-06;Légumes feuilles;Maraîchers;Centre;Centre;Forêt bimodale;0.0;-1.0;8100;3460000;260.0;24.0;59.0;490;730;1;292;2.1;6.5;0;1;0;0;0;0;1;910;1000
2023-06;Choux;Maraîchers;Ouest;Littoral;Hauts Plateaux;0.0;-1.0;5300;3550000;210.0;22.0;43.0;560;730;1;292;2.1;6.5;0;1;0;0;0;0;1;1080;1200
2023-06;Pastèque;Maraîchers;Extrême-Nord;Centre;Soudano-sahélienne;0.0;-1.0;3300;3460000;65.0;32.0;30.5;540;730;1;322;2.1;6.5;0;1;0;1;0;0;1;690;760
2023-06;Arachide;Oléagineux et Légumineuses;Nord;Centre;Soudano-sahélienne;0.0;-1.0;60000;3460000;65.0;31.5;17.5;630;730;1;322;2.1;6.5;0;1;0;1;0;0;1;1280;1420
2023-06;Soja;Oléagineux et Légumineuses;Adamaoua;Centre;Savane guinéenne;0.0;-1.0;10100;3460000;130.0;23.0;17.0;600;730;1;292;2.1;6.5;0;1;0;0;0;0;1;1160;1280
2023-06;Niébé;Oléagineux et Légumineuses;Extrême-Nord;Extrême-Nord;Soudano-sahélienne;0.0;-1.0;43000;4800000;65.0;32.0;19.0;640;730;1;322;2.1;6.5;0;1;0;1;0;0;1;1220;1350
2023-06;Haricot sec;Oléagineux et Légumineuses;Ouest;Littoral;Hauts Plateaux;0.0;-1.0;40000;3550000;210.0;22.0;16.5;580;730;1;292;2.1;6.5;0;1;0;0;0;0;1;1180;1300
2023-06;Huile de palme;Oléagineux et Légumineuses;Littoral;Centre;Forêt monomodale;0.0;-1.0;63000;3460000;310.0;25.5;11.5;730;730;1;292;2.1;6.5;0;1;0;0;0;0;1;1720;1900
2023-06;Ananas;Fruits;Littoral;Centre;Forêt monomodale;0.0;-1.0;10100;3460000;310.0;25.5;26.5;560;730;1;292;2.1;6.5;0;1;0;0;0;0;1;990;1100
2023-06;Papaye;Fruits;Centre;Centre;Forêt bimodale;0.0;-1.0;4300;3460000;260.0;24.0;47.0;510;730;1;292;2.1;6.5;0;1;0;0;0;0;1;950;1050
2023-06;Mangue;Fruits;Nord;Centre;Soudano-sahélienne;0.0;-1.0;8100;3460000;65.0;31.5;50.0;480;730;1;322;2.1;6.5;0;1;0;1;0;0;1;210;190
2023-06;Avocat;Fruits;Ouest;Littoral;Hauts Plateaux;0.0;-1.0;16000;3550000;210.0;22.0;37.0;500;730;1;292;2.1;6.5;0;1;0;0;0;0;1;920;1020
2023-06;Safou;Fruits;Littoral;Centre;Forêt monomodale;0.0;-1.0;5300;3460000;310.0;25.5;52.0;520;730;1;292;2.1;6.5;0;1;0;0;0;0;1;1100;1220
2023-06;Citron;Fruits;Centre;Centre;Forêt bimodale;0.0;-1.0;3300;3460000;260.0;24.0;31.0;510;730;1;292;2.1;6.5;0;1;0;0;0;0;1;980;1080
2023-06;Orange;Fruits;Centre;Centre;Forêt bimodale;0.0;-1.0;5300;3460000;260.0;24.0;31.0;530;730;1;292;2.1;6.5;0;1;0;0;0;0;1;960;1060
2023-06;Banane douce;Fruits;Sud-Ouest;Littoral;Forêt monomodale;0.0;-1.0;22000;3550000;310.0;25.5;40.5;550;730;1;322;2.1;6.5;0;1;0;1;0;0;1;2580;2850
2023-06;Cacao;Cultures de Rente et Stimulants;Centre;Littoral;Forêt bimodale;0.0;-1.0;250000;3550000;260.0;24.0;9.5;770;730;1;292;2.1;6.5;0;1;0;0;0;0;1;2800;3100
2023-06;Café;Cultures de Rente et Stimulants;Ouest;Littoral;Hauts Plateaux;0.0;-1.0;108000;3550000;210.0;22.0;8.5;730;730;1;292;2.1;6.5;0;1;0;0;0;0;1;2980;3280
2023-07;Maïs;Céréales;Ouest;Centre;Hauts Plateaux;-0.5;-0.866;61500;3460000;260.0;21.5;16.5;450;730;1;292;2.1;7.5;0;0;0;0;0;0;1;510;550
2023-07;Riz;Céréales;Extrême-Nord;Centre;Soudano-sahélienne;-0.5;-0.866;29500;3460000;110.0;30.0;8.5;490;730;1;322;2.1;7.5;0;0;0;1;0;0;1;1250;1340
2023-07;Mil-Sorgho;Céréales;Nord;Extrême-Nord;Soudano-sahélienne;-0.5;-0.866;60500;4800000;110.0;30.0;16.0;470;730;1;322;2.1;7.5;0;0;0;1;0;0;1;710;760
2023-07;Blé;Céréales;Littoral(Import);Centre;Forêt monomodale;-0.5;-0.866;0;3460000;310.0;24.5;5.0;0;730;1;292;2.1;7.5;1;0;0;0;0;0;1;1480;1590
2023-07;Manioc;"Tubercules, Racines et Plantains";Centre;Centre;Forêt bimodale;-0.5;-0.866;128000;3460000;310.0;23.5;43.5;430;730;1;292;2.1;7.5;0;0;0;0;0;0;1;760;840
2023-07;Plantain;"Tubercules, Racines et Plantains";Sud-Ouest;Littoral;Forêt monomodale;-0.5;-0.866;40500;3550000;380.0;25.0;38.5;520;730;1;322;2.1;7.5;0;0;0;1;0;0;1;2800;3100
2023-07;Macabo-Taro;"Tubercules, Racines et Plantains";Littoral;Littoral;Forêt monomodale;-0.5;-0.866;22000;3550000;380.0;25.0;41.0;460;730;1;292;2.1;7.5;0;0;0;0;0;0;1;890;980
2023-07;Igname;"Tubercules, Racines et Plantains";Adamaoua;Centre;Savane guinéenne;-0.5;-0.866;25000;3460000;180.0;22.5;36.5;550;730;1;292;2.1;7.5;0;0;0;0;0;0;1;1080;1190
2023-07;Pomme de terre;"Tubercules, Racines et Plantains";Ouest;Littoral;Hauts Plateaux;-0.5;-0.866;19000;3550000;260.0;21.5;35.0;570;730;1;292;2.1;7.5;0;0;0;0;0;0;1;1200;1320
2023-07;Patate douce;"Tubercules, Racines et Plantains";Ouest;Centre;Hauts Plateaux;-0.5;-0.866;9600;3460000;260.0;21.5;35.0;450;730;1;292;2.1;7.5;0;0;0;0;0;0;1;820;900
2023-07;Tomate;Maraîchers;Ouest;Centre;Hauts Plateaux;-0.5;-0.866;16000;3460000;260.0;21.5;42.0;640;730;1;292;2.1;7.5;0;0;0;0;0;0;1;2080;2350
2023-07;Oignon;Maraîchers;Extrême-Nord;Centre;Soudano-sahélienne;-0.5;-0.866;26000;3460000;110.0;30.0;36.5;520;730;1;322;2.1;7.5;0;0;0;1;0;0;1;1360;1480
2023-07;Gombo;Maraîchers;Centre;Centre;Forêt bimodale;-0.5;-0.866;5600;3460000;310.0;23.5;57.0;480;730;1;292;2.1;7.5;0;0;0;0;0;0;1;1140;1250
2023-07;Piment;Maraîchers;Extrême-Nord;Littoral;Soudano-sahélienne;-0.5;-0.866;4300;3550000;110.0;30.0;44.0;630;730;1;322;2.1;7.5;0;0;0;1;0;0;1;1880;2050
2023-07;Poivron;Maraîchers;Extrême-Nord;Centre;Soudano-sahélienne;-0.5;-0.866;3600;3460000;110.0;30.0;49.0;610;730;1;322;2.1;7.5;0;0;0;1;0;0;1;1950;2120
2023-07;Ail;Maraîchers;Extrême-Nord;Centre;Soudano-sahélienne;-0.5;-0.866;1600;3460000;110.0;30.0;28.5;660;730;1;322;2.1;7.5;0;0;0;1;0;0;1;4050;4450
2023-07;Basilic;Maraîchers;Centre;Centre;Forêt bimodale;-0.5;-0.866;1200;3460000;310.0;23.5;69.0;500;730;1;292;2.1;7.5;0;0;0;0;0;0;1;1250;1380
2023-07;Légumes feuilles;Maraîchers;Centre;Centre;Forêt bimodale;-0.5;-0.866;8100;3460000;310.0;23.5;62.0;480;730;1;292;2.1;7.5;0;0;0;0;0;0;1;1000;1100
2023-07;Choux;Maraîchers;Ouest;Littoral;Hauts Plateaux;-0.5;-0.866;5300;3550000;260.0;21.5;46.0;550;730;1;292;2.1;7.5;0;0;0;0;0;0;1;1200;1320
2023-07;Pastèque;Maraîchers;Extrême-Nord;Centre;Soudano-sahélienne;-0.5;-0.866;3300;3460000;110.0;30.0;33.5;530;730;1;322;2.1;7.5;0;0;0;1;0;0;1;760;840
2023-07;Arachide;Oléagineux et Légumineuses;Nord;Centre;Soudano-sahélienne;-0.5;-0.866;60000;3460000;110.0;29.5;19.5;620;730;1;322;2.1;7.5;0;0;0;1;0;0;1;1420;1560
2023-07;Soja;Oléagineux et Légumineuses;Adamaoua;Centre;Savane guinéenne;-0.5;-0.866;10100;3460000;180.0;22.5;19.0;590;730;1;292;2.1;7.5;0;0;0;0;0;0;1;1280;1400
2023-07;Niébé;Oléagineux et Légumineuses;Extrême-Nord;Extrême-Nord;Soudano-sahélienne;-0.5;-0.866;43000;4800000;110.0;30.0;21.0;630;730;1;322;2.1;7.5;0;0;0;1;0;0;1;1350;1480
2023-07;Haricot sec;Oléagineux et Légumineuses;Ouest;Littoral;Hauts Plateaux;-0.5;-0.866;40000;3550000;260.0;21.5;18.5;570;730;1;292;2.1;7.5;0;0;0;0;0;0;1;1300;1420
2023-07;Huile de palme;Oléagineux et Légumineuses;Littoral;Centre;Forêt monomodale;-0.5;-0.866;63000;3460000;380.0;25.0;13.5;720;730;1;292;2.1;7.5;0;0;0;0;0;0;1;1900;2080
2023-07;Ananas;Fruits;Littoral;Centre;Forêt monomodale;-0.5;-0.866;10100;3460000;380.0;25.0;29.5;550;730;1;292;2.1;7.5;0;0;0;0;0;0;1;1100;1200
2023-07;Papaye;Fruits;Centre;Centre;Forêt bimodale;-0.5;-0.866;4300;3460000;310.0;23.5;50.0;500;730;1;292;2.1;7.5;0;0;0;0;0;0;1;1050;1150
2023-07;Mangue;Fruits;Nord;Centre;Soudano-sahélienne;-0.5;-0.866;8100;3460000;110.0;29.5;53.0;470;730;1;322;2.1;7.5;0;0;0;1;0;0;1;190;170
2023-07;Avocat;Fruits;Ouest;Littoral;Hauts Plateaux;-0.5;-0.866;16000;3550000;260.0;21.5;40.0;490;730;1;292;2.1;7.5;0;0;0;0;0;0;1;1020;1120
2023-07;Safou;Fruits;Littoral;Centre;Forêt monomodale;-0.5;-0.866;5300;3460000;380.0;25.0;55.0;510;730;1;292;2.1;7.5;0;0;0;0;0;0;1;1220;1340
2023-07;Citron;Fruits;Centre;Centre;Forêt bimodale;-0.5;-0.866;3300;3460000;310.0;23.5;34.0;500;730;1;292;2.1;7.5;0;0;0;0;0;0;1;1080;1180
2023-07;Orange;Fruits;Centre;Centre;Forêt bimodale;-0.5;-0.866;5300;3460000;310.0;23.5;34.0;520;730;1;292;2.1;7.5;0;0;0;0;0;0;1;1060;1160
2023-07;Banane douce;Fruits;Sud-Ouest;Littoral;Forêt monomodale;-0.5;-0.866;22000;3550000;380.0;25.0;43.5;540;730;1;322;2.1;7.5;0;0;0;1;0;0;1;2850;3120
2023-07;Cacao;Cultures de Rente et Stimulants;Centre;Littoral;Forêt bimodale;-0.5;-0.866;250000;3550000;310.0;23.5;10.5;760;730;1;292;2.1;7.5;0;0;0;0;0;0;1;3100;3300
2023-07;Café;Cultures de Rente et Stimulants;Ouest;Littoral;Hauts Plateaux;-0.5;-0.866;108000;3550000;260.0;21.5;9.5;720;730;1;292;2.1;7.5;0;0;0;0;0;0;1;3280;3450
2023-08;Maïs;Céréales;Ouest;Centre;Hauts Plateaux;-0.866;-0.5;61500;3460000;300.0;21.0;17.5;450;730;1;300;2.1;7.8;0;0;0;0;0;0;1;550;600
2023-08;Riz;Céréales;Extrême-Nord;Centre;Soudano-sahélienne;-0.866;-0.5;29500;3460000;160.0;29.0;9.5;490;730;1;330;2.1;7.8;0;0;0;1;0;0;1;1340;1450
2023-08;Mil-Sorgho;Céréales;Nord;Extrême-Nord;Soudano-sahélienne;-0.866;-0.5;60500;4800000;160.0;29.0;17.0;470;730;1;330;2.1;7.8;0;0;0;1;0;0;1;760;830
2023-08;Blé;Céréales;Littoral(Import);Centre;Forêt monomodale;-0.866;-0.5;0;3460000;400.0;24.0;5.5;0;730;1;300;2.1;7.8;1;0;0;0;0;0;1;1590;1720
2023-08;Manioc;"Tubercules, Racines et Plantains";Centre;Centre;Forêt bimodale;-0.866;-0.5;128000;3460000;380.0;23.0;45.5;430;730;1;300;2.1;7.8;0;0;0;0;0;0;1;840;920
2023-08;Plantain;"Tubercules, Racines et Plantains";Sud-Ouest;Littoral;Forêt monomodale;-0.866;-0.5;40500;3550000;450.0;24.5;40.5;520;730;1;330;2.1;7.8;0;0;0;1;0;0;1;3100;3350
2023-08;Macabo-Taro;"Tubercules, Racines et Plantains";Littoral;Littoral;Forêt monomodale;-0.866;-0.5;22000;3550000;450.0;24.5;43.0;460;730;1;300;2.1;7.8;0;0;0;0;0;0;1;980;1060
2023-08;Igname;"Tubercules, Racines et Plantains";Adamaoua;Centre;Savane guinéenne;-0.866;-0.5;25000;3460000;250.0;22.0;38.5;550;730;1;300;2.1;7.8;0;0;0;0;0;0;1;1190;1300
2023-08;Pomme de terre;"Tubercules, Racines et Plantains";Ouest;Littoral;Hauts Plateaux;-0.866;-0.5;19000;3550000;320.0;21.0;37.0;570;730;1;300;2.1;7.8;0;0;0;0;0;0;1;1320;1440
2023-08;Patate douce;"Tubercules, Racines et Plantains";Ouest;Centre;Hauts Plateaux;-0.866;-0.5;9600;3460000;320.0;21.0;37.0;450;730;1;300;2.1;7.8;0;0;0;0;0;0;1;900;990
2023-08;Tomate;Maraîchers;Ouest;Centre;Hauts Plateaux;-0.866;-0.5;16000;3460000;320.0;21.0;45.0;640;730;1;300;2.1;7.8;0;0;0;0;0;0;1;2350;2650
2023-08;Oignon;Maraîchers;Extrême-Nord;Centre;Soudano-sahélienne;-0.866;-0.5;26000;3460000;160.0;29.0;38.5;520;730;1;330;2.1;7.8;0;0;0;1;0;0;1;1480;1620
2023-08;Gombo;Maraîchers;Centre;Centre;Forêt bimodale;-0.866;-0.5;5600;3460000;380.0;23.0;59.0;480;730;1;300;2.1;7.8;0;0;0;0;0;0;1;1250;1380
2023-08;Piment;Maraîchers;Extrême-Nord;Littoral;Soudano-sahélienne;-0.866;-0.5;4300;3550000;160.0;29.0;46.0;630;730;1;330;2.1;7.8;0;0;0;1;0;0;1;2050;2240
2023-08;Poivron;Maraîchers;Extrême-Nord;Centre;Soudano-sahélienne;-0.866;-0.5;3600;3460000;160.0;29.0;51.0;610;730;1;330;2.1;7.8;0;0;0;1;0;0;1;2120;2320
2023-08;Ail;Maraîchers;Extrême-Nord;Centre;Soudano-sahélienne;-0.866;-0.5;1600;3460000;160.0;29.0;30.5;660;730;1;330;2.1;7.8;0;0;0;1;0;0;1;4450;4850
2023-08;Basilic;Maraîchers;Centre;Centre;Forêt bimodale;-0.866;-0.5;1200;3460000;380.0;23.0;71.0;500;730;1;300;2.1;7.8;0;0;0;0;0;0;1;1380;1510
2023-08;Légumes feuilles;Maraîchers;Centre;Centre;Forêt bimodale;-0.866;-0.5;8100;3460000;380.0;23.0;64.0;480;730;1;300;2.1;7.8;0;0;0;0;0;0;1;1100;1210
2023-08;Choux;Maraîchers;Ouest;Littoral;Hauts Plateaux;-0.866;-0.5;5300;3550000;320.0;21.0;48.0;550;730;1;300;2.1;7.8;0;0;0;0;0;0;1;1320;1440
2023-08;Pastèque;Maraîchers;Extrême-Nord;Centre;Soudano-sahélienne;-0.866;-0.5;3300;3460000;160.0;29.0;35.5;530;730;1;330;2.1;7.8;0;0;0;1;0;0;1;840;920
2023-08;Arachide;Oléagineux et Légumineuses;Nord;Centre;Soudano-sahélienne;-0.866;-0.5;60000;3460000;160.0;28.5;21.5;620;730;1;330;2.1;7.8;0;0;0;1;0;0;1;1560;1710
2023-08;Soja;Oléagineux et Légumineuses;Adamaoua;Centre;Savane guinéenne;-0.866;-0.5;10100;3460000;250.0;22.0;21.0;590;730;1;300;2.1;7.8;0;0;0;0;0;0;1;1400;1540
2023-08;Niébé;Oléagineux et Légumineuses;Extrême-Nord;Extrême-Nord;Soudano-sahélienne;-0.866;-0.5;43000;4800000;160.0;29.0;23.0;630;730;1;330;2.1;7.8;0;0;0;1;0;0;1;1480;1620
2023-08;Haricot sec;Oléagineux et Légumineuses;Ouest;Littoral;Hauts Plateaux;-0.866;-0.5;40000;3550000;320.0;21.0;20.5;570;730;1;300;2.1;7.8;0;0;0;0;0;0;1;1420;1550
2023-08;Huile de palme;Oléagineux et Légumineuses;Littoral;Centre;Forêt monomodale;-0.866;-0.5;63000;3460000;450.0;24.5;15.5;720;730;1;300;2.1;7.8;0;0;0;0;0;0;1;2080;2280
2023-08;Ananas;Fruits;Littoral;Centre;Forêt monomodale;-0.866;-0.5;10100;3460000;450.0;24.5;31.5;550;730;1;300;2.1;7.8;0;0;0;0;0;0;1;1200;1320
2023-08;Papaye;Fruits;Centre;Centre;Forêt bimodale;-0.866;-0.5;4300;3460000;380.0;23.0;52.0;500;730;1;300;2.1;7.8;0;0;0;0;0;0;1;1150;1260
2023-08;Mangue;Fruits;Nord;Centre;Soudano-sahélienne;-0.866;-0.5;8100;3460000;160.0;28.5;55.0;470;730;1;330;2.1;7.8;0;0;0;1;0;0;1;170;150
2023-08;Avocat;Fruits;Ouest;Littoral;Hauts Plateaux;-0.866;-0.5;16000;3550000;320.0;21.0;42.0;490;730;1;300;2.1;7.8;0;0;0;0;0;0;1;1120;1220
2023-08;Safou;Fruits;Littoral;Centre;Forêt monomodale;-0.866;-0.5;5300;3460000;450.0;24.5;57.0;510;730;1;300;2.1;7.8;0;0;0;0;0;0;1;1340;1460
2023-08;Citron;Fruits;Centre;Centre;Forêt bimodale;-0.866;-0.5;3300;3460000;380.0;23.0;36.0;500;730;1;300;2.1;7.8;0;0;0;0;0;0;1;1180;1290
2023-08;Orange;Fruits;Centre;Centre;Forêt bimodale;-0.866;-0.5;5300;3460000;380.0;23.0;36.0;520;730;1;300;2.1;7.8;0;0;0;0;0;0;1;1160;1260
2023-08;Banane douce;Fruits;Sud-Ouest;Littoral;Forêt monomodale;-0.866;-0.5;22000;3550000;450.0;24.5;45.5;540;730;1;330;2.1;7.8;0;0;0;1;0;0;1;3120;3400
2023-08;Cacao;Cultures de Rente et Stimulants;Centre;Littoral;Forêt bimodale;-0.866;-0.5;250000;3550000;380.0;23.0;11.5;760;730;1;300;2.1;7.8;0;0;0;0;0;0;1;3300;3550
2023-08;Café;Cultures de Rente et Stimulants;Ouest;Littoral;Hauts Plateaux;-0.866;-0.5;108000;3550000;320.0;21.0;10.5;720;730;1;300;2.1;7.8;0;0;0;0;0;0;1;3450;3650
2023-09;Maïs;Céréales;Ouest;Centre;Hauts Plateaux;-1.0;0.0;61500;3460000;250.0;22.0;13.5;450;730;2;219;2.1;7.2;0;0;0;0;0;0;1;600;550
2023-09;Riz;Céréales;Extrême-Nord;Centre;Soudano-sahélienne;-1.0;0.0;29500;3460000;110.0;30.0;7.5;490;730;2;249;2.1;7.2;0;0;0;1;0;0;1;1450;1320
2023-09;Mil-Sorgho;Céréales;Nord;Extrême-Nord;Soudano-sahélienne;-1.0;0.0;60500;4800000;80.0;31.0;14.0;470;730;2;249;2.1;7.2;0;0;0;1;0;0;1;830;750
2023-09;Blé;Céréales;Littoral(Import);Centre;Forêt monomodale;-1.0;0.0;0;3460000;350.0;25.0;5.0;0;730;2;219;2.1;7.2;1;0;0;0;0;0;1;1720;1580
2023-09;Manioc;"Tubercules, Racines et Plantains";Centre;Centre;Forêt bimodale;-1.0;0.0;128000;3460000;150.0;24.0;38.0;430;730;2;219;2.1;7.2;0;0;0;0;0;0;1;920;840
2023-09;Plantain;"Tubercules, Racines et Plantains";Sud-Ouest;Littoral;Forêt monomodale;-1.0;0.0;40500;3550000;350.0;25.5;35.5;520;730;2;249;2.1;7.2;0;0;0;1;0;0;1;3350;3080
2023-09;Macabo-Taro;"Tubercules, Racines et Plantains";Littoral;Littoral;Forêt monomodale;-1.0;0.0;22000;3550000;350.0;25.5;38.0;460;730;2;219;2.1;7.2;0;0;0;0;0;0;1;1060;970
2023-09;Igname;"Tubercules, Racines et Plantains";Adamaoua;Centre;Savane guinéenne;-1.0;0.0;25000;3460000;150.0;22.0;32.0;550;730;2;219;2.1;7.2;0;0;0;0;0;0;1;1300;1200
2023-09;Pomme de terre;"Tubercules, Racines et Plantains";Ouest;Littoral;Hauts Plateaux;-1.0;0.0;19000;3550000;200.0;21.0;30.0;570;730;2;219;2.1;7.2;0;0;0;0;0;0;1;1440;1320
2023-09;Patate douce;"Tubercules, Racines et Plantains";Ouest;Centre;Hauts Plateaux;-1.0;0.0;9600;3460000;200.0;21.0;32.0;450;730;2;219;2.1;7.2;0;0;0;0;0;0;1;990;900
2023-09;Tomate;Maraîchers;Ouest;Centre;Hauts Plateaux;-1.0;0.0;16000;3460000;200.0;21.0;40.0;640;730;2;219;2.1;7.2;0;0;0;0;0;0;1;2650;2450
2023-09;Oignon;Maraîchers;Extrême-Nord;Centre;Soudano-sahélienne;-1.0;0.0;26000;3460000;100.0;31.0;30.0;520;730;2;249;2.1;7.2;0;0;0;1;0;0;1;1620;1480
2023-09;Gombo;Maraîchers;Centre;Centre;Forêt bimodale;-1.0;0.0;5600;3460000;150.0;24.0;50.0;480;730;2;219;2.1;7.2;0;0;0;0;0;0;1;1380;1260
2023-09;Piment;Maraîchers;Extrême-Nord;Littoral;Soudano-sahélienne;-1.0;0.0;4300;3550000;100.0;31.0;38.0;630;730;2;249;2.1;7.2;0;0;0;1;0;0;1;2240;2050
2023-09;Poivron;Maraîchers;Extrême-Nord;Centre;Soudano-sahélienne;-1.0;0.0;3600;3460000;100.0;31.0;42.0;610;730;2;249;2.1;7.2;0;0;0;1;0;0;1;2320;2120
2023-09;Ail;Maraîchers;Extrême-Nord;Centre;Soudano-sahélienne;-1.0;0.0;1600;3460000;100.0;31.0;25.0;660;730;2;249;2.1;7.2;0;0;0;1;0;0;1;4850;4450
2023-09;Basilic;Maraîchers;Centre;Centre;Forêt bimodale;-1.0;0.0;1200;3460000;150.0;24.0;60.0;500;730;2;219;2.1;7.2;0;0;0;0;0;0;1;1510;1380
2023-09;Légumes feuilles;Maraîchers;Centre;Centre;Forêt bimodale;-1.0;0.0;8100;3460000;150.0;24.0;55.0;480;730;2;219;2.1;7.2;0;0;0;0;0;0;1;1210;1100
2023-09;Choux;Maraîchers;Ouest;Littoral;Hauts Plateaux;-1.0;0.0;5300;3550000;200.0;21.0;40.0;550;730;2;219;2.1;7.2;0;0;0;0;0;0;1;1440;1320
2023-09;Pastèque;Maraîchers;Extrême-Nord;Centre;Soudano-sahélienne;-1.0;0.0;3300;3460000;100.0;31.0;26.0;530;730;2;249;2.1;7.2;0;0;0;1;0;0;1;920;840
2023-09;Arachide;Oléagineux et Légumineuses;Nord;Centre;Soudano-sahélienne;-1.0;0.0;60000;3460000;80.0;30.0;16.0;620;730;2;249;2.1;7.2;0;0;0;1;0;0;1;1710;1560
2023-09;Soja;Oléagineux et Légumineuses;Adamaoua;Centre;Savane guinéenne;-1.0;0.0;10100;3460000;150.0;22.0;16.0;590;730;2;219;2.1;7.2;0;0;0;0;0;0;1;1540;1400
2023-09;Niébé;Oléagineux et Légumineuses;Extrême-Nord;Extrême-Nord;Soudano-sahélienne;-1.0;0.0;43000;4800000;100.0;31.0;14.0;630;730;2;249;2.1;7.2;0;0;0;1;0;0;1;1620;1480
2023-09;Haricot sec;Oléagineux et Légumineuses;Ouest;Littoral;Hauts Plateaux;-1.0;0.0;40000;3550000;200.0;21.0;14.0;570;730;2;219;2.1;7.2;0;0;0;0;0;0;1;1550;1420
2023-09;Huile de palme;Oléagineux et Légumineuses;Littoral;Centre;Forêt monomodale;-1.0;0.0;63000;3460000;350.0;25.5;9.0;720;730;2;219;2.1;7.2;0;0;0;0;0;0;1;2280;2100
2023-09;Ananas;Fruits;Littoral;Centre;Forêt monomodale;-1.0;0.0;10100;3460000;350.0;25.5;28.0;550;730;2;219;2.1;7.2;0;0;0;0;0;0;1;1320;1200
2023-09;Papaye;Fruits;Centre;Centre;Forêt bimodale;-1.0;0.0;4300;3460000;150.0;24.0;45.0;500;730;2;219;2.1;7.2;0;0;0;0;0;0;1;1260;1150
2023-09;Mangue;Fruits;Nord;Centre;Soudano-sahélienne;-1.0;0.0;8100;3460000;80.0;30.0;48.0;470;730;2;249;2.1;7.2;0;0;0;1;0;0;1;150;170
2023-09;Avocat;Fruits;Ouest;Littoral;Hauts Plateaux;-1.0;0.0;16000;3550000;200.0;21.0;35.0;490;730;2;219;2.1;7.2;0;0;0;0;0;0;1;1220;1120
2023-09;Safou;Fruits;Littoral;Centre;Forêt monomodale;-1.0;0.0;5300;3460000;350.0;25.5;48.0;510;730;2;219;2.1;7.2;0;0;0;0;0;0;1;1460;1340
2023-09;Citron;Fruits;Centre;Centre;Forêt bimodale;-1.0;0.0;3300;3460000;150.0;24.0;30.0;500;730;2;219;2.1;7.2;0;0;0;0;0;0;1;1290;1180
2023-09;Orange;Fruits;Centre;Centre;Forêt bimodale;-1.0;0.0;5300;3460000;150.0;24.0;30.0;520;730;2;219;2.1;7.2;0;0;0;0;0;0;1;1260;1160
2023-09;Banane douce;Fruits;Sud-Ouest;Littoral;Forêt monomodale;-1.0;0.0;22000;3550000;350.0;25.5;40.0;540;730;2;249;2.1;7.2;0;0;0;1;0;0;1;3400;3120
2023-09;Cacao;Cultures de Rente et Stimulants;Centre;Littoral;Forêt bimodale;-1.0;0.0;250000;3550000;280.0;24.0;9.0;760;730;2;219;2.1;7.2;0;0;0;0;0;0;1;3550;3300
2023-09;Café;Cultures de Rente et Stimulants;Ouest;Littoral;Hauts Plateaux;-1.0;0.0;108000;3550000;200.0;21.0;8.0;720;730;2;219;2.1;7.2;0;0;0;0;0;0;1;3650;3450
2023-10;Maïs;Céréales;Ouest;Centre;Hauts Plateaux;-0.866;0.5;61500;3460000;150.0;23.0;10.0;450;730;3;146;2.1;7.0;0;0;0;0;0;0;1;550;500
2023-10;Riz;Céréales;Extrême-Nord;Centre;Soudano-sahélienne;-0.866;0.5;29500;3460000;40.0;31.5;5.5;490;730;3;146;2.1;7.0;0;0;0;1;0;0;1;1320;1200
2023-10;Mil-Sorgho;Céréales;Nord;Extrême-Nord;Soudano-sahélienne;-0.866;0.5;60500;4800000;40.0;32.0;13.0;470;730;3;146;2.1;7.0;0;0;0;1;0;0;1;750;690
2023-10;Blé;Céréales;Littoral(Import);Centre;Forêt monomodale;-0.866;0.5;0;3460000;250.0;26.0;3.0;0;730;3;146;2.1;7.0;1;0;0;0;0;0;1;1580;1440
2023-10;Manioc;"Tubercules, Racines et Plantains";Centre;Centre;Forêt bimodale;-0.866;0.5;128000;3460000;100.0;25.0;34.0;430;730;3;146;2.1;7.0;0;0;0;0;0;0;1;840;760
2023-10;Plantain;"Tubercules, Racines et Plantains";Sud-Ouest;Littoral;Forêt monomodale;-0.866;0.5;40500;3550000;250.0;26.5;30.0;520;730;3;146;2.1;7.0;0;0;0;1;0;0;1;3080;2820
2023-10;Macabo-Taro;"Tubercules, Racines et Plantains";Littoral;Littoral;Forêt monomodale;-0.866;0.5;22000;3550000;250.0;26.5;33.0;460;730;3;146;2.1;7.0;0;0;0;0;0;0;1;970;890
2023-10;Igname;"Tubercules, Racines et Plantains";Adamaoua;Centre;Savane guinéenne;-0.866;0.5;25000;3460000;50.0;23.0;28.0;550;730;3;146;2.1;7.0;0;0;0;0;0;0;1;1200;1100
2023-10;Pomme de terre;"Tubercules, Racines et Plantains";Ouest;Littoral;Hauts Plateaux;-0.866;0.5;19000;3550000;100.0;23.0;25.0;570;730;3;146;2.1;7.0;0;0;0;0;0;0;1;1320;1210
2023-10;Patate douce;"Tubercules, Racines et Plantains";Ouest;Centre;Hauts Plateaux;-0.866;0.5;9600;3460000;100.0;23.0;26.0;450;730;3;146;2.1;7.0;0;0;0;0;0;0;1;900;830
2023-10;Tomate;Maraîchers;Ouest;Centre;Hauts Plateaux;-0.866;0.5;16000;3460000;100.0;23.0;30.0;640;730;3;146;2.1;7.0;0;0;0;0;0;0;1;2450;2250
2023-10;Oignon;Maraîchers;Extrême-Nord;Centre;Soudano-sahélienne;-0.866;0.5;26000;3460000;30.0;33.0;28.0;520;730;3;146;2.1;7.0;0;0;0;1;0;0;1;1480;1350
2023-10;Gombo;Maraîchers;Centre;Centre;Forêt bimodale;-0.866;0.5;5600;3460000;100.0;25.0;45.0;480;730;3;146;2.1;7.0;0;0;0;0;0;0;1;1260;1160
2023-10;Piment;Maraîchers;Extrême-Nord;Littoral;Soudano-sahélienne;-0.866;0.5;4300;3550000;30.0;33.0;34.0;630;730;3;146;2.1;7.0;0;0;0;1;0;0;1;2050;1880
2023-10;Poivron;Maraîchers;Extrême-Nord;Centre;Soudano-sahélienne;-0.866;0.5;3600;3460000;30.0;33.0;38.0;610;730;3;146;2.1;7.0;0;0;0;1;0;0;1;2120;1950
2023-10;Ail;Maraîchers;Extrême-Nord;Centre;Soudano-sahélienne;-0.866;0.5;1600;3460000;30.0;33.0;22.0;660;730;3;146;2.1;7.0;0;0;0;1;0;0;1;4450;4050
2023-10;Basilic;Maraîchers;Centre;Centre;Forêt bimodale;-0.866;0.5;1200;3460000;100.0;25.0;55.0;500;730;3;146;2.1;7.0;0;0;0;0;0;0;1;1380;1260
2023-10;Légumes feuilles;Maraîchers;Centre;Centre;Forêt bimodale;-0.866;0.5;8100;3460000;100.0;25.0;50.0;480;730;3;146;2.1;7.0;0;0;0;0;0;0;1;1100;1000
2023-10;Choux;Maraîchers;Ouest;Littoral;Hauts Plateaux;-0.866;0.5;5300;3550000;100.0;23.0;34.0;550;730;3;146;2.1;7.0;0;0;0;0;0;0;1;1320;1210
2023-10;Pastèque;Maraîchers;Extrême-Nord;Centre;Soudano-sahélienne;-0.866;0.5;3300;3460000;30.0;33.0;24.0;530;730;3;146;2.1;7.0;0;0;0;1;0;0;1;840;760
2023-10;Arachide;Oléagineux et Légumineuses;Nord;Centre;Soudano-sahélienne;-0.866;0.5;60000;3460000;20.0;32.0;12.0;620;730;3;146;2.1;7.0;0;0;0;1;0;0;1;1560;1430
2023-10;Soja;Oléagineux et Légumineuses;Adamaoua;Centre;Savane guinéenne;-0.866;0.5;10100;3460000;50.0;23.0;12.0;590;730;3;146;2.1;7.0;0;0;0;0;0;0;1;1400;1280
2023-10;Niébé;Oléagineux et Légumineuses;Extrême-Nord;Extrême-Nord;Soudano-sahélienne;-0.866;0.5;43000;4800000;30.0;33.0;12.0;630;730;3;146;2.1;7.0;0;0;0;1;0;0;1;1480;1360
2023-10;Haricot sec;Oléagineux et Légumineuses;Ouest;Littoral;Hauts Plateaux;-0.866;0.5;40000;3550000;100.0;23.0;11.0;570;730;3;146;2.1;7.0;0;0;0;0;0;0;1;1420;1300
2023-10;Huile de palme;Oléagineux et Légumineuses;Littoral;Centre;Forêt monomodale;-0.866;0.5;63000;3460000;250.0;26.5;7.0;720;730;3;146;2.1;7.0;0;0;0;0;0;0;1;2100;1920
2023-10;Ananas;Fruits;Littoral;Centre;Forêt monomodale;-0.866;0.5;10100;3460000;250.0;26.5;22.0;550;730;3;146;2.1;7.0;0;0;0;0;0;0;1;1200;1100
2023-10;Papaye;Fruits;Centre;Centre;Forêt bimodale;-0.866;0.5;4300;3460000;100.0;25.0;38.0;500;730;3;146;2.1;7.0;0;0;0;0;0;0;1;1150;1050
2023-10;Mangue;Fruits;Nord;Centre;Soudano-sahélienne;-0.866;0.5;8100;3460000;20.0;32.0;42.0;470;730;3;146;2.1;7.0;0;0;0;1;0;0;1;170;185
2023-10;Avocat;Fruits;Ouest;Littoral;Hauts Plateaux;-0.866;0.5;16000;3550000;100.0;23.0;28.0;490;730;3;146;2.1;7.0;0;0;0;0;0;0;1;1120;1020
2023-10;Safou;Fruits;Littoral;Centre;Forêt monomodale;-0.866;0.5;5300;3460000;250.0;26.5;42.0;510;730;3;146;2.1;7.0;0;0;0;0;0;0;1;1340;1220
2023-10;Citron;Fruits;Centre;Centre;Forêt bimodale;-0.866;0.5;3300;3460000;100.0;25.0;24.0;500;730;3;146;2.1;7.0;0;0;0;0;0;0;1;1180;1080
2023-10;Orange;Fruits;Centre;Centre;Forêt bimodale;-0.866;0.5;5300;3460000;100.0;25.0;24.0;520;730;3;146;2.1;7.0;0;0;0;0;0;0;1;1160;1060
2023-10;Banane douce;Fruits;Sud-Ouest;Littoral;Forêt monomodale;-0.866;0.5;22000;3550000;250.0;26.5;33.0;540;730;3;146;2.1;7.0;0;0;0;1;0;0;1;3120;2850
2023-10;Cacao;Cultures de Rente et Stimulants;Centre;Littoral;Forêt bimodale;-0.866;0.5;250000;3550000;100.0;25.0;7.0;760;730;3;146;2.1;7.0;0;0;0;0;0;0;1;3300;3020
2023-10;Café;Cultures de Rente et Stimulants;Ouest;Littoral;Hauts Plateaux;-0.866;0.5;108000;3550000;100.0;23.0;7.0;720;730;3;146;2.1;7.0;0;0;0;0;0;0;1;3450;3150
2023-11;Maïs;Céréales;Ouest;Centre;Hauts Plateaux;-0.5;0.866;61500;3460000;50.0;24.0;8.0;450;730;4;73;2.1;6.8;0;0;0;0;0;0;1;500;460
2023-11;Riz;Céréales;Extrême-Nord;Centre;Soudano-sahélienne;-0.5;0.866;29500;3460000;0.0;31.0;5.0;490;730;4;73;2.1;6.8;0;0;0;1;0;0;1;1200;1100
2023-11;Mil-Sorgho;Céréales;Nord;Extrême-Nord;Soudano-sahélienne;-0.5;0.866;60500;4800000;0.0;32.0;12.0;470;730;4;73;2.1;6.8;0;0;0;1;0;0;1;690;630
2023-11;Blé;Céréales;Littoral(Import);Centre;Forêt monomodale;-0.5;0.866;0;3460000;100.0;27.0;2.0;0;730;4;73;2.1;6.8;1;0;0;0;0;0;1;1440;1320
2023-11;Manioc;"Tubercules, Racines et Plantains";Centre;Centre;Forêt bimodale;-0.5;0.866;128000;3460000;50.0;26.0;30.0;430;730;4;73;2.1;6.8;0;0;0;0;0;0;1;760;700
2023-11;Plantain;"Tubercules, Racines et Plantains";Sud-Ouest;Littoral;Forêt monomodale;-0.5;0.866;40500;3550000;100.0;28.0;25.0;520;730;4;73;2.1;6.8;0;0;0;1;0;0;1;2820;2580
2023-11;Macabo-Taro;"Tubercules, Racines et Plantains";Littoral;Littoral;Forêt monomodale;-0.5;0.866;22000;3550000;100.0;28.0;28.0;460;730;4;73;2.1;6.8;0;0;0;0;0;0;1;890;820
2023-11;Igname;"Tubercules, Racines et Plantains";Adamaoua;Centre;Savane guinéenne;-0.5;0.866;25000;3460000;10.0;24.0;25.0;550;730;4;73;2.1;6.8;0;0;0;0;0;0;1;1100;1010
2023-11;Pomme de terre;"Tubercules, Racines et Plantains";Ouest;Littoral;Hauts Plateaux;-0.5;0.866;19000;3550000;50.0;24.0;22.0;570;730;4;73;2.1;6.8;0;0;0;0;0;0;1;1210;1110
2023-11;Patate douce;"Tubercules, Racines et Plantains";Ouest;Centre;Hauts Plateaux;-0.5;0.866;9600;3460000;50.0;24.0;23.0;450;730;4;73;2.1;6.8;0;0;0;0;0;0;1;830;760
2023-11;Tomate;Maraîchers;Ouest;Centre;Hauts Plateaux;-0.5;0.866;16000;3460000;50.0;24.0;22.0;640;730;4;73;2.1;6.8;0;0;0;0;0;0;1;1950;1500
2023-11;Oignon;Maraîchers;Extrême-Nord;Centre;Soudano-sahélienne;-0.5;0.866;26000;3460000;0.0;31.0;25.0;520;730;4;73;2.1;6.8;0;0;0;1;0;0;1;1350;1240
2023-11;Gombo;Maraîchers;Centre;Centre;Forêt bimodale;-0.5;0.866;5600;3460000;50.0;26.0;42.0;480;730;4;73;2.1;6.8;0;0;0;0;0;0;1;1160;1060
2023-11;Piment;Maraîchers;Extrême-Nord;Littoral;Soudano-sahélienne;-0.5;0.866;4300;3550000;0.0;31.0;30.0;630;730;4;73;2.1;6.8;0;0;0;1;0;0;1;1880;1720
2023-11;Poivron;Maraîchers;Extrême-Nord;Centre;Soudano-sahélienne;-0.5;0.866;3600;3460000;0.0;31.0;35.0;610;730;4;73;2.1;6.8;0;0;0;1;0;0;1;1950;1790
2023-11;Ail;Maraîchers;Extrême-Nord;Centre;Soudano-sahélienne;-0.5;0.866;1600;3460000;0.0;31.0;18.0;660;730;4;73;2.1;6.8;0;0;0;1;0;0;1;4050;3720
2023-11;Basilic;Maraîchers;Centre;Centre;Forêt bimodale;-0.5;0.866;1200;3460000;50.0;26.0;52.0;500;730;4;73;2.1;6.8;0;0;0;0;0;0;1;1260;1160
2023-11;Légumes feuilles;Maraîchers;Centre;Centre;Forêt bimodale;-0.5;0.866;8100;3460000;50.0;26.0;45.0;480;730;4;73;2.1;6.8;0;0;0;0;0;0;1;1000;920
2023-11;Choux;Maraîchers;Ouest;Littoral;Hauts Plateaux;-0.5;0.866;5300;3550000;50.0;24.0;30.0;550;730;4;73;2.1;6.8;0;0;0;0;0;0;1;1210;1110
2023-11;Pastèque;Maraîchers;Extrême-Nord;Centre;Soudano-sahélienne;-0.5;0.866;3300;3460000;0.0;31.0;20.0;530;730;4;73;2.1;6.8;0;0;0;1;0;0;1;760;700
2023-11;Arachide;Oléagineux et Légumineuses;Nord;Centre;Soudano-sahélienne;-0.5;0.866;60000;3460000;0.0;30.0;10.0;620;730;4;73;2.1;6.8;0;0;0;1;0;0;1;1430;1310
2023-11;Soja;Oléagineux et Légumineuses;Adamaoua;Centre;Savane guinéenne;-0.5;0.866;10100;3460000;10.0;24.0;10.0;590;730;4;73;2.1;6.8;0;0;0;0;0;0;1;1280;1180
2023-11;Niébé;Oléagineux et Légumineuses;Extrême-Nord;Extrême-Nord;Soudano-sahélienne;-0.5;0.866;43000;4800000;0.0;31.0;12.0;630;730;4;73;2.1;6.8;0;0;0;1;0;0;1;1360;1250
2023-11;Haricot sec;Oléagineux et Légumineuses;Ouest;Littoral;Hauts Plateaux;-0.5;0.866;40000;3550000;50.0;24.0;8.0;570;730;4;73;2.1;6.8;0;0;0;0;0;0;1;1300;1190
2023-11;Huile de palme;Oléagineux et Légumineuses;Littoral;Centre;Forêt monomodale;-0.5;0.866;63000;3460000;100.0;28.0;5.0;720;730;4;73;2.1;6.8;0;0;0;0;0;0;1;1920;1760
2023-11;Ananas;Fruits;Littoral;Centre;Forêt monomodale;-0.5;0.866;10100;3460000;100.0;28.0;18.0;550;730;4;73;2.1;6.8;0;0;0;0;0;0;1;1100;1010
2023-11;Papaye;Fruits;Centre;Centre;Forêt bimodale;-0.5;0.866;4300;3460000;50.0;26.0;35.0;500;730;4;73;2.1;6.8;0;0;0;0;0;0;1;1050;960
2023-11;Mangue;Fruits;Nord;Centre;Soudano-sahélienne;-0.5;0.866;8100;3460000;0.0;30.0;40.0;470;730;4;73;2.1;6.8;0;0;0;1;0;0;1;185;200
2023-11;Avocat;Fruits;Ouest;Littoral;Hauts Plateaux;-0.5;0.866;16000;3550000;50.0;24.0;25.0;490;730;4;73;2.1;6.8;0;0;0;0;0;0;1;1020;940
2023-11;Safou;Fruits;Littoral;Centre;Forêt monomodale;-0.5;0.866;5300;3460000;100.0;28.0;40.0;510;730;4;73;2.1;6.8;0;0;0;0;0;0;1;1220;1120
2023-11;Citron;Fruits;Centre;Centre;Forêt bimodale;-0.5;0.866;3300;3460000;50.0;26.0;20.0;500;730;4;73;2.1;6.8;0;0;0;0;0;0;1;1080;990
2023-11;Orange;Fruits;Centre;Centre;Forêt bimodale;-0.5;0.866;5300;3460000;50.0;26.0;20.0;520;730;4;73;2.1;6.8;0;0;0;0;0;0;1;1060;970
2023-11;Banane douce;Fruits;Sud-Ouest;Littoral;Forêt monomodale;-0.5;0.866;22000;3550000;100.0;28.0;30.0;540;730;4;73;2.1;6.8;0;0;0;1;0;0;1;2850;2620
2023-11;Cacao;Cultures de Rente et Stimulants;Centre;Littoral;Forêt bimodale;-0.5;0.866;250000;3550000;50.0;26.0;6.0;760;730;4;73;2.1;6.8;0;0;0;0;0;0;1;3020;2770
2023-11;Café;Cultures de Rente et Stimulants;Ouest;Littoral;Hauts Plateaux;-0.5;0.866;108000;3550000;50.0;24.0;5.0;720;730;4;73;2.1;6.8;0;0;0;0;0;0;1;3150;2890
2023-12;Maïs;Céréales;Ouest;Centre;Hauts Plateaux;0.0;1.0;61500;3460000;10.5;23.0;8.0;450;730;4;73;2.1;6.8;0;0;1;0;0;0;1;460;490
2023-12;Riz;Céréales;Extrême-Nord;Centre;Soudano-sahélienne;0.0;1.0;29500;3460000;0.0;30.5;5.0;490;730;4;73;2.1;6.8;0;0;1;1;0;0;1;1100;1180
2023-12;Mil-Sorgho;Céréales;Nord;Extrême-Nord;Soudano-sahélienne;0.0;1.0;60500;4800000;0.0;32.0;12.0;470;730;4;73;2.1;6.8;0;0;1;1;0;0;1;630;680
2023-12;Blé;Céréales;Littoral(Import);Centre;Forêt monomodale;0.0;1.0;0;3460000;50.0;27.0;2.0;0;730;4;73;2.1;6.8;1;0;1;0;0;0;1;1320;1430
2023-12;Manioc;"Tubercules, Racines et Plantains";Centre;Centre;Forêt bimodale;0.0;1.0;128000;3460000;20.0;25.0;30.0;430;730;4;73;2.1;6.8;0;0;1;0;0;0;1;700;760
2023-12;Plantain;"Tubercules, Racines et Plantains";Sud-Ouest;Littoral;Forêt monomodale;0.0;1.0;40500;3550000;50.0;27.0;25.0;520;730;4;73;2.1;6.8;0;0;1;1;0;0;1;2580;3000
2023-12;Macabo-Taro;"Tubercules, Racines et Plantains";Littoral;Littoral;Forêt monomodale;0.0;1.0;22000;3550000;50.0;27.0;28.0;460;730;4;73;2.1;6.8;0;0;1;0;0;0;1;820;890
2023-12;Igname;"Tubercules, Racines et Plantains";Adamaoua;Centre;Savane guinéenne;0.0;1.0;25000;3460000;0.0;24.0;25.0;550;730;4;73;2.1;6.8;0;0;1;0;0;0;1;1010;1100
2023-12;Pomme de terre;"Tubercules, Racines et Plantains";Ouest;Littoral;Hauts Plateaux;0.0;1.0;19000;3550000;10.5;23.0;22.0;570;730;4;73;2.1;6.8;0;0;1;0;0;0;1;1110;1210
2023-12;Patate douce;"Tubercules, Racines et Plantains";Ouest;Centre;Hauts Plateaux;0.0;1.0;9600;3460000;10.5;23.0;23.0;450;730;4;73;2.1;6.8;0;0;1;0;0;0;1;760;830
2023-12;Tomate;Maraîchers;Ouest;Centre;Hauts Plateaux;0.0;1.0;16000;3460000;10.5;23.0;22.0;640;730;4;73;2.1;6.8;0;0;1;0;0;0;1;1500;1900
2023-12;Oignon;Maraîchers;Extrême-Nord;Centre;Soudano-sahélienne;0.0;1.0;26000;3460000;0.0;30.5;25.0;520;730;4;73;2.1;6.8;0;0;1;1;0;0;1;1240;1350
2023-12;Gombo;Maraîchers;Centre;Centre;Forêt bimodale;0.0;1.0;5600;3460000;20.0;25.0;42.0;480;730;4;73;2.1;6.8;0;0;1;0;0;0;1;1060;1150
2023-12;Piment;Maraîchers;Extrême-Nord;Littoral;Soudano-sahélienne;0.0;1.0;4300;3550000;0.0;30.5;30.0;630;730;4;73;2.1;6.8;0;0;1;1;0;0;1;1720;1880
2023-12;Poivron;Maraîchers;Extrême-Nord;Centre;Soudano-sahélienne;0.0;1.0;3600;3460000;0.0;30.5;35.0;610;730;4;73;2.1;6.8;0;0;1;1;0;0;1;1790;1950
2023-12;Ail;Maraîchers;Extrême-Nord;Centre;Soudano-sahélienne;0.0;1.0;1600;3460000;0.0;30.5;18.0;660;730;4;73;2.1;6.8;0;0;1;1;0;0;1;3720;4050
2023-12;Basilic;Maraîchers;Centre;Centre;Forêt bimodale;0.0;1.0;1200;3460000;20.0;25.0;52.0;500;730;4;73;2.1;6.8;0;0;1;0;0;0;1;1160;1260
2023-12;Légumes feuilles;Maraîchers;Centre;Centre;Forêt bimodale;0.0;1.0;8100;3460000;20.0;25.0;45.0;480;730;4;73;2.1;6.8;0;0;1;0;0;0;1;920;1000
2023-12;Choux;Maraîchers;Ouest;Littoral;Hauts Plateaux;0.0;1.0;5300;3550000;10.5;23.0;30.0;550;730;4;73;2.1;6.8;0;0;1;0;0;0;1;1110;1210
2023-12;Pastèque;Maraîchers;Extrême-Nord;Centre;Soudano-sahélienne;0.0;1.0;3300;3460000;0.0;30.5;20.0;530;730;4;73;2.1;6.8;0;0;1;1;0;0;1;700;760
2023-12;Arachide;Oléagineux et Légumineuses;Nord;Centre;Soudano-sahélienne;0.0;1.0;60000;3460000;0.0;29.0;10.0;620;730;4;73;2.1;6.8;0;0;1;1;0;0;1;1310;1430
2023-12;Soja;Oléagineux et Légumineuses;Adamaoua;Centre;Savane guinéenne;0.0;1.0;10100;3460000;0.0;24.0;10.0;590;730;4;73;2.1;6.8;0;0;1;0;0;0;1;1180;1290
2023-12;Niébé;Oléagineux et Légumineuses;Extrême-Nord;Extrême-Nord;Soudano-sahélienne;0.0;1.0;43000;4800000;0.0;30.5;12.0;630;730;4;73;2.1;6.8;0;0;1;1;0;0;1;1250;1360
2023-12;Haricot sec;Oléagineux et Légumineuses;Ouest;Littoral;Hauts Plateaux;0.0;1.0;40000;3550000;10.5;23.0;8.0;570;730;4;73;2.1;6.8;0;0;1;0;0;0;1;1190;1300
2023-12;Huile de palme;Oléagineux et Légumineuses;Littoral;Centre;Forêt monomodale;0.0;1.0;63000;3460000;50.0;27.0;5.0;720;730;4;73;2.1;6.8;0;0;1;0;0;0;1;1760;1920
2023-12;Ananas;Fruits;Littoral;Centre;Forêt monomodale;0.0;1.0;10100;3460000;50.0;27.0;18.0;550;730;4;73;2.1;6.8;0;0;1;0;0;0;1;1010;1100
2023-12;Papaye;Fruits;Centre;Centre;Forêt bimodale;0.0;1.0;4300;3460000;20.0;25.0;35.0;500;730;4;73;2.1;6.8;0;0;1;0;0;0;1;960;1050
2023-12;Mangue;Fruits;Nord;Centre;Soudano-sahélienne;0.0;1.0;8100;3460000;0.0;29.0;40.0;470;730;4;73;2.1;6.8;0;0;1;1;0;0;1;200;220
2023-12;Avocat;Fruits;Ouest;Littoral;Hauts Plateaux;0.0;1.0;16000;3550000;10.5;23.0;25.0;490;730;4;73;2.1;6.8;0;0;1;0;0;0;1;940;1030
2023-12;Safou;Fruits;Littoral;Centre;Forêt monomodale;0.0;1.0;5300;3460000;50.0;27.0;40.0;510;730;4;73;2.1;6.8;0;0;1;0;0;0;1;1120;1220
2023-12;Citron;Fruits;Centre;Centre;Forêt bimodale;0.0;1.0;3300;3460000;20.0;25.0;20.0;500;730;4;73;2.1;6.8;0;0;1;0;0;0;1;990;1080
2023-12;Orange;Fruits;Centre;Centre;Forêt bimodale;0.0;1.0;5300;3460000;20.0;25.0;20.0;520;730;4;73;2.1;6.8;0;0;1;0;0;0;1;970;1060
2023-12;Banane douce;Fruits;Sud-Ouest;Littoral;Forêt monomodale;0.0;1.0;22000;3550000;50.0;27.0;30.0;540;730;4;73;2.1;6.8;0;0;1;1;0;0;1;2620;3000
2023-12;Cacao;Cultures de Rente et Stimulants;Centre;Littoral;Forêt bimodale;0.0;1.0;250000;3550000;20.0;25.0;6.0;760;730;4;73;2.1;6.8;0;0;1;0;0;0;1;2770;3050
2023-12;Café;Cultures de Rente et Stimulants;Ouest;Littoral;Hauts Plateaux;0.0;1.0;108000;3550000;10.5;23.0;5.0;720;730;4;73;2.1;6.8;0;0;1;0;0;0;1;2890;3150
2024-01;Maïs;Céréales;Ouest;Centre;Hauts Plateaux;0.5;0.866;62000;3560000;10.5;23.0;8.0;440;730;4;73;2.1;6.0;0;0;0;0;0;0;1;490;430
2024-01;Riz;Céréales;Extrême-Nord;Centre;Soudano-sahélienne;0.5;0.866;30000;3560000;0.0;30.5;5.0;480;730;4;73;2.1;6.0;0;0;0;1;0;0;1;1180;1050
2024-01;Mil-Sorgho;Céréales;Nord;Extrême-Nord;Soudano-sahélienne;0.5;0.866;61000;4900000;0.0;32.0;12.0;460;730;4;73;2.1;6.0;0;0;0;1;0;0;1;680;600
2024-01;Blé;Céréales;Littoral(Import);Centre;Forêt monomodale;0.5;0.866;0;3560000;25.0;27.0;2.0;0;730;4;73;2.1;6.0;1;0;0;0;0;0;1;1430;1280
2024-01;Manioc;"Tubercules, Racines et Plantains";Centre;Centre;Forêt bimodale;0.5;0.866;129000;3560000;15.0;25.0;30.0;420;730;4;73;2.1;6.0;0;0;0;0;0;0;1;760;680
2024-01;Plantain;"Tubercules, Racines et Plantains";Sud-Ouest;Littoral;Forêt monomodale;0.5;0.866;41000;3650000;35.0;26.5;25.0;510;730;3;146;2.1;6.0;0;0;0;1;0;0;1;3000;2650
2024-01;Macabo-Taro;"Tubercules, Racines et Plantains";Littoral;Littoral;Forêt monomodale;0.5;0.866;22500;3650000;35.0;26.5;28.0;450;730;4;73;2.1;6.0;0;0;0;0;0;0;1;890;790
2024-01;Igname;"Tubercules, Racines et Plantains";Adamaoua;Centre;Savane guinéenne;0.5;0.866;25500;3560000;0.0;24.0;25.0;540;730;4;73;2.1;6.0;0;0;0;0;0;0;1;1100;980
2024-01;Pomme de terre;"Tubercules, Racines et Plantains";Ouest;Littoral;Hauts Plateaux;0.5;0.866;19500;3650000;10.5;23.0;22.0;560;730;4;73;2.1;6.0;0;0;0;0;0;0;1;1210;1080
2024-01;Patate douce;"Tubercules, Racines et Plantains";Ouest;Centre;Hauts Plateaux;0.5;0.866;9800;3560000;10.5;23.0;23.0;440;730;4;73;2.1;6.0;0;0;0;0;0;0;1;830;740
2024-01;Tomate;Maraîchers;Ouest;Centre;Hauts Plateaux;0.5;0.866;16500;3560000;10.5;23.0;22.0;630;730;4;73;2.1;6.0;0;0;0;0;0;0;1;1900;1650
2024-01;Oignon;Maraîchers;Extrême-Nord;Centre;Soudano-sahélienne;0.5;0.866;26500;3560000;0.0;30.5;25.0;510;730;4;73;2.1;6.0;0;0;0;1;0;0;1;1350;1200
2024-01;Gombo;Maraîchers;Centre;Centre;Forêt bimodale;0.5;0.866;5800;3560000;15.0;25.0;42.0;470;730;4;73;2.1;6.0;0;0;0;0;0;0;1;1150;1020
2024-01;Piment;Maraîchers;Extrême-Nord;Littoral;Soudano-sahélienne;0.5;0.866;4400;3650000;0.0;30.5;30.0;620;730;4;73;2.1;6.0;0;0;0;1;0;0;1;1880;1680
2024-01;Poivron;Maraîchers;Extrême-Nord;Centre;Soudano-sahélienne;0.5;0.866;3700;3560000;0.0;30.5;35.0;600;730;4;73;2.1;6.0;0;0;0;1;0;0;1;1950;1740
2024-01;Ail;Maraîchers;Extrême-Nord;Centre;Soudano-sahélienne;0.5;0.866;1650;3560000;0.0;30.5;18.0;650;730;4;73;2.1;6.0;0;0;0;1;0;0;1;4050;3650
2024-01;Basilic;Maraîchers;Centre;Centre;Forêt bimodale;0.5;0.866;1250;3560000;15.0;25.0;52.0;490;730;4;73;2.1;6.0;0;0;0;0;0;0;1;1260;1120
2024-01;Légumes feuilles;Maraîchers;Centre;Centre;Forêt bimodale;0.5;0.866;8300;3560000;15.0;25.0;48.0;470;730;4;73;2.1;6.0;0;0;0;0;0;0;1;1000;880
2024-01;Choux;Maraîchers;Ouest;Littoral;Hauts Plateaux;0.5;0.866;5400;3650000;10.5;23.0;30.0;540;730;4;73;2.1;6.0;0;0;0;0;0;0;1;1210;1080
2024-01;Pastèque;Maraîchers;Extrême-Nord;Centre;Soudano-sahélienne;0.5;0.866;3400;3560000;0.0;30.5;20.0;520;730;4;73;2.1;6.0;0;0;0;1;0;0;1;760;670
2024-01;Arachide;Oléagineux et Légumineuses;Nord;Centre;Soudano-sahélienne;0.5;0.866;61000;3560000;0.0;29.0;10.0;610;730;4;73;2.1;6.0;0;0;0;1;0;0;1;1430;1280
2024-01;Soja;Oléagineux et Légumineuses;Adamaoua;Centre;Savane guinéenne;0.5;0.866;10300;3560000;0.0;24.0;10.0;580;730;4;73;2.1;6.0;0;0;0;0;0;0;1;1290;1150
2024-01;Niébé;Oléagineux et Légumineuses;Extrême-Nord;Extrême-Nord;Soudano-sahélienne;0.5;0.866;44000;4900000;0.0;30.5;12.0;620;730;4;73;2.1;6.0;0;0;0;1;0;0;1;1360;1220
2024-01;Haricot sec;Oléagineux et Légumineuses;Ouest;Littoral;Hauts Plateaux;0.5;0.866;41000;3650000;10.5;23.0;8.0;560;730;4;73;2.1;6.0;0;0;0;0;0;0;1;1300;1160
2024-01;Huile de palme;Oléagineux et Légumineuses;Littoral;Centre;Forêt monomodale;0.5;0.866;64000;3560000;25.0;27.0;5.0;710;730;4;73;2.1;6.0;0;0;0;0;0;0;1;1920;1720
2024-01;Ananas;Fruits;Littoral;Centre;Forêt monomodale;0.5;0.866;10300;3560000;25.0;27.0;18.0;540;730;4;73;2.1;6.0;0;0;0;0;0;0;1;1100;980
2024-01;Papaye;Fruits;Centre;Centre;Forêt bimodale;0.5;0.866;4400;3560000;15.0;25.0;35.0;490;730;4;73;2.1;6.0;0;0;0;0;0;0;1;1050;940
2024-01;Mangue;Fruits;Nord;Centre;Soudano-sahélienne;0.5;0.866;8300;3560000;0.0;29.0;40.0;460;730;4;73;2.1;6.0;0;0;0;1;0;0;1;220;210
2024-01;Avocat;Fruits;Ouest;Littoral;Hauts Plateaux;0.5;0.866;16500;3650000;10.5;23.0;25.0;480;730;4;73;2.1;6.0;0;0;0;0;0;0;1;1030;920
2024-01;Safou;Fruits;Littoral;Centre;Forêt monomodale;0.5;0.866;5400;3560000;25.0;27.0;40.0;500;730;4;73;2.1;6.0;0;0;0;0;0;0;1;1220;1090
2024-01;Citron;Fruits;Centre;Centre;Forêt bimodale;0.5;0.866;3400;3560000;15.0;25.0;20.0;490;730;4;73;2.1;6.0;0;0;0;0;0;0;1;1080;960
2024-01;Orange;Fruits;Centre;Centre;Forêt bimodale;0.5;0.866;5400;3560000;15.0;25.0;20.0;510;730;4;73;2.1;6.0;0;0;0;0;0;0;1;1060;940
2024-01;Banane douce;Fruits;Sud-Ouest;Littoral;Forêt monomodale;0.5;0.866;22500;3650000;35.0;26.5;30.0;530;730;3;146;2.1;6.0;0;0;0;1;0;0;1;3000;2650
2024-01;Cacao;Cultures de Rente et Stimulants;Centre;Littoral;Forêt bimodale;0.5;0.866;255000;3650000;15.0;25.0;6.0;750;730;4;73;2.1;6.0;0;0;0;0;0;0;1;3050;3450
2024-01;Café;Cultures de Rente et Stimulants;Ouest;Littoral;Hauts Plateaux;0.5;0.866;110000;3650000;10.5;23.0;5.0;710;730;4;73;2.1;6.0;0;0;0;0;0;0;1;3150;2850
2024-02;Maïs;Céréales;Ouest;Centre;Hauts Plateaux;0.866;0.5;62000;3560000;15.5;24.0;8.5;450;840;4;84;2.1;8.5;0;0;0;0;0;0;1;430;450
2024-02;Riz;Céréales;Extrême-Nord;Centre;Soudano-sahélienne;0.866;0.5;30000;3560000;0.0;31.5;5.0;490;840;3;168;2.1;8.5;0;0;0;1;0;0;1;1050;1120
2024-02;Mil-Sorgho;Céréales;Nord;Extrême-Nord;Soudano-sahélienne;0.866;0.5;61000;4900000;0.0;33.0;12.5;470;840;3;168;2.1;8.5;0;0;0;1;0;0;1;600;640
2024-02;Blé;Céréales;Littoral(Import);Centre;Forêt monomodale;0.866;0.5;0;3560000;30.0;28.0;2.0;0;840;4;84;2.1;8.5;1;0;0;0;0;0;1;1280;1350
2024-02;Manioc;"Tubercules, Racines et Plantains";Centre;Centre;Forêt bimodale;0.866;0.5;129000;3560000;20.0;26.0;30.5;430;840;3;168;2.1;8.5;0;0;0;0;0;0;1;680;720
2024-02;Plantain;"Tubercules, Racines et Plantains";Sud-Ouest;Littoral;Forêt monomodale;0.866;0.5;41000;3650000;40.0;27.5;25.0;520;840;2;252;2.1;8.5;0;0;0;1;0;0;1;2650;2800
2024-02;Macabo-Taro;"Tubercules, Racines et Plantains";Littoral;Littoral;Forêt monomodale;0.866;0.5;22500;3650000;40.0;27.5;28.5;460;840;3;168;2.1;8.5;0;0;0;0;0;0;1;790;840
2024-02;Igname;"Tubercules, Racines et Plantains";Adamaoua;Centre;Savane guinéenne;0.866;0.5;25500;3560000;0.0;25.0;26.0;550;840;3;168;2.1;8.5;0;0;0;0;0;0;1;980;1050
2024-02;Pomme de terre;"Tubercules, Racines et Plantains";Ouest;Littoral;Hauts Plateaux;0.866;0.5;19500;3650000;15.5;24.0;21.0;570;840;4;84;2.1;8.5;0;0;0;0;0;0;1;1080;1140
2024-02;Patate douce;"Tubercules, Racines et Plantains";Ouest;Centre;Hauts Plateaux;0.866;0.5;9800;3560000;15.5;24.0;23.0;450;840;4;84;2.1;8.5;0;0;0;0;0;0;1;740;790
2024-02;Tomate;Maraîchers;Ouest;Centre;Hauts Plateaux;0.866;0.5;16500;3560000;15.5;24.0;25.5;640;840;4;84;2.1;8.5;0;0;0;0;0;0;1;1650;1750
2024-02;Oignon;Maraîchers;Extrême-Nord;Centre;Soudano-sahélienne;0.866;0.5;26500;3560000;0.0;31.5;26.0;520;840;2;252;2.1;8.5;0;0;0;1;0;0;1;1200;1320
2024-02;Gombo;Maraîchers;Centre;Centre;Forêt bimodale;0.866;0.5;5800;3560000;20.0;26.0;42.0;480;840;3;168;2.1;8.5;0;0;0;0;0;0;1;1020;1080
2024-02;Piment;Maraîchers;Extrême-Nord;Littoral;Soudano-sahélienne;0.866;0.5;4400;3650000;0.0;31.5;32.0;630;840;2;252;2.1;8.5;0;0;0;1;0;0;1;1680;1820
2024-02;Poivron;Maraîchers;Extrême-Nord;Centre;Soudano-sahélienne;0.866;0.5;3700;3560000;0.0;31.5;37.0;610;840;2;252;2.1;8.5;0;0;0;1;0;0;1;1740;1880
2024-02;Ail;Maraîchers;Extrême-Nord;Centre;Soudano-sahélienne;0.866;0.5;1650;3560000;0.0;31.5;18.0;660;840;2;252;2.1;8.5;0;0;0;1;0;0;1;3650;3850
2024-02;Basilic;Maraîchers;Centre;Centre;Forêt bimodale;0.866;0.5;1250;3560000;20.0;26.0;55.0;500;840;3;168;2.1;8.5;0;0;0;0;0;0;1;1120;1190
2024-02;Légumes feuilles;Maraîchers;Centre;Centre;Forêt bimodale;0.866;0.5;8300;3560000;20.0;26.0;48.0;480;840;3;168;2.1;8.5;0;0;0;0;0;0;1;880;940
2024-02;Choux;Maraîchers;Ouest;Littoral;Hauts Plateaux;0.866;0.5;5400;3650000;15.5;24.0;32.0;550;840;4;84;2.1;8.5;0;0;0;0;0;0;1;1080;1150
2024-02;Pastèque;Maraîchers;Extrême-Nord;Centre;Soudano-sahélienne;0.866;0.5;3400;3560000;0.0;31.5;22.0;530;840;2;252;2.1;8.5;0;0;0;1;0;0;1;670;730
2024-02;Arachide;Oléagineux et Légumineuses;Nord;Centre;Soudano-sahélienne;0.866;0.5;61000;3560000;0.0;33.0;11.0;620;840;2;252;2.1;8.5;0;0;0;1;0;0;1;1280;1380
2024-02;Soja;Oléagineux et Légumineuses;Adamaoua;Centre;Savane guinéenne;0.866;0.5;10300;3560000;0.0;25.0;10.5;590;840;3;168;2.1;8.5;0;0;0;0;0;0;1;1150;1240
2024-02;Niébé;Oléagineux et Légumineuses;Extrême-Nord;Extrême-Nord;Soudano-sahélienne;0.866;0.5;44000;4900000;0.0;31.5;12.5;630;840;3;168;2.1;8.5;0;0;0;1;0;0;1;1220;1320
2024-02;Haricot sec;Oléagineux et Légumineuses;Ouest;Littoral;Hauts Plateaux;0.866;0.5;41000;3650000;15.5;24.0;8.5;570;840;4;84;2.1;8.5;0;0;0;0;0;0;1;1160;1250
2024-02;Huile de palme;Oléagineux et Légumineuses;Littoral;Centre;Forêt monomodale;0.866;0.5;64000;3560000;30.0;28.0;6.0;720;840;4;84;2.1;8.5;0;0;0;0;0;0;1;1720;1820
2024-02;Ananas;Fruits;Littoral;Centre;Forêt monomodale;0.866;0.5;10300;3560000;30.0;28.0;16.5;550;840;4;84;2.1;8.5;0;0;0;0;0;0;1;980;1050
2024-02;Papaye;Fruits;Centre;Centre;Forêt bimodale;0.866;0.5;4400;3560000;20.0;26.0;36.0;500;840;3;168;2.1;8.5;0;0;0;0;0;0;1;940;1000
2024-02;Mangue;Fruits;Nord;Centre;Soudano-sahélienne;0.866;0.5;8300;3560000;0.0;33.0;42.0;470;840;2;252;2.1;8.5;0;0;0;1;0;0;1;210;225
2024-02;Avocat;Fruits;Ouest;Littoral;Hauts Plateaux;0.866;0.5;16500;3650000;15.5;24.0;26.0;490;840;4;84;2.1;8.5;0;0;0;0;0;0;1;920;980
2024-02;Safou;Fruits;Littoral;Centre;Forêt monomodale;0.866;0.5;5400;3560000;30.0;28.0;41.0;510;840;3;168;2.1;8.5;0;0;0;0;0;0;1;1090;1160
2024-02;Citron;Fruits;Centre;Centre;Forêt bimodale;0.866;0.5;3400;3560000;20.0;26.0;21.0;500;840;3;168;2.1;8.5;0;0;0;0;0;0;1;960;1030
2024-02;Orange;Fruits;Centre;Centre;Forêt bimodale;0.866;0.5;5400;3560000;20.0;26.0;21.0;520;840;3;168;2.1;8.5;0;0;0;0;0;0;1;940;1010
2024-02;Banane douce;Fruits;Sud-Ouest;Littoral;Forêt monomodale;0.866;0.5;22500;3650000;40.0;27.5;30.0;540;840;3;168;2.1;8.5;0;0;0;1;0;0;1;2650;2820
2024-02;Cacao;Cultures de Rente et Stimulants;Centre;Littoral;Forêt bimodale;0.866;0.5;255000;3650000;20.0;26.0;6.0;760;840;4;84;2.1;8.5;0;0;0;0;0;0;1;3450;3950
2024-02;Café;Cultures de Rente et Stimulants;Ouest;Littoral;Hauts Plateaux;0.866;0.5;110000;3650000;15.5;24.0;5.0;720;840;4;84;2.1;8.5;0;0;0;0;0;0;1;2850;3050
2024-03;Maïs;Céréales;Ouest;Centre;Hauts Plateaux;1.0;0.0;62000;3560000;55.0;24.0;10.5;460;840;3;168;2.1;8.2;0;0;0;0;0;0;1;450;480
2024-03;Riz;Céréales;Extrême-Nord;Centre;Soudano-sahélienne;1.0;0.0;30000;3560000;0.0;33.5;5.0;500;840;3;168;2.1;8.2;0;0;0;1;0;0;1;1120;1180
2024-03;Mil-Sorgho;Céréales;Nord;Extrême-Nord;Soudano-sahélienne;1.0;0.0;61000;4900000;0.0;35.0;12.5;480;840;3;168;2.1;8.2;0;0;0;1;0;0;1;640;680
2024-03;Blé;Céréales;Littoral(Import);Centre;Forêt monomodale;1.0;0.0;0;3560000;55.0;28.0;2.0;0;840;3;168;2.1;8.2;1;0;0;0;0;0;1;1350;1420
2024-03;Manioc;"Tubercules, Racines et Plantains";Centre;Centre;Forêt bimodale;1.0;0.0;129000;3560000;45.0;27.0;32.5;440;840;3;168;2.1;8.2;0;0;0;0;0;0;1;720;760
2024-03;Plantain;"Tubercules, Racines et Plantains";Sud-Ouest;Littoral;Forêt monomodale;1.0;0.0;41000;3650000;65.0;28.5;26.0;530;840;2;252;2.1;8.2;0;0;0;1;0;0;1;2800;2950
2024-03;Macabo-Taro;"Tubercules, Racines et Plantains";Littoral;Littoral;Forêt monomodale;1.0;0.0;22500;3650000;65.0;28.5;29.5;470;840;3;168;2.1;8.2;0;0;0;0;0;0;1;840;880
2024-03;Igname;"Tubercules, Racines et Plantains";Adamaoua;Centre;Savane guinéenne;1.0;0.0;25500;3560000;10.0;26.0;26.5;560;840;3;168;2.1;8.2;0;0;0;0;0;0;1;1050;1110
2024-03;Pomme de terre;"Tubercules, Racines et Plantains";Ouest;Littoral;Hauts Plateaux;1.0;0.0;19500;3650000;55.0;24.0;23.0;580;840;3;168;2.1;8.2;0;0;0;0;0;0;1;1140;1190
2024-03;Patate douce;"Tubercules, Racines et Plantains";Ouest;Centre;Hauts Plateaux;1.0;0.0;9800;3560000;55.0;24.0;24.0;460;840;3;168;2.1;8.2;0;0;0;0;0;0;1;790;840
2024-03;Tomate;Maraîchers;Ouest;Centre;Hauts Plateaux;1.0;0.0;16500;3560000;55.0;24.0;28.5;650;840;3;168;2.1;8.2;0;0;0;0;0;0;1;1750;1820
2024-03;Oignon;Maraîchers;Extrême-Nord;Centre;Soudano-sahélienne;1.0;0.0;26500;3560000;0.0;34.0;26.5;530;840;2;252;2.1;8.2;0;0;0;1;0;0;1;1320;1400
2024-03;Gombo;Maraîchers;Centre;Centre;Forêt bimodale;1.0;0.0;5800;3560000;45.0;27.0;44.0;490;840;3;168;2.1;8.2;0;0;0;0;0;0;1;1080;1140
2024-03;Piment;Maraîchers;Extrême-Nord;Littoral;Soudano-sahélienne;1.0;0.0;4400;3650000;0.0;34.0;32.5;640;840;2;252;2.1;8.2;0;0;0;1;0;0;1;1820;1920
2024-03;Poivron;Maraîchers;Extrême-Nord;Centre;Soudano-sahélienne;1.0;0.0;3700;3560000;0.0;34.0;37.5;620;840;2;252;2.1;8.2;0;0;0;1;0;0;1;1880;1990
2024-03;Ail;Maraîchers;Extrême-Nord;Centre;Soudano-sahélienne;1.0;0.0;1650;3560000;0.0;34.0;18.5;670;840;2;252;2.1;8.2;0;0;0;1;0;0;1;3850;4050
2024-03;Basilic;Maraîchers;Centre;Centre;Forêt bimodale;1.0;0.0;1250;3560000;45.0;27.0;57.0;510;840;3;168;2.1;8.2;0;0;0;0;0;0;1;1190;1260
2024-03;Légumes feuilles;Maraîchers;Centre;Centre;Forêt bimodale;1.0;0.0;8300;3560000;45.0;27.0;50.0;490;840;3;168;2.1;8.2;0;0;0;0;0;0;1;940;1010
2024-03;Choux;Maraîchers;Ouest;Littoral;Hauts Plateaux;1.0;0.0;5400;3650000;55.0;24.0;34.0;560;840;3;168;2.1;8.2;0;0;0;0;0;0;1;1150;1220
2024-03;Pastèque;Maraîchers;Extrême-Nord;Centre;Soudano-sahélienne;1.0;0.0;3400;3560000;0.0;34.0;22.5;540;840;2;252;2.1;8.2;0;0;0;1;0;0;1;730;780
2024-03;Arachide;Oléagineux et Légumineuses;Nord;Centre;Soudano-sahélienne;1.0;0.0;61000;3560000;0.0;34.5;11.5;630;840;2;252;2.1;8.2;0;0;0;1;0;0;1;1380;1460
2024-03;Soja;Oléagineux et Légumineuses;Adamaoua;Centre;Savane guinéenne;1.0;0.0;10300;3560000;10.0;26.0;11.0;600;840;3;168;2.1;8.2;0;0;0;0;0;0;1;1240;1310
2024-03;Niébé;Oléagineux et Légumineuses;Extrême-Nord;Extrême-Nord;Soudano-sahélienne;1.0;0.0;44000;4900000;0.0;34.0;13.0;640;840;3;168;2.1;8.2;0;0;0;1;0;0;1;1320;1400
2024-03;Haricot sec;Oléagineux et Légumineuses;Ouest;Littoral;Hauts Plateaux;1.0;0.0;41000;3650000;55.0;24.0;9.5;580;840;3;168;2.1;8.2;0;0;0;0;0;0;1;1250;1320
2024-03;Huile de palme;Oléagineux et Légumineuses;Littoral;Centre;Forêt monomodale;1.0;0.0;64000;3560000;65.0;28.5;6.5;730;840;3;168;2.1;8.2;0;0;0;0;0;0;1;1820;1920
2024-03;Ananas;Fruits;Littoral;Centre;Forêt monomodale;1.0;0.0;10300;3560000;65.0;28.5;18.0;560;840;3;168;2.1;8.2;0;0;0;0;0;0;1;1050;1110
2024-03;Papaye;Fruits;Centre;Centre;Forêt bimodale;1.0;0.0;4400;3560000;45.0;27.0;38.0;510;840;3;168;2.1;8.2;0;0;0;0;0;0;1;1000;1060
2024-03;Mangue;Fruits;Nord;Centre;Soudano-sahélienne;1.0;0.0;8300;3560000;0.0;34.5;43.0;480;840;2;252;2.1;8.2;0;0;0;1;0;0;1;225;245
2024-03;Avocat;Fruits;Ouest;Littoral;Hauts Plateaux;1.0;0.0;16500;3650000;55.0;24.0;28.0;500;840;3;168;2.1;8.2;0;0;0;0;0;0;1;980;1040
2024-03;Safou;Fruits;Littoral;Centre;Forêt monomodale;1.0;0.0;5400;3560000;65.0;28.5;43.0;520;840;3;168;2.1;8.2;0;0;0;0;0;0;1;1160;1220
2024-03;Citron;Fruits;Centre;Centre;Forêt bimodale;1.0;0.0;3400;3560000;45.0;27.0;23.0;510;840;3;168;2.1;8.2;0;0;0;0;0;0;1;1030;1090
2024-03;Orange;Fruits;Centre;Centre;Forêt bimodale;1.0;0.0;5400;3560000;45.0;27.0;23.0;530;840;3;168;2.1;8.2;0;0;0;0;0;0;1;1010;1060
2024-03;Banane douce;Fruits;Sud-Ouest;Littoral;Forêt monomodale;1.0;0.0;22500;3650000;65.0;28.5;32.0;550;840;3;168;2.1;8.2;0;0;0;1;0;0;1;2820;2980
2024-03;Cacao;Cultures de Rente et Stimulants;Centre;Littoral;Forêt bimodale;1.0;0.0;255000;3650000;45.0;27.0;6.5;770;840;3;168;2.1;8.2;0;0;0;0;0;0;1;3950;4500
2024-03;Café;Cultures de Rente et Stimulants;Ouest;Littoral;Hauts Plateaux;1.0;0.0;110000;3650000;55.0;24.0;5.5;730;840;3;168;2.1;8.2;0;0;0;0;0;0;1;3050;3250
2024-04;Maïs;Céréales;Ouest;Centre;Hauts Plateaux;0.866;-0.5;62000;3560000;110.0;23.5;11.5;470;840;2;252;2.1;8.0;0;1;0;0;0;0;1;480;530
2024-04;Riz;Céréales;Extrême-Nord;Centre;Soudano-sahélienne;0.866;-0.5;30000;3560000;10.0;35.0;5.5;510;840;2;252;2.1;8.0;0;0;0;1;0;0;1;1180;1260
2024-04;Mil-Sorgho;Céréales;Nord;Extrême-Nord;Soudano-sahélienne;0.866;-0.5;61000;4900000;10.0;36.0;13.0;490;840;2;252;2.1;8.0;0;0;0;1;0;0;1;680;740
2024-04;Blé;Céréales;Littoral(Import);Centre;Forêt monomodale;0.866;-0.5;0;3560000;130.0;27.0;2.5;0;840;2;252;2.1;8.0;1;1;0;0;0;0;1;1420;1550
2024-04;Manioc;"Tubercules, Racines et Plantains";Centre;Centre;Forêt bimodale;0.866;-0.5;129000;3560000;130.0;26.0;35.5;450;840;2;252;2.1;8.0;0;1;0;0;0;0;1;760;830
2024-04;Plantain;"Tubercules, Racines et Plantains";Sud-Ouest;Littoral;Forêt monomodale;0.866;-0.5;41000;3650000;160.0;27.5;28.5;540;840;1;336;2.1;8.0;0;1;0;1;0;0;1;2950;3150
2024-04;Macabo-Taro;"Tubercules, Racines et Plantains";Littoral;Littoral;Forêt monomodale;0.866;-0.5;22500;3650000;160.0;27.5;32.0;480;840;2;252;2.1;8.0;0;1;0;0;0;0;1;880;960
2024-04;Igname;"Tubercules, Racines et Plantains";Adamaoua;Centre;Savane guinéenne;0.866;-0.5;25500;3560000;45.0;25.0;28.5;570;840;2;252;2.1;8.0;0;0;0;0;0;0;1;1110;1210
2024-04;Pomme de terre;"Tubercules, Racines et Plantains";Ouest;Littoral;Hauts Plateaux;0.866;-0.5;19500;3650000;110.0;23.5;26.0;590;840;2;252;2.1;8.0;0;1;0;0;0;0;1;1190;1300
2024-04;Patate douce;"Tubercules, Racines et Plantains";Ouest;Centre;Hauts Plateaux;0.866;-0.5;9800;3560000;110.0;23.5;27.0;470;840;2;252;2.1;8.0;0;1;0;0;0;0;1;840;920
2024-04;Tomate;Maraîchers;Ouest;Centre;Hauts Plateaux;0.866;-0.5;16500;3560000;110.0;23.5;32.0;660;840;2;252;2.1;8.0;0;1;0;0;0;0;1;1820;2050
2024-04;Oignon;Maraîchers;Extrême-Nord;Centre;Soudano-sahélienne;0.866;-0.5;26500;3560000;10.0;35.0;28.5;540;840;2;252;2.1;8.0;0;0;0;1;0;0;1;1400;1550
2024-04;Gombo;Maraîchers;Centre;Centre;Forêt bimodale;0.866;-0.5;5800;3560000;130.0;26.0;48.0;500;840;2;252;2.1;8.0;0;1;0;0;0;0;1;1140;1250
2024-04;Piment;Maraîchers;Extrême-Nord;Littoral;Soudano-sahélienne;0.866;-0.5;4400;3650000;10.0;35.0;35.0;650;840;2;252;2.1;8.0;0;0;0;1;0;0;1;1920;2080
2024-04;Poivron;Maraîchers;Extrême-Nord;Centre;Soudano-sahélienne;0.866;-0.5;3700;3560000;10.0;35.0;40.0;630;840;2;252;2.1;8.0;0;0;0;1;0;0;1;1990;2150
2024-04;Ail;Maraîchers;Extrême-Nord;Centre;Soudano-sahélienne;0.866;-0.5;1650;3560000;10.0;35.0;20.5;680;840;2;252;2.1;8.0;0;0;0;1;0;0;1;4050;4300
2024-04;Basilic;Maraîchers;Centre;Centre;Forêt bimodale;0.866;-0.5;1250;3560000;130.0;26.0;60.0;520;840;2;252;2.1;8.0;0;1;0;0;0;0;1;1260;1380
2024-04;Légumes feuilles;Maraîchers;Centre;Centre;Forêt bimodale;0.866;-0.5;8300;3560000;130.0;26.0;53.0;500;840;2;252;2.1;8.0;0;1;0;0;0;0;1;1010;1100
2024-04;Choux;Maraîchers;Ouest;Littoral;Hauts Plateaux;0.866;-0.5;5400;3650000;110.0;23.5;37.0;570;840;2;252;2.1;8.0;0;1;0;0;0;0;1;1220;1340
2024-04;Pastèque;Maraîchers;Extrême-Nord;Centre;Soudano-sahélienne;0.866;-0.5;3400;3560000;10.0;35.0;24.5;550;840;2;252;2.1;8.0;0;0;0;1;0;0;1;780;850
2024-04;Arachide;Oléagineux et Légumineuses;Nord;Centre;Soudano-sahélienne;0.866;-0.5;61000;3560000;10.0;35.5;12.5;640;840;2;252;2.1;8.0;0;0;0;1;0;0;1;1460;1580
2024-04;Soja;Oléagineux et Légumineuses;Adamaoua;Centre;Savane guinéenne;0.866;-0.5;10300;3560000;45.0;25.0;12.0;610;840;2;252;2.1;8.0;0;0;0;0;0;0;1;1310;1420
2024-04;Niébé;Oléagineux et Légumineuses;Extrême-Nord;Extrême-Nord;Soudano-sahélienne;0.866;-0.5;44000;4900000;10.0;35.0;14.0;650;840;2;252;2.1;8.0;0;0;0;1;0;0;1;1400;1520
2024-04;Haricot sec;Oléagineux et Légumineuses;Ouest;Littoral;Hauts Plateaux;0.866;-0.5;41000;3650000;110.0;23.5;11.0;590;840;2;252;2.1;8.0;0;1;0;0;0;0;1;1320;1440
2024-04;Huile de palme;Oléagineux et Légumineuses;Littoral;Centre;Forêt monomodale;0.866;-0.5;64000;3560000;160.0;27.5;7.5;740;840;2;252;2.1;8.0;0;1;0;0;0;0;1;1920;2100
2024-04;Ananas;Fruits;Littoral;Centre;Forêt monomodale;0.866;-0.5;10300;3560000;160.0;27.5;20.5;570;840;2;252;2.1;8.0;0;1;0;0;0;0;1;1110;1220
2024-04;Papaye;Fruits;Centre;Centre;Forêt bimodale;0.866;-0.5;4400;3560000;130.0;26.0;41.0;520;840;2;252;2.1;8.0;0;1;0;0;0;0;1;1060;1150
2024-04;Mangue;Fruits;Nord;Centre;Soudano-sahélienne;0.866;-0.5;8300;3560000;10.0;35.5;44.0;490;840;2;252;2.1;8.0;0;0;0;1;0;0;1;245;230
2024-04;Avocat;Fruits;Ouest;Littoral;Hauts Plateaux;0.866;-0.5;16500;3650000;110.0;23.5;31.0;510;840;2;252;2.1;8.0;0;1;0;0;0;0;1;1040;1140
2024-04;Safou;Fruits;Littoral;Centre;Forêt monomodale;0.866;-0.5;5400;3560000;160.0;27.5;46.0;530;840;2;252;2.1;8.0;0;1;0;0;0;0;1;1220;1340
2024-04;Citron;Fruits;Centre;Centre;Forêt bimodale;0.866;-0.5;3400;3560000;130.0;26.0;25.0;520;840;2;252;2.1;8.0;0;1;0;0;0;0;1;1090;1200
2024-04;Orange;Fruits;Centre;Centre;Forêt bimodale;0.866;-0.5;5400;3560000;130.0;26.0;25.0;540;840;2;252;2.1;8.0;0;1;0;0;0;0;1;1060;1160
2024-04;Banane douce;Fruits;Sud-Ouest;Littoral;Forêt monomodale;0.866;-0.5;22500;3650000;160.0;27.5;34.5;560;840;1;336;2.1;8.0;0;1;0;1;0;0;1;2980;3200
2024-04;Cacao;Cultures de Rente et Stimulants;Centre;Littoral;Forêt bimodale;0.866;-0.5;255000;3650000;130.0;26.0;7.5;780;840;2;252;2.1;8.0;0;1;0;0;0;0;1;4500;5100
2024-04;Café;Cultures de Rente et Stimulants;Ouest;Littoral;Hauts Plateaux;0.866;-0.5;110000;3650000;110.0;23.5;6.5;740;840;2;252;2.1;8.0;0;1;0;0;0;0;1;3250;3520
2024-05;Maïs;Céréales;Ouest;Centre;Hauts Plateaux;0.5;-0.866;62000;3560000;160.0;23.0;13.5;480;840;1;336;2.1;8.5;0;1;0;0;0;0;1;530;580
2024-05;Riz;Céréales;Extrême-Nord;Centre;Soudano-sahélienne;0.5;-0.866;30000;3560000;35.0;34.0;6.5;520;840;1;336;2.1;8.5;1;0;0;1;0;0;1;1260;1400
2024-05;Mil-Sorgho;Céréales;Nord;Extrême-Nord;Soudano-sahélienne;0.5;-0.866;61000;4900000;35.0;34.0;14.0;500;840;1;336;2.1;8.5;0;0;0;1;0;0;1;740;820
2024-05;Blé;Céréales;Littoral(Import);Centre;Forêt monomodale;0.5;-0.866;0;3560000;190.0;26.0;3.5;0;840;1;336;2.1;8.5;1;1;0;0;0;0;1;1550;1750
2024-05;Manioc;"Tubercules, Racines et Plantains";Centre;Centre;Forêt bimodale;0.5;-0.866;129000;3560000;190.0;25.0;38.5;460;840;1;336;2.1;8.5;0;1;0;0;0;0;1;830;920
2024-05;Plantain;"Tubercules, Racines et Plantains";Sud-Ouest;Littoral;Forêt monomodale;0.5;-0.866;41000;3650000;230.0;26.5;32.5;550;840;1;420;2.1;8.5;0;1;0;1;0;0;1;3150;3450
2024-05;Macabo-Taro;"Tubercules, Racines et Plantains";Littoral;Littoral;Forêt monomodale;0.5;-0.866;22500;3650000;230.0;26.5;35.0;490;840;1;336;2.1;8.5;0;1;0;0;0;0;1;960;1050
2024-05;Igname;"Tubercules, Racines et Plantains";Adamaoua;Centre;Savane guinéenne;0.5;-0.866;25500;3560000;90.0;24.0;31.5;580;840;1;336;2.1;8.5;0;1;0;0;0;0;1;1210;1350
2024-05;Pomme de terre;"Tubercules, Racines et Plantains";Ouest;Littoral;Hauts Plateaux;0.5;-0.866;19500;3650000;160.0;23.0;29.0;600;840;1;336;2.1;8.5;0;1;0;0;0;0;1;1300;1450
2024-05;Patate douce;"Tubercules, Racines et Plantains";Ouest;Centre;Hauts Plateaux;0.5;-0.866;9800;3560000;160.0;23.0;30.0;480;840;1;336;2.1;8.5;0;1;0;0;0;0;1;920;1010
2024-05;Tomate;Maraîchers;Ouest;Centre;Hauts Plateaux;0.5;-0.866;16500;3560000;160.0;23.0;35.0;670;840;1;336;2.1;8.5;0;1;0;0;0;0;1;2050;2300
2024-05;Oignon;Maraîchers;Extrême-Nord;Centre;Soudano-sahélienne;0.5;-0.866;26500;3560000;35.0;34.0;31.5;550;840;1;336;2.1;8.5;0;1;0;1;0;0;1;1550;1720
2024-05;Gombo;Maraîchers;Centre;Centre;Forêt bimodale;0.5;-0.866;5800;3560000;190.0;25.0;51.0;510;840;1;336;2.1;8.5;0;1;0;0;0;0;1;1250;1380
2024-05;Piment;Maraîchers;Extrême-Nord;Littoral;Soudano-sahélienne;0.5;-0.866;4400;3650000;35.0;34.0;38.0;660;840;1;336;2.1;8.5;0;1;0;1;0;0;1;2080;2300
2024-05;Poivron;Maraîchers;Extrême-Nord;Centre;Soudano-sahélienne;0.5;-0.866;3700;3560000;35.0;34.0;43.0;640;840;1;336;2.1;8.5;0;1;0;1;0;0;1;2150;2400
2024-05;Ail;Maraîchers;Extrême-Nord;Centre;Soudano-sahélienne;0.5;-0.866;1650;3560000;35.0;34.0;23.5;690;840;1;336;2.1;8.5;0;1;0;1;0;0;1;4300;4800
2024-05;Basilic;Maraîchers;Centre;Centre;Forêt bimodale;0.5;-0.866;1250;3560000;190.0;25.0;63.0;530;840;1;336;2.1;8.5;0;1;0;0;0;0;1;1380;1520
2024-05;Légumes feuilles;Maraîchers;Centre;Centre;Forêt bimodale;0.5;-0.866;8300;3560000;190.0;25.0;56.0;510;840;1;336;2.1;8.5;0;1;0;0;0;0;1;1100;1220
2024-05;Choux;Maraîchers;Ouest;Littoral;Hauts Plateaux;0.5;-0.866;5400;3650000;160.0;23.0;40.0;580;840;1;336;2.1;8.5;0;1;0;0;0;0;1;1340;1480
2024-05;Pastèque;Maraîchers;Extrême-Nord;Centre;Soudano-sahélienne;0.5;-0.866;3400;3560000;35.0;34.0;27.5;560;840;1;336;2.1;8.5;0;1;0;1;0;0;1;850;940
2024-05;Arachide;Oléagineux et Légumineuses;Nord;Centre;Soudano-sahélienne;0.5;-0.866;61000;3560000;35.0;32.5;14.5;650;840;1;336;2.1;8.5;0;1;0;1;0;0;1;1580;1750
2024-05;Soja;Oléagineux et Légumineuses;Adamaoua;Centre;Savane guinéenne;0.5;-0.866;10300;3560000;90.0;24.0;14.0;620;840;1;336;2.1;8.5;0;1;0;0;0;0;1;1420;1580
2024-05;Niébé;Oléagineux et Légumineuses;Extrême-Nord;Extrême-Nord;Soudano-sahélienne;0.5;-0.866;44000;4900000;35.0;34.0;16.0;660;840;1;336;2.1;8.5;0;1;0;1;0;0;1;1520;1680
2024-05;Haricot sec;Oléagineux et Légumineuses;Ouest;Littoral;Hauts Plateaux;0.5;-0.866;41000;3650000;160.0;23.0;13.5;600;840;1;336;2.1;8.5;0;1;0;0;0;0;1;1440;1590
2024-05;Huile de palme;Oléagineux et Légumineuses;Littoral;Centre;Forêt monomodale;0.5;-0.866;64000;3560000;230.0;26.5;9.5;750;840;1;336;2.1;8.5;0;1;0;0;0;0;1;2100;2350
2024-05;Ananas;Fruits;Littoral;Centre;Forêt monomodale;0.5;-0.866;10300;3560000;230.0;26.5;23.5;580;840;1;336;2.1;8.5;0;1;0;0;0;0;1;1220;1360
2024-05;Papaye;Fruits;Centre;Centre;Forêt bimodale;0.5;-0.866;4400;3560000;190.0;25.0;44.0;530;840;1;336;2.1;8.5;0;1;0;0;0;0;1;1150;1280
2024-05;Mangue;Fruits;Nord;Centre;Soudano-sahélienne;0.5;-0.866;8300;3560000;35.0;32.5;47.0;500;840;1;336;2.1;8.5;0;1;0;1;0;0;1;230;210
2024-05;Avocat;Fruits;Ouest;Littoral;Hauts Plateaux;0.5;-0.866;16500;3650000;160.0;23.0;34.0;520;840;1;336;2.1;8.5;0;1;0;0;0;0;1;1140;1260
2024-05;Safou;Fruits;Littoral;Centre;Forêt monomodale;0.5;-0.866;5400;3560000;230.0;26.5;49.0;540;840;1;336;2.1;8.5;0;1;0;0;0;0;1;1340;1480
2024-05;Citron;Fruits;Centre;Centre;Forêt bimodale;0.5;-0.866;3400;3560000;190.0;25.0;28.0;530;840;1;336;2.1;8.5;0;1;0;0;0;0;1;1200;1320
2024-05;Orange;Fruits;Centre;Centre;Forêt bimodale;0.5;-0.866;5400;3560000;190.0;25.0;28.0;550;840;1;336;2.1;8.5;0;1;0;0;0;0;1;1160;1280
2024-05;Banane douce;Fruits;Sud-Ouest;Littoral;Forêt monomodale;0.5;-0.866;22500;3650000;230.0;26.5;37.5;570;840;1;420;2.1;8.5;0;1;0;1;0;0;1;3200;3550
2024-05;Cacao;Cultures de Rente et Stimulants;Centre;Littoral;Forêt bimodale;0.5;-0.866;255000;3650000;190.0;25.0;8.5;790;840;1;336;2.1;8.5;0;1;0;0;0;0;1;5100;5800
2024-05;Café;Cultures de Rente et Stimulants;Ouest;Littoral;Hauts Plateaux;0.5;-0.866;110000;3650000;160.0;23.0;7.5;750;840;1;336;2.1;8.5;0;1;0;0;0;0;1;3520;3950
2024-06;Maïs;Céréales;Ouest;Centre;Hauts Plateaux;0.0;-1.0;62000;3560000;210.0;22.0;15.5;490;840;1;336;2.1;7.5;0;1;0;0;0;0;1;580;640
2024-06;Riz;Céréales;Extrême-Nord;Centre;Soudano-sahélienne;0.0;-1.0;30000;3560000;65.0;32.0;7.5;530;840;1;336;2.1;7.5;1;0;0;1;0;0;1;1400;1550
2024-06;Mil-Sorgho;Céréales;Nord;Extrême-Nord;Soudano-sahélienne;0.0;-1.0;61000;4900000;65.0;32.0;15.0;510;840;1;336;2.1;7.5;0;0;0;1;0;0;1;820;900
2024-06;Blé;Céréales;Littoral(Import);Centre;Forêt monomodale;0.0;-1.0;0;3560000;260.0;25.0;4.5;0;840;1;336;2.1;7.5;1;1;0;0;0;0;1;1750;1950
2024-06;Manioc;"Tubercules, Racines et Plantains";Centre;Centre;Forêt bimodale;0.0;-1.0;129000;3560000;260.0;24.0;41.5;470;840;1;336;2.1;7.5;0;1;0;0;0;0;1;920;1020
2024-06;Plantain;"Tubercules, Racines et Plantains";Sud-Ouest;Littoral;Forêt monomodale;0.0;-1.0;41000;3650000;310.0;25.5;35.5;560;840;1;420;2.1;7.5;0;1;0;1;0;0;1;3450;3800
2024-06;Macabo-Taro;"Tubercules, Racines et Plantains";Littoral;Littoral;Forêt monomodale;0.0;-1.0;22500;3650000;310.0;25.5;38.0;500;840;1;336;2.1;7.5;0;1;0;0;0;0;1;1050;1160
2024-06;Igname;"Tubercules, Racines et Plantains";Adamaoua;Centre;Savane guinéenne;0.0;-1.0;25500;3560000;130.0;23.0;34.5;590;840;1;336;2.1;7.5;0;1;0;0;0;0;1;1350;1480
2024-06;Pomme de terre;"Tubercules, Racines et Plantains";Ouest;Littoral;Hauts Plateaux;0.0;-1.0;19500;3650000;210.0;22.0;32.0;610;840;1;336;2.1;7.5;0;1;0;0;0;0;1;1450;1600
2024-06;Patate douce;"Tubercules, Racines et Plantains";Ouest;Centre;Hauts Plateaux;0.0;-1.0;9800;3560000;210.0;22.0;33.0;490;840;1;336;2.1;7.5;0;1;0;0;0;0;1;1010;1120
2024-06;Tomate;Maraîchers;Ouest;Centre;Hauts Plateaux;0.0;-1.0;16500;3560000;210.0;22.0;38.0;680;840;1;336;2.1;7.5;0;1;0;0;0;0;1;2300;2600
2024-06;Oignon;Maraîchers;Extrême-Nord;Centre;Soudano-sahélienne;0.0;-1.0;26500;3560000;65.0;32.0;34.5;560;840;1;336;2.1;7.5;0;1;0;1;0;0;1;1720;1900
2024-06;Gombo;Maraîchers;Centre;Centre;Forêt bimodale;0.0;-1.0;5800;3560000;260.0;24.0;54.0;520;840;1;336;2.1;7.5;0;1;0;0;0;0;1;1380;1520
2024-06;Piment;Maraîchers;Extrême-Nord;Littoral;Soudano-sahélienne;0.0;-1.0;4400;3650000;65.0;32.0;41.0;670;840;1;336;2.1;7.5;0;1;0;1;0;0;1;2300;2550
2024-06;Poivron;Maraîchers;Extrême-Nord;Centre;Soudano-sahélienne;0.0;-1.0;3700;3560000;65.0;32.0;46.0;650;840;1;336;2.1;7.5;0;1;0;1;0;0;1;2400;2650
2024-06;Ail;Maraîchers;Extrême-Nord;Centre;Soudano-sahélienne;0.0;-1.0;1650;3560000;65.0;32.0;26.5;700;840;1;336;2.1;7.5;0;1;0;1;0;0;1;4800;5300
2024-06;Basilic;Maraîchers;Centre;Centre;Forêt bimodale;0.0;-1.0;1250;3560000;260.0;24.0;66.0;540;840;1;336;2.1;7.5;0;1;0;0;0;0;1;1520;1680
2024-06;Légumes feuilles;Maraîchers;Centre;Centre;Forêt bimodale;0.0;-1.0;8300;3560000;260.0;24.0;59.0;520;840;1;336;2.1;7.5;0;1;0;0;0;0;1;1220;1350
2024-06;Choux;Maraîchers;Ouest;Littoral;Hauts Plateaux;0.0;-1.0;5400;3650000;210.0;22.0;43.0;590;840;1;336;2.1;7.5;0;1;0;0;0;0;1;1480;1640
2024-06;Pastèque;Maraîchers;Extrême-Nord;Centre;Soudano-sahélienne;0.0;-1.0;3400;3560000;65.0;32.0;30.5;570;840;1;336;2.1;7.5;0;1;0;1;0;0;1;940;1040
2024-06;Arachide;Oléagineux et Légumineuses;Nord;Centre;Soudano-sahélienne;0.0;-1.0;61000;3560000;65.0;31.5;17.5;660;840;1;336;2.1;7.5;0;1;0;1;0;0;1;1750;1920
2024-06;Soja;Oléagineux et Légumineuses;Adamaoua;Centre;Savane guinéenne;0.0;-1.0;10300;3560000;130.0;23.0;17.0;630;840;1;336;2.1;7.5;0;1;0;0;0;0;1;1580;1750
2024-06;Niébé;Oléagineux et Légumineuses;Extrême-Nord;Extrême-Nord;Soudano-sahélienne;0.0;-1.0;44000;4900000;65.0;32.0;19.0;670;840;1;336;2.1;7.5;0;1;0;1;0;0;1;1680;1850
2024-06;Haricot sec;Oléagineux et Légumineuses;Ouest;Littoral;Hauts Plateaux;0.0;-1.0;41000;3650000;210.0;22.0;16.5;610;840;1;336;2.1;7.5;0;1;0;0;0;0;1;1590;1750
2024-06;Huile de palme;Oléagineux et Légumineuses;Littoral;Centre;Forêt monomodale;0.0;-1.0;64000;3560000;310.0;25.5;11.5;760;840;1;336;2.1;7.5;0;1;0;0;0;0;1;2350;2600
2024-06;Ananas;Fruits;Littoral;Centre;Forêt monomodale;0.0;-1.0;10300;3560000;310.0;25.5;26.5;590;840;1;336;2.1;7.5;0;1;0;0;0;0;1;1360;1500
2024-06;Papaye;Fruits;Centre;Centre;Forêt bimodale;0.0;-1.0;4400;3560000;260.0;24.0;47.0;540;840;1;336;2.1;7.5;0;1;0;0;0;0;1;1280;1420
2024-06;Mangue;Fruits;Nord;Centre;Soudano-sahélienne;0.0;-1.0;8300;3560000;65.0;31.5;50.0;510;840;1;336;2.1;7.5;0;1;0;1;0;0;1;210;190
2024-06;Avocat;Fruits;Ouest;Littoral;Hauts Plateaux;0.0;-1.0;16500;3650000;210.0;22.0;37.0;530;840;1;336;2.1;7.5;0;1;0;0;0;0;1;1260;1400
2024-06;Safou;Fruits;Littoral;Centre;Forêt monomodale;0.0;-1.0;5400;3560000;310.0;25.5;52.0;550;840;1;336;2.1;7.5;0;1;0;0;0;0;1;1480;1620
2024-06;Citron;Fruits;Centre;Centre;Forêt bimodale;0.0;-1.0;3400;3560000;260.0;24.0;31.0;540;840;1;336;2.1;7.5;0;1;0;0;0;0;1;1320;1450
2024-06;Orange;Fruits;Centre;Centre;Forêt bimodale;0.0;-1.0;5400;3560000;260.0;24.0;31.0;560;840;1;336;2.1;7.5;0;1;0;0;0;0;1;1280;1420
2024-06;Banane douce;Fruits;Sud-Ouest;Littoral;Forêt monomodale;0.0;-1.0;22500;3650000;310.0;25.5;40.5;580;840;1;420;2.1;7.5;0;1;0;1;0;0;1;3550;3950
2024-06;Cacao;Cultures de Rente et Stimulants;Centre;Littoral;Forêt bimodale;0.0;-1.0;255000;3650000;260.0;24.0;9.5;800;840;1;336;2.1;7.5;0;1;0;0;0;0;1;5800;6500
2024-06;Café;Cultures de Rente et Stimulants;Ouest;Littoral;Hauts Plateaux;0.0;-1.0;110000;3650000;210.0;22.0;8.5;760;840;1;336;2.1;7.5;0;1;0;0;0;0;1;3950;4450
2024-07;Maïs;Céréales;Ouest;Centre;Hauts Plateaux;-0.5;-0.866;62000;3560000;260.0;21.5;16.5;510;840;1;336;2.1;7.5;0;1;0;0;0;0;1;640;710
2024-07;Riz;Céréales;Extrême-Nord;Centre;Soudano-sahélienne;-0.5;-0.866;30000;3560000;110.0;30.0;8.5;560;840;1;336;2.1;7.5;1;0;0;1;0;0;1;1550;1680
2024-07;Mil-Sorgho;Céréales;Nord;Extrême-Nord;Soudano-sahélienne;-0.5;-0.866;61000;4900000;110.0;30.0;16.0;530;840;1;336;2.1;7.5;0;0;0;1;0;0;1;900;980
2024-07;Blé;Céréales;Littoral(Import);Centre;Forêt monomodale;-0.5;-0.866;0;3560000;310.0;24.5;5.0;0;840;1;336;2.1;7.5;1;1;0;0;0;0;1;1950;2100
2024-07;Manioc;"Tubercules, Racines et Plantains";Centre;Centre;Forêt bimodale;-0.5;-0.866;129000;3560000;310.0;23.5;43.5;490;840;1;336;2.1;7.5;0;1;0;0;0;0;1;1020;1150
2024-07;Plantain;"Tubercules, Racines et Plantains";Sud-Ouest;Littoral;Forêt monomodale;-0.5;-0.866;41000;3650000;380.0;25.0;38.5;580;840;1;420;2.1;7.5;0;1;0;1;0;0;1;3800;4150
2024-07;Macabo-Taro;"Tubercules, Racines et Plantains";Littoral;Littoral;Forêt monomodale;-0.5;-0.866;22500;3650000;380.0;25.0;41.0;520;840;1;336;2.1;7.5;0;1;0;0;0;0;1;1160;1280
2024-07;Igname;"Tubercules, Racines et Plantains";Adamaoua;Centre;Savane guinéenne;-0.5;-0.866;25500;3560000;180.0;22.5;36.5;610;840;1;336;2.1;7.5;0;1;0;0;0;0;1;1480;1620
2024-07;Pomme de terre;"Tubercules, Racines et Plantains";Ouest;Littoral;Hauts Plateaux;-0.5;-0.866;19500;3650000;260.0;21.5;35.0;630;840;1;336;2.1;7.5;0;1;0;0;0;0;1;1600;1750
2024-07;Patate douce;"Tubercules, Racines et Plantains";Ouest;Centre;Hauts Plateaux;-0.5;-0.866;9800;3560000;260.0;21.5;35.0;510;840;1;336;2.1;7.5;0;1;0;0;0;0;1;1120;1240
2024-07;Tomate;Maraîchers;Ouest;Centre;Hauts Plateaux;-0.5;-0.866;16500;3560000;260.0;21.5;42.0;700;840;1;336;2.1;7.5;0;1;0;0;0;0;1;2600;2900
2024-07;Oignon;Maraîchers;Extrême-Nord;Centre;Soudano-sahélienne;-0.5;-0.866;26500;3560000;110.0;30.0;36.5;580;840;1;336;2.1;7.5;0;1;0;1;0;0;1;1900;2100
2024-07;Gombo;Maraîchers;Centre;Centre;Forêt bimodale;-0.5;-0.866;5800;3560000;310.0;23.5;57.0;540;840;1;336;2.1;7.5;0;1;0;0;0;0;1;1520;1680
2024-07;Piment;Maraîchers;Extrême-Nord;Littoral;Soudano-sahélienne;-0.5;-0.866;4400;3650000;110.0;30.0;44.0;690;840;1;336;2.1;7.5;0;1;0;1;0;0;1;2550;2800
2024-07;Poivron;Maraîchers;Extrême-Nord;Centre;Soudano-sahélienne;-0.5;-0.866;3700;3560000;110.0;30.0;49.0;670;840;1;336;2.1;7.5;0;1;0;1;0;0;1;2650;2920
2024-07;Ail;Maraîchers;Extrême-Nord;Centre;Soudano-sahélienne;-0.5;-0.866;1650;3560000;110.0;30.0;28.5;720;840;1;336;2.1;7.5;0;1;0;1;0;0;1;5300;5850
2024-07;Basilic;Maraîchers;Centre;Centre;Forêt bimodale;-0.5;-0.866;1250;3560000;310.0;23.5;69.0;560;840;1;336;2.1;7.5;0;1;0;0;0;0;1;1680;1850
2024-07;Légumes feuilles;Maraîchers;Centre;Centre;Forêt bimodale;-0.5;-0.866;8300;3560000;310.0;23.5;62.0;540;840;1;336;2.1;7.5;0;1;0;0;0;0;1;1350;1500
2024-07;Choux;Maraîchers;Ouest;Littoral;Hauts Plateaux;-0.5;-0.866;5400;3650000;260.0;21.5;46.0;610;840;1;336;2.1;7.5;0;1;0;0;0;0;1;1640;1800
2024-07;Pastèque;Maraîchers;Extrême-Nord;Centre;Soudano-sahélienne;-0.5;-0.866;3400;3560000;110.0;30.0;33.5;590;840;1;336;2.1;7.5;0;1;0;1;0;0;1;1040;1150
2024-07;Arachide;Oléagineux et Légumineuses;Nord;Centre;Soudano-sahélienne;-0.5;-0.866;61000;3560000;110.0;29.5;19.5;680;840;1;336;2.1;7.5;0;1;0;1;0;0;1;1920;2100
2024-07;Soja;Oléagineux et Légumineuses;Adamaoua;Centre;Savane guinéenne;-0.5;-0.866;10300;3560000;180.0;22.5;19.0;650;840;1;336;2.1;7.5;0;1;0;0;0;0;1;1750;1920
2024-07;Niébé;Oléagineux et Légumineuses;Extrême-Nord;Extrême-Nord;Soudano-sahélienne;-0.5;-0.866;44000;4900000;110.0;30.0;21.0;690;840;1;336;2.1;7.5;0;1;0;1;0;0;1;1850;2050
2024-07;Haricot sec;Oléagineux et Légumineuses;Ouest;Littoral;Hauts Plateaux;-0.5;-0.866;41000;3650000;260.0;21.5;18.5;630;840;1;336;2.1;7.5;0;1;0;0;0;0;1;1750;1920
2024-07;Huile de palme;Oléagineux et Légumineuses;Littoral;Centre;Forêt monomodale;-0.5;-0.866;64000;3560000;380.0;25.0;13.5;780;840;1;336;2.1;7.5;0;1;0;0;0;0;1;2600;2850
2024-07;Ananas;Fruits;Littoral;Centre;Forêt monomodale;-0.5;-0.866;10300;3560000;380.0;25.0;29.5;610;840;1;336;2.1;7.5;0;1;0;0;0;0;1;1500;1650
2024-07;Papaye;Fruits;Centre;Centre;Forêt bimodale;-0.5;-0.866;4400;3560000;310.0;23.5;50.0;560;840;1;336;2.1;7.5;0;1;0;0;0;0;1;1420;1560
2024-07;Mangue;Fruits;Nord;Centre;Soudano-sahélienne;-0.5;-0.866;8300;3560000;110.0;29.5;53.0;530;840;1;336;2.1;7.5;0;1;0;1;0;0;1;190;170
2024-07;Avocat;Fruits;Ouest;Littoral;Hauts Plateaux;-0.5;-0.866;16500;3650000;260.0;21.5;40.0;550;840;1;336;2.1;7.5;0;1;0;0;0;0;1;1400;1550
2024-07;Safou;Fruits;Littoral;Centre;Forêt monomodale;-0.5;-0.866;5400;3560000;380.0;25.0;55.0;570;840;1;336;2.1;7.5;0;1;0;0;0;0;1;1620;1780
2024-07;Citron;Fruits;Centre;Centre;Forêt bimodale;-0.5;-0.866;3400;3560000;310.0;23.5;34.0;560;840;1;336;2.1;7.5;0;1;0;0;0;0;1;1450;1600
2024-07;Orange;Fruits;Centre;Centre;Forêt bimodale;-0.5;-0.866;5400;3560000;310.0;23.5;34.0;580;840;1;336;2.1;7.5;0;1;0;0;0;0;1;1420;1560
2024-07;Banane douce;Fruits;Sud-Ouest;Littoral;Forêt monomodale;-0.5;-0.866;22500;3650000;380.0;25.0;43.5;600;840;1;420;2.1;7.5;0;1;0;1;0;0;1;3950;4350
2024-07;Cacao;Cultures de Rente et Stimulants;Centre;Littoral;Forêt bimodale;-0.5;-0.866;255000;3650000;310.0;23.5;10.5;820;840;1;336;2.1;7.5;0;1;0;0;0;0;1;6500;6950
2024-07;Café;Cultures de Rente et Stimulants;Ouest;Littoral;Hauts Plateaux;-0.5;-0.866;110000;3650000;260.0;21.5;9.5;780;840;1;336;2.1;7.5;0;1;0;0;0;0;1;4450;4850
2024-08;Maïs;Céréales;Ouest;Centre;Hauts Plateaux;-0.866;-0.5;62000;3560000;300.0;21.0;17.5;530;840;1;336;2.1;8.0;0;0;0;0;0;0;1;710;780
2024-08;Riz;Céréales;Extrême-Nord;Centre;Soudano-sahélienne;-0.866;-0.5;30000;3560000;160.0;29.0;9.5;580;840;1;336;2.1;8.0;1;0;0;1;0;0;1;1680;1850
2024-08;Mil-Sorgho;Céréales;Nord;Extrême-Nord;Soudano-sahélienne;-0.866;-0.5;61000;4900000;160.0;29.0;17.0;550;840;1;336;2.1;8.0;0;0;0;1;0;0;1;980;1080
2024-08;Blé;Céréales;Littoral(Import);Centre;Forêt monomodale;-0.866;-0.5;0;3560000;400.0;24.0;5.5;0;840;1;336;2.1;8.0;1;1;0;0;0;0;1;2100;2350
2024-08;Manioc;"Tubercules, Racines et Plantains";Centre;Centre;Forêt bimodale;-0.866;-0.5;129000;3560000;380.0;23.0;45.5;510;840;1;336;2.1;8.0;0;0;0;0;0;0;1;1150;1280
2024-08;Plantain;"Tubercules, Racines et Plantains";Sud-Ouest;Littoral;Forêt monomodale;-0.866;-0.5;41000;3650000;450.0;24.5;40.5;600;840;1;420;2.1;8.0;0;0;0;1;0;0;1;4150;4550
2024-08;Macabo-Taro;"Tubercules, Racines et Plantains";Littoral;Littoral;Forêt monomodale;-0.866;-0.5;22500;3650000;450.0;24.5;43.0;540;840;1;336;2.1;8.0;0;0;0;0;0;0;1;1280;1420
2024-08;Igname;"Tubercules, Racines et Plantains";Adamaoua;Centre;Savane guinéenne;-0.866;-0.5;25500;3560000;250.0;22.0;38.5;630;840;1;336;2.1;8.0;0;0;0;0;0;0;1;1620;1780
2024-08;Pomme de terre;"Tubercules, Racines et Plantains";Ouest;Littoral;Hauts Plateaux;-0.866;-0.5;19500;3650000;320.0;21.0;37.0;650;840;1;336;2.1;8.0;0;0;0;0;0;0;1;1750;1920
2024-08;Patate douce;"Tubercules, Racines et Plantains";Ouest;Centre;Hauts Plateaux;-0.866;-0.5;9800;3560000;320.0;21.0;37.0;530;840;1;336;2.1;8.0;0;0;0;0;0;0;1;1240;1380
2024-08;Tomate;Maraîchers;Ouest;Centre;Hauts Plateaux;-0.866;-0.5;16500;3560000;320.0;21.0;45.0;720;840;1;336;2.1;8.0;0;0;0;0;0;0;1;2900;3250
2024-08;Oignon;Maraîchers;Extrême-Nord;Centre;Soudano-sahélienne;-0.866;-0.5;26500;3560000;160.0;29.0;38.5;600;840;1;336;2.1;8.0;0;0;0;1;0;0;1;2100;2350
2024-08;Gombo;Maraîchers;Centre;Centre;Forêt bimodale;-0.866;-0.5;5800;3560000;380.0;23.0;59.0;560;840;1;336;2.1;8.0;0;0;0;0;0;0;1;1680;1850
2024-08;Piment;Maraîchers;Extrême-Nord;Littoral;Soudano-sahélienne;-0.866;-0.5;4400;3650000;160.0;29.0;46.0;710;840;1;336;2.1;8.0;0;0;0;1;0;0;1;2800;3150
2024-08;Poivron;Maraîchers;Extrême-Nord;Centre;Soudano-sahélienne;-0.866;-0.5;3700;3560000;160.0;29.0;51.0;690;840;1;336;2.1;8.0;0;0;0;1;0;0;1;2920;3250
2024-08;Ail;Maraîchers;Extrême-Nord;Centre;Soudano-sahélienne;-0.866;-0.5;1650;3560000;160.0;29.0;30.5;740;840;1;336;2.1;8.0;0;0;0;1;0;0;1;5850;6400
2024-08;Basilic;Maraîchers;Centre;Centre;Forêt bimodale;-0.866;-0.5;1250;3560000;380.0;23.0;71.0;580;840;1;336;2.1;8.0;0;0;0;0;0;0;1;1850;2050
2024-08;Légumes feuilles;Maraîchers;Centre;Centre;Forêt bimodale;-0.866;-0.5;8300;3560000;380.0;23.0;64.0;560;840;1;336;2.1;8.0;0;0;0;0;0;0;1;1500;1650
2024-08;Choux;Maraîchers;Ouest;Littoral;Hauts Plateaux;-0.866;-0.5;5400;3650000;320.0;21.0;48.0;630;840;1;336;2.1;8.0;0;0;0;0;0;0;1;1800;1980
2024-08;Pastèque;Maraîchers;Extrême-Nord;Centre;Soudano-sahélienne;-0.866;-0.5;3400;3560000;160.0;29.0;35.5;610;840;1;336;2.1;8.0;0;0;0;1;0;0;1;1150;1280
2024-08;Arachide;Oléagineux et Légumineuses;Nord;Centre;Soudano-sahélienne;-0.866;-0.5;61000;3560000;160.0;28.5;21.5;700;840;1;336;2.1;8.0;0;0;0;1;0;0;1;2100;2320
2024-08;Soja;Oléagineux et Légumineuses;Adamaoua;Centre;Savane guinéenne;-0.866;-0.5;10300;3560000;250.0;22.0;21.0;670;840;1;336;2.1;8.0;0;0;0;0;0;0;1;1920;2100
2024-08;Niébé;Oléagineux et Légumineuses;Extrême-Nord;Extrême-Nord;Soudano-sahélienne;-0.866;-0.5;44000;4900000;160.0;29.0;23.0;710;840;1;336;2.1;8.0;0;0;0;1;0;0;1;2050;2250
2024-08;Haricot sec;Oléagineux et Légumineuses;Ouest;Littoral;Hauts Plateaux;-0.866;-0.5;41000;3650000;320.0;21.0;20.5;650;840;1;336;2.1;8.0;0;0;0;0;0;0;1;1920;2120
2024-08;Huile de palme;Oléagineux et Légumineuses;Littoral;Centre;Forêt monomodale;-0.866;-0.5;64000;3560000;450.0;24.5;15.5;800;840;1;336;2.1;8.0;0;0;0;0;0;0;1;2850;3150
2024-08;Ananas;Fruits;Littoral;Centre;Forêt monomodale;-0.866;-0.5;10300;3560000;450.0;24.5;31.5;630;840;1;336;2.1;8.0;0;0;0;0;0;0;1;1650;1820
2024-08;Papaye;Fruits;Centre;Centre;Forêt bimodale;-0.866;-0.5;4400;3560000;380.0;23.0;52.0;580;840;1;336;2.1;8.0;0;0;0;0;0;0;1;1560;1720
2024-08;Mangue;Fruits;Nord;Centre;Soudano-sahélienne;-0.866;-0.5;8300;3560000;160.0;28.5;55.0;550;840;1;336;2.1;8.0;0;0;0;1;0;0;1;170;150
2024-08;Avocat;Fruits;Ouest;Littoral;Hauts Plateaux;-0.866;-0.5;16500;3650000;320.0;21.0;42.0;570;840;1;336;2.1;8.0;0;0;0;0;0;0;1;1550;1720
2024-08;Safou;Fruits;Littoral;Centre;Forêt monomodale;-0.866;-0.5;5400;3560000;450.0;24.5;57.0;590;840;1;336;2.1;8.0;0;0;0;0;0;0;1;1780;1950
2024-08;Citron;Fruits;Centre;Centre;Forêt bimodale;-0.866;-0.5;3400;3560000;380.0;23.0;36.0;580;840;1;336;2.1;8.0;0;0;0;0;0;0;1;1600;1750
2024-08;Orange;Fruits;Centre;Centre;Forêt bimodale;-0.866;-0.5;5400;3560000;380.0;23.0;36.0;600;840;1;336;2.1;8.0;0;0;0;0;0;0;1;1560;1720
2024-08;Banane douce;Fruits;Sud-Ouest;Littoral;Forêt monomodale;-0.866;-0.5;22500;3650000;450.0;24.5;45.5;620;840;1;420;2.1;8.0;0;0;0;1;0;0;1;4350;4800
2024-08;Cacao;Cultures de Rente et Stimulants;Centre;Littoral;Forêt bimodale;-0.866;-0.5;255000;3650000;380.0;23.0;11.5;840;840;1;336;2.1;8.0;0;0;0;0;0;0;1;6950;7500
2024-08;Café;Cultures de Rente et Stimulants;Ouest;Littoral;Hauts Plateaux;-0.866;-0.5;110000;3650000;320.0;21.0;10.5;800;840;1;336;2.1;8.0;0;0;0;0;0;0;1;4850;5300
2024-09;Maïs;Céréales;Ouest;Centre;Hauts Plateaux;-1.0;0.0;62000;3560000;250.0;22.0;13.5;550;840;2;252;2.1;7.6;0;0;0;0;0;0;1;780;720
2024-09;Riz;Céréales;Extrême-Nord;Centre;Soudano-sahélienne;-1.0;0.0;30000;3560000;110.0;30.0;7.5;600;840;2;252;2.1;7.6;1;0;0;1;0;0;1;1850;1680
2024-09;Mil-Sorgho;Céréales;Nord;Extrême-Nord;Soudano-sahélienne;-1.0;0.0;61000;4900000;80.0;31.0;14.0;570;840;2;252;2.1;7.6;0;0;0;1;0;0;1;1080;980
2024-09;Blé;Céréales;Littoral(Import);Centre;Forêt monomodale;-1.0;0.0;0;3560000;350.0;25.0;5.0;0;840;2;252;2.1;7.6;1;0;0;0;0;0;1;2350;2150
2024-09;Manioc;"Tubercules, Racines et Plantains";Centre;Centre;Forêt bimodale;-1.0;0.0;129000;3560000;150.0;24.0;38.0;530;840;2;252;2.1;7.6;0;0;0;0;0;0;1;1280;1160
2024-09;Plantain;"Tubercules, Racines et Plantains";Sud-Ouest;Littoral;Forêt monomodale;-1.0;0.0;41000;3650000;350.0;25.5;35.5;620;840;2;336;2.1;7.6;0;0;0;1;0;0;1;4550;4200
2024-09;Macabo-Taro;"Tubercules, Racines et Plantains";Littoral;Littoral;Forêt monomodale;-1.0;0.0;22500;3650000;350.0;25.5;38.0;560;840;2;252;2.1;7.6;0;0;0;0;0;0;1;1420;1280
2024-09;Igname;"Tubercules, Racines et Plantains";Adamaoua;Centre;Savane guinéenne;-1.0;0.0;25500;3560000;150.0;22.0;32.0;650;840;2;252;2.1;7.6;0;0;0;0;0;0;1;1780;1620
2024-09;Pomme de terre;"Tubercules, Racines et Plantains";Ouest;Littoral;Hauts Plateaux;-1.0;0.0;19500;3650000;200.0;21.0;30.0;670;840;2;252;2.1;7.6;0;0;0;0;0;0;1;1920;1750
2024-09;Patate douce;"Tubercules, Racines et Plantains";Ouest;Centre;Hauts Plateaux;-1.0;0.0;9800;3560000;200.0;21.0;32.0;550;840;2;252;2.1;7.6;0;0;0;0;0;0;1;1380;1250
2024-09;Tomate;Maraîchers;Ouest;Centre;Hauts Plateaux;-1.0;0.0;16500;3560000;200.0;21.0;40.0;740;840;2;252;2.1;7.6;0;0;0;0;0;0;1;3250;2950
2024-09;Oignon;Maraîchers;Extrême-Nord;Centre;Soudano-sahélienne;-1.0;0.0;26500;3560000;100.0;31.0;30.0;620;840;2;252;2.1;7.6;0;0;0;1;0;0;1;2350;2100
2024-09;Gombo;Maraîchers;Centre;Centre;Forêt bimodale;-1.0;0.0;5800;3560000;150.0;24.0;50.0;580;840;2;252;2.1;7.6;0;0;0;0;0;0;1;1850;1680
2024-09;Piment;Maraîchers;Extrême-Nord;Littoral;Soudano-sahélienne;-1.0;0.0;4400;3650000;100.0;31.0;38.0;730;840;2;252;2.1;7.6;0;0;0;1;0;0;1;3150;2850
2024-09;Poivron;Maraîchers;Extrême-Nord;Centre;Soudano-sahélienne;-1.0;0.0;3700;3560000;100.0;31.0;42.0;710;840;2;252;2.1;7.6;0;0;0;1;0;0;1;3250;2920
2024-09;Ail;Maraîchers;Extrême-Nord;Centre;Soudano-sahélienne;-1.0;0.0;1650;3560000;100.0;31.0;25.0;760;840;2;252;2.1;7.6;0;0;0;1;0;0;1;6400;5850
2024-09;Basilic;Maraîchers;Centre;Centre;Forêt bimodale;-1.0;0.0;1250;3560000;150.0;24.0;60.0;600;840;2;252;2.1;7.6;0;0;0;0;0;0;1;2050;1850
2024-09;Légumes feuilles;Maraîchers;Centre;Centre;Forêt bimodale;-1.0;0.0;8300;3560000;150.0;24.0;55.0;580;840;2;252;2.1;7.6;0;0;0;0;0;0;1;1650;1500
2024-09;Choux;Maraîchers;Ouest;Littoral;Hauts Plateaux;-1.0;0.0;5400;3650000;200.0;21.0;40.0;650;840;2;252;2.1;7.6;0;0;0;0;0;0;1;1980;1800
2024-09;Pastèque;Maraîchers;Extrême-Nord;Centre;Soudano-sahélienne;-1.0;0.0;3400;3560000;100.0;31.0;26.0;630;840;2;252;2.1;7.6;0;0;0;1;0;0;1;1280;1150
2024-09;Arachide;Oléagineux et Légumineuses;Nord;Centre;Soudano-sahélienne;-1.0;0.0;61000;3560000;80.0;30.0;16.0;720;840;2;252;2.1;7.6;0;0;0;1;0;0;1;2320;2100
2024-09;Soja;Oléagineux et Légumineuses;Adamaoua;Centre;Savane guinéenne;-1.0;0.0;10300;3560000;150.0;22.0;16.0;690;840;2;252;2.1;7.6;0;0;0;0;0;0;1;2100;1920
2024-09;Niébé;Oléagineux et Légumineuses;Extrême-Nord;Extrême-Nord;Soudano-sahélienne;-1.0;0.0;44000;4900000;100.0;31.0;14.0;730;840;2;252;2.1;7.6;0;0;0;1;0;0;1;2250;2050
2024-09;Haricot sec;Oléagineux et Légumineuses;Ouest;Littoral;Hauts Plateaux;-1.0;0.0;41000;3650000;200.0;21.0;14.0;670;840;2;252;2.1;7.6;0;0;0;0;0;0;1;2120;1920
2024-09;Huile de palme;Oléagineux et Légumineuses;Littoral;Centre;Forêt monomodale;-1.0;0.0;64000;3560000;350.0;25.5;9.0;820;840;2;252;2.1;7.6;0;0;0;0;0;0;1;3150;2850
2024-09;Ananas;Fruits;Littoral;Centre;Forêt monomodale;-1.0;0.0;10300;3560000;350.0;25.5;28.0;650;840;2;252;2.1;7.6;0;0;0;0;0;0;1;1820;1650
2024-09;Papaye;Fruits;Centre;Centre;Forêt bimodale;-1.0;0.0;4400;3560000;150.0;24.0;45.0;600;840;2;252;2.1;7.6;0;0;0;0;0;0;1;1720;1560
2024-09;Mangue;Fruits;Nord;Centre;Soudano-sahélienne;-1.0;0.0;8300;3560000;80.0;30.0;48.0;570;840;2;252;2.1;7.6;0;0;0;1;0;0;1;150;170
2024-09;Avocat;Fruits;Ouest;Littoral;Hauts Plateaux;-1.0;0.0;16500;3650000;200.0;21.0;35.0;590;840;2;252;2.1;7.6;0;0;0;0;0;0;1;1720;1550
2024-09;Safou;Fruits;Littoral;Centre;Forêt monomodale;-1.0;0.0;5400;3560000;350.0;25.5;48.0;610;840;2;252;2.1;7.6;0;0;0;0;0;0;1;1950;1780
2024-09;Citron;Fruits;Centre;Centre;Forêt bimodale;-1.0;0.0;3400;3560000;150.0;24.0;30.0;600;840;2;252;2.1;7.6;0;0;0;0;0;0;1;1750;1600
2024-09;Orange;Fruits;Centre;Centre;Forêt bimodale;-1.0;0.0;5400;3560000;150.0;24.0;30.0;620;840;2;252;2.1;7.6;0;0;0;0;0;0;1;1720;1560
2024-09;Banane douce;Fruits;Sud-Ouest;Littoral;Forêt monomodale;-1.0;0.0;22500;3650000;350.0;25.5;40.0;640;840;2;336;2.1;7.6;0;0;0;1;0;0;1;4800;4350
2024-09;Cacao;Cultures de Rente et Stimulants;Centre;Littoral;Forêt bimodale;-1.0;0.0;255000;3650000;280.0;24.0;9.0;860;840;2;252;2.1;7.6;0;0;0;0;0;0;1;7500;8500
2024-09;Café;Cultures de Rente et Stimulants;Ouest;Littoral;Hauts Plateaux;-1.0;0.0;110000;3650000;200.0;21.0;8.0;820;840;2;252;2.1;7.6;0;0;0;0;0;0;1;5300;4850
2024-10;Maïs;Céréales;Ouest;Centre;Hauts Plateaux;-0.866;0.5;62000;3560000;150.0;23.0;10.0;570;840;3;168;2.1;7.4;0;0;0;0;0;0;1;720;650
2024-10;Riz;Céréales;Extrême-Nord;Centre;Soudano-sahélienne;-0.866;0.5;30000;3560000;40.0;31.5;5.5;620;840;3;168;2.1;7.4;1;0;0;1;0;0;1;1680;1550
2024-10;Mil-Sorgho;Céréales;Nord;Extrême-Nord;Soudano-sahélienne;-0.866;0.5;61000;4900000;40.0;32.0;13.0;590;840;3;168;2.1;7.4;0;0;0;1;0;0;1;980;900
2024-10;Blé;Céréales;Littoral(Import);Centre;Forêt monomodale;-0.866;0.5;0;3560000;250.0;26.0;3.0;0;840;3;168;2.1;7.4;1;0;0;0;0;0;1;2150;1950
2024-10;Manioc;"Tubercules, Racines et Plantains";Centre;Centre;Forêt bimodale;-0.866;0.5;129000;3560000;100.0;25.0;34.0;550;840;3;168;2.1;7.4;0;0;0;0;0;0;1;1160;1050
2024-10;Plantain;"Tubercules, Racines et Plantains";Sud-Ouest;Littoral;Forêt monomodale;-0.866;0.5;41000;3650000;250.0;26.5;30.0;640;840;3;252;2.1;7.4;0;0;0;1;0;0;1;4200;3800
2024-10;Macabo-Taro;"Tubercules, Racines et Plantains";Littoral;Littoral;Forêt monomodale;-0.866;0.5;22500;3650000;250.0;26.5;33.0;580;840;3;168;2.1;7.4;0;0;0;0;0;0;1;1280;1160
2024-10;Igname;"Tubercules, Racines et Plantains";Adamaoua;Centre;Savane guinéenne;-0.866;0.5;25500;3560000;50.0;23.0;28.0;670;840;3;168;2.1;7.4;0;0;0;0;0;0;1;1620;1480
2024-10;Pomme de terre;"Tubercules, Racines et Plantains";Ouest;Littoral;Hauts Plateaux;-0.866;0.5;19500;3650000;100.0;23.0;25.0;690;840;3;168;2.1;7.4;0;0;0;0;0;0;1;1750;1600
2024-10;Patate douce;"Tubercules, Racines et Plantains";Ouest;Centre;Hauts Plateaux;-0.866;0.5;9800;3560000;100.0;23.0;26.0;570;840;3;168;2.1;7.4;0;0;0;0;0;0;1;1250;1120
2024-10;Tomate;Maraîchers;Ouest;Centre;Hauts Plateaux;-0.866;0.5;16500;3560000;100.0;23.0;30.0;760;840;3;168;2.1;7.4;0;0;0;0;0;0;1;2950;2650
2024-10;Oignon;Maraîchers;Extrême-Nord;Centre;Soudano-sahélienne;-0.866;0.5;26500;3560000;30.0;33.0;28.0;640;840;3;168;2.1;7.4;0;0;0;1;0;0;1;2100;1900
2024-10;Gombo;Maraîchers;Centre;Centre;Forêt bimodale;-0.866;0.5;5800;3560000;100.0;25.0;45.0;600;840;3;168;2.1;7.4;0;0;0;0;0;0;1;1680;1520
2024-10;Piment;Maraîchers;Extrême-Nord;Littoral;Soudano-sahélienne;-0.866;0.5;4400;3650000;30.0;33.0;34.0;750;840;3;168;2.1;7.4;0;0;0;1;0;0;1;2850;2550
2024-10;Poivron;Maraîchers;Extrême-Nord;Centre;Soudano-sahélienne;-0.866;0.5;3700;3560000;30.0;33.0;38.0;730;840;3;168;2.1;7.4;0;0;0;1;0;0;1;2920;2650
2024-10;Ail;Maraîchers;Extrême-Nord;Centre;Soudano-sahélienne;-0.866;0.5;1650;3560000;30.0;33.0;22.0;780;840;3;168;2.1;7.4;0;0;0;1;0;0;1;5850;5300
2024-10;Basilic;Maraîchers;Centre;Centre;Forêt bimodale;-0.866;0.5;1250;3560000;100.0;25.0;55.0;620;840;3;168;2.1;7.4;0;0;0;0;0;0;1;1850;1680
2024-10;Légumes feuilles;Maraîchers;Centre;Centre;Forêt bimodale;-0.866;0.5;8300;3560000;100.0;25.0;50.0;600;840;3;168;2.1;7.4;0;0;0;0;0;0;1;1500;1350
2024-10;Choux;Maraîchers;Ouest;Littoral;Hauts Plateaux;-0.866;0.5;5400;3650000;100.0;23.0;34.0;670;840;3;168;2.1;7.4;0;0;0;0;0;0;1;1800;1640
2024-10;Pastèque;Maraîchers;Extrême-Nord;Centre;Soudano-sahélienne;-0.866;0.5;3400;3560000;30.0;33.0;24.0;650;840;3;168;2.1;7.4;0;0;0;1;0;0;1;1150;1040
2024-10;Arachide;Oléagineux et Légumineuses;Nord;Centre;Soudano-sahélienne;-0.866;0.5;61000;3560000;20.0;32.0;12.0;740;840;3;168;2.1;7.4;0;0;0;1;0;0;1;2100;1920
2024-10;Soja;Oléagineux et Légumineuses;Adamaoua;Centre;Savane guinéenne;-0.866;0.5;10300;3560000;50.0;23.0;12.0;710;840;3;168;2.1;7.4;0;0;0;0;0;0;1;1920;1750
2024-10;Niébé;Oléagineux et Légumineuses;Extrême-Nord;Extrême-Nord;Soudano-sahélienne;-0.866;0.5;44000;4900000;30.0;33.0;12.0;750;840;3;168;2.1;7.4;0;0;0;1;0;0;1;2050;1850
2024-10;Haricot sec;Oléagineux et Légumineuses;Ouest;Littoral;Hauts Plateaux;-0.866;0.5;41000;3650000;100.0;23.0;11.0;690;840;3;168;2.1;7.4;0;0;0;0;0;0;1;1920;1750
2024-10;Huile de palme;Oléagineux et Légumineuses;Littoral;Centre;Forêt monomodale;-0.866;0.5;64000;3560000;250.0;26.5;7.0;840;840;3;168;2.1;7.4;0;0;0;0;0;0;1;2850;2600
2024-10;Ananas;Fruits;Littoral;Centre;Forêt monomodale;-0.866;0.5;10300;3560000;250.0;26.5;22.0;670;840;3;168;2.1;7.4;0;0;0;0;0;0;1;1650;1500
2024-10;Papaye;Fruits;Centre;Centre;Forêt bimodale;-0.866;0.5;4400;3560000;100.0;25.0;38.0;620;840;3;168;2.1;7.4;0;0;0;0;0;0;1;1560;1420
2024-10;Mangue;Fruits;Nord;Centre;Soudano-sahélienne;-0.866;0.5;8300;3560000;20.0;32.0;42.0;590;840;3;168;2.1;7.4;0;0;0;1;0;0;1;170;190
2024-10;Avocat;Fruits;Ouest;Littoral;Hauts Plateaux;-0.866;0.5;16500;3650000;100.0;23.0;28.0;610;840;3;168;2.1;7.4;0;0;0;0;0;0;1;1550;1400
2024-10;Safou;Fruits;Littoral;Centre;Forêt monomodale;-0.866;0.5;5400;3560000;250.0;26.5;42.0;630;840;3;168;2.1;7.4;0;0;0;0;0;0;1;1780;1620
2024-10;Citron;Fruits;Centre;Centre;Forêt bimodale;-0.866;0.5;3400;3560000;100.0;25.0;24.0;620;840;3;168;2.1;7.4;0;0;0;0;0;0;1;1600;1450
2024-10;Orange;Fruits;Centre;Centre;Forêt bimodale;-0.866;0.5;5400;3560000;100.0;25.0;24.0;640;840;3;168;2.1;7.4;0;0;0;0;0;0;1;1560;1420
2024-10;Banane douce;Fruits;Sud-Ouest;Littoral;Forêt monomodale;-0.866;0.5;22500;3650000;250.0;26.5;33.0;660;840;3;252;2.1;7.4;0;0;0;1;0;0;1;4350;3950
2024-10;Cacao;Cultures de Rente et Stimulants;Centre;Littoral;Forêt bimodale;-0.866;0.5;255000;3650000;100.0;25.0;7.0;880;840;3;168;2.1;7.4;0;0;0;0;0;0;1;8500;8000
2024-10;Café;Cultures de Rente et Stimulants;Ouest;Littoral;Hauts Plateaux;-0.866;0.5;110000;3650000;100.0;23.0;7.0;840;840;3;168;2.1;7.4;0;0;0;0;0;0;1;4850;4450
2024-11;Maïs;Céréales;Ouest;Centre;Hauts Plateaux;-0.5;0.866;62000;3560000;50.0;24.0;8.0;590;840;4;84;2.1;7.2;0;0;0;0;0;0;1;650;580
2024-11;Riz;Céréales;Extrême-Nord;Centre;Soudano-sahélienne;-0.5;0.866;30000;3560000;0.0;31.0;5.0;640;840;4;84;2.1;7.2;1;0;0;1;0;0;1;1550;1400
2024-11;Mil-Sorgho;Céréales;Nord;Extrême-Nord;Soudano-sahélienne;-0.5;0.866;61000;4900000;0.0;32.0;12.0;610;840;4;84;2.1;7.2;0;0;0;1;0;0;1;900;820
2024-11;Blé;Céréales;Littoral(Import);Centre;Forêt monomodale;-0.5;0.866;0;3560000;100.0;27.0;2.0;0;840;4;84;2.1;7.2;1;0;0;0;0;0;1;1950;1750
2024-11;Manioc;"Tubercules, Racines et Plantains";Centre;Centre;Forêt bimodale;-0.5;0.866;129000;3560000;50.0;26.0;30.0;570;840;4;84;2.1;7.2;0;0;0;0;0;0;1;1050;920
2024-11;Plantain;"Tubercules, Racines et Plantains";Sud-Ouest;Littoral;Forêt monomodale;-0.5;0.866;41000;3650000;100.0;28.0;25.0;660;840;4;168;2.1;7.2;0;0;0;1;0;0;1;3800;3450
2024-11;Macabo-Taro;"Tubercules, Racines et Plantains";Littoral;Littoral;Forêt monomodale;-0.5;0.866;22500;3650000;100.0;28.0;28.0;600;840;4;84;2.1;7.2;0;0;0;0;0;0;1;1160;1050
2024-11;Igname;"Tubercules, Racines et Plantains";Adamaoua;Centre;Savane guinéenne;-0.5;0.866;25500;3560000;10.0;24.0;25.0;690;840;4;84;2.1;7.2;0;0;0;0;0;0;1;1480;1350
2024-11;Pomme de terre;"Tubercules, Racines et Plantains";Ouest;Littoral;Hauts Plateaux;-0.5;0.866;19500;3650000;50.0;24.0;22.0;710;840;4;84;2.1;7.2;0;0;0;0;0;0;1;1600;1450
2024-11;Patate douce;"Tubercules, Racines et Plantains";Ouest;Centre;Hauts Plateaux;-0.5;0.866;9800;3560000;50.0;24.0;23.0;590;840;4;84;2.1;7.2;0;0;0;0;0;0;1;1120;1010
2024-11;Tomate;Maraîchers;Ouest;Centre;Hauts Plateaux;-0.5;0.866;16500;3560000;50.0;24.0;22.0;780;840;4;84;2.1;7.2;0;0;0;0;0;0;1;2650;2300
2024-11;Oignon;Maraîchers;Extrême-Nord;Centre;Soudano-sahélienne;-0.5;0.866;26500;3560000;0.0;31.0;25.0;660;840;4;84;2.1;7.2;0;0;0;1;0;0;1;1900;1720
2024-11;Gombo;Maraîchers;Centre;Centre;Forêt bimodale;-0.5;0.866;5800;3560000;50.0;26.0;42.0;620;840;4;84;2.1;7.2;0;0;0;0;0;0;1;1520;1380
2024-11;Piment;Maraîchers;Extrême-Nord;Littoral;Soudano-sahélienne;-0.5;0.866;4400;3650000;0.0;31.0;30.0;770;840;4;84;2.1;7.2;0;0;0;1;0;0;1;2550;2300
2024-11;Poivron;Maraîchers;Extrême-Nord;Centre;Soudano-sahélienne;-0.5;0.866;3700;3560000;0.0;31.0;35.0;750;840;4;84;2.1;7.2;0;0;0;1;0;0;1;2650;2400
2024-11;Ail;Maraîchers;Extrême-Nord;Centre;Soudano-sahélienne;-0.5;0.866;1650;3560000;0.0;31.0;18.0;800;840;4;84;2.1;7.2;0;0;0;1;0;0;1;5300;4800
2024-11;Basilic;Maraîchers;Centre;Centre;Forêt bimodale;-0.5;0.866;1250;3560000;50.0;26.0;52.0;640;840;4;84;2.1;7.2;0;0;0;0;0;0;1;1680;1520
2024-11;Légumes feuilles;Maraîchers;Centre;Centre;Forêt bimodale;-0.5;0.866;8300;3560000;50.0;26.0;45.0;620;840;4;84;2.1;7.2;0;0;0;0;0;0;1;1350;1220
2024-11;Choux;Maraîchers;Ouest;Littoral;Hauts Plateaux;-0.5;0.866;5400;3650000;50.0;24.0;30.0;690;840;4;84;2.1;7.2;0;0;0;0;0;0;1;1640;1480
2024-11;Pastèque;Maraîchers;Extrême-Nord;Centre;Soudano-sahélienne;-0.5;0.866;3400;3560000;0.0;31.0;20.0;670;840;4;84;2.1;7.2;0;0;0;1;0;0;1;1040;940
2024-11;Arachide;Oléagineux et Légumineuses;Nord;Centre;Soudano-sahélienne;-0.5;0.866;61000;3560000;0.0;30.0;10.0;760;840;4;84;2.1;7.2;0;0;0;1;0;0;1;1920;1750
2024-11;Soja;Oléagineux et Légumineuses;Adamaoua;Centre;Savane guinéenne;-0.5;0.866;10300;3560000;10.0;24.0;10.0;730;840;4;84;2.1;7.2;0;0;0;0;0;0;1;1750;1580
2024-11;Niébé;Oléagineux et Légumineuses;Extrême-Nord;Extrême-Nord;Soudano-sahélienne;-0.5;0.866;44000;4900000;0.0;31.0;12.0;770;840;4;84;2.1;7.2;0;0;0;1;0;0;1;1850;1680
2024-11;Haricot sec;Oléagineux et Légumineuses;Ouest;Littoral;Hauts Plateaux;-0.5;0.866;41000;3650000;50.0;24.0;8.0;710;840;4;84;2.1;7.2;0;0;0;0;0;0;1;1750;1590
2024-11;Huile de palme;Oléagineux et Légumineuses;Littoral;Centre;Forêt monomodale;-0.5;0.866;64000;3560000;100.0;28.0;5.0;860;840;4;84;2.1;7.2;0;0;0;0;0;0;1;2600;2350
2024-11;Ananas;Fruits;Littoral;Centre;Forêt monomodale;-0.5;0.866;10300;3560000;100.0;28.0;18.0;690;840;4;84;2.1;7.2;0;0;0;0;0;0;1;1500;1360
2024-11;Papaye;Fruits;Centre;Centre;Forêt bimodale;-0.5;0.866;4400;3560000;50.0;26.0;35.0;640;840;4;84;2.1;7.2;0;0;0;0;0;0;1;1420;1280
2024-11;Mangue;Fruits;Nord;Centre;Soudano-sahélienne;-0.5;0.866;8300;3560000;0.0;30.0;40.0;610;840;4;84;2.1;7.2;0;0;0;1;0;0;1;190;210
2024-11;Avocat;Fruits;Ouest;Littoral;Hauts Plateaux;-0.5;0.866;16500;3650000;50.0;24.0;25.0;630;840;4;84;2.1;7.2;0;0;0;0;0;0;1;1400;1260
2024-11;Safou;Fruits;Littoral;Centre;Forêt monomodale;-0.5;0.866;5400;3560000;100.0;28.0;40.0;650;840;4;84;2.1;7.2;0;0;0;0;0;0;1;1620;1480
2024-11;Citron;Fruits;Centre;Centre;Forêt bimodale;-0.5;0.866;3400;3560000;50.0;26.0;20.0;640;840;4;84;2.1;7.2;0;0;0;0;0;0;1;1450;1320
2024-11;Orange;Fruits;Centre;Centre;Forêt bimodale;-0.5;0.866;5400;3560000;50.0;26.0;20.0;660;840;4;84;2.1;7.2;0;0;0;0;0;0;1;1420;1280
2024-11;Banane douce;Fruits;Sud-Ouest;Littoral;Forêt monomodale;-0.5;0.866;22500;3650000;100.0;28.0;30.0;680;840;4;168;2.1;7.2;0;0;0;1;0;0;1;3950;3550
2024-11;Cacao;Cultures de Rente et Stimulants;Centre;Littoral;Forêt bimodale;-0.5;0.866;255000;3650000;50.0;26.0;6.0;900;840;4;84;2.1;7.2;0;0;0;0;0;0;1;8000;8500
2024-11;Café;Cultures de Rente et Stimulants;Ouest;Littoral;Hauts Plateaux;-0.5;0.866;110000;3650000;50.0;24.0;5.0;860;840;4;84;2.1;7.2;0;0;0;0;0;0;1;4450;4850
2024-12;Maïs;Céréales;Ouest;Centre;Hauts Plateaux;0.0;1.0;62000;3560000;10.5;23.0;8.0;610;840;4;84;2.1;7.0;0;0;1;0;0;0;1;580;640
2024-12;Riz;Céréales;Extrême-Nord;Centre;Soudano-sahélienne;0.0;1.0;30000;3560000;0.0;30.5;5.0;660;840;4;84;2.1;7.0;1;0;1;1;0;0;1;1400;1550
2024-12;Mil-Sorgho;Céréales;Nord;Extrême-Nord;Soudano-sahélienne;0.0;1.0;61000;4900000;0.0;32.0;12.0;630;840;4;84;2.1;7.0;0;0;1;1;0;0;1;820;900
2024-12;Blé;Céréales;Littoral(Import);Centre;Forêt monomodale;0.0;1.0;0;3560000;50.0;27.0;2.0;0;840;4;84;2.1;7.0;1;0;1;0;0;0;1;1750;1950
2024-12;Manioc;"Tubercules, Racines et Plantains";Centre;Centre;Forêt bimodale;0.0;1.0;129000;3560000;20.0;25.0;30.0;590;840;4;84;2.1;7.0;0;0;1;0;0;0;1;920;1020
2024-12;Plantain;"Tubercules, Racines et Plantains";Sud-Ouest;Littoral;Forêt monomodale;0.0;1.0;41000;3650000;50.0;27.0;25.0;680;840;4;168;2.1;7.0;0;0;1;1;0;0;1;3450;3800
2024-12;Macabo-Taro;"Tubercules, Racines et Plantains";Littoral;Littoral;Forêt monomodale;0.0;1.0;22500;3650000;50.0;27.0;28.0;620;840;4;84;2.1;7.0;0;0;1;0;0;0;1;1050;1160
2024-12;Igname;"Tubercules, Racines et Plantains";Adamaoua;Centre;Savane guinéenne;0.0;1.0;25500;3560000;0.0;24.0;25.0;710;840;4;84;2.1;7.0;0;0;1;0;0;0;1;1350;1480
2024-12;Pomme de terre;"Tubercules, Racines et Plantains";Ouest;Littoral;Hauts Plateaux;0.0;1.0;19500;3650000;10.5;23.0;22.0;730;840;4;84;2.1;7.0;0;0;1;0;0;0;1;1450;1600
2024-12;Patate douce;"Tubercules, Racines et Plantains";Ouest;Centre;Hauts Plateaux;0.0;1.0;9800;3560000;10.5;23.0;23.0;610;840;4;84;2.1;7.0;0;0;1;0;0;0;1;1010;1120
2024-12;Tomate;Maraîchers;Ouest;Centre;Hauts Plateaux;0.0;1.0;16500;3560000;10.5;23.0;22.0;800;840;4;84;2.1;7.0;0;0;1;0;0;0;1;2300;2600
2024-12;Oignon;Maraîchers;Extrême-Nord;Centre;Soudano-sahélienne;0.0;1.0;26500;3560000;0.0;30.5;25.0;680;840;4;84;2.1;7.0;0;0;1;1;0;0;1;1720;1900
2024-12;Gombo;Maraîchers;Centre;Centre;Forêt bimodale;0.0;1.0;5800;3560000;20.0;25.0;42.0;640;840;4;84;2.1;7.0;0;0;1;0;0;0;1;1380;1520
2024-12;Piment;Maraîchers;Extrême-Nord;Littoral;Soudano-sahélienne;0.0;1.0;4400;3650000;0.0;30.5;30.0;790;840;4;84;2.1;7.0;0;0;1;1;0;0;1;2300;2550
2024-12;Poivron;Maraîchers;Extrême-Nord;Centre;Soudano-sahélienne;0.0;1.0;3700;3560000;0.0;30.5;35.0;770;840;4;84;2.1;7.0;0;0;1;1;0;0;1;2400;2650
2024-12;Ail;Maraîchers;Extrême-Nord;Centre;Soudano-sahélienne;0.0;1.0;1650;3560000;0.0;30.5;18.0;820;840;4;84;2.1;7.0;0;0;1;1;0;0;1;4800;5300
2024-12;Basilic;Maraîchers;Centre;Centre;Forêt bimodale;0.0;1.0;1250;3560000;20.0;25.0;52.0;660;840;4;84;2.1;7.0;0;0;1;0;0;0;1;1520;1680
2024-12;Légumes feuilles;Maraîchers;Centre;Centre;Forêt bimodale;0.0;1.0;8300;3560000;20.0;25.0;45.0;640;840;4;84;2.1;7.0;0;0;1;0;0;0;1;1220;1350
2024-12;Choux;Maraîchers;Ouest;Littoral;Hauts Plateaux;0.0;1.0;5400;3650000;10.5;23.0;30.0;710;840;4;84;2.1;7.0;0;0;1;0;0;0;1;1480;1640
2024-12;Pastèque;Maraîchers;Extrême-Nord;Centre;Soudano-sahélienne;0.0;1.0;3400;3560000;0.0;30.5;20.0;690;840;4;84;2.1;7.0;0;0;1;1;0;0;1;940;1040
2024-12;Arachide;Oléagineux et Légumineuses;Nord;Centre;Soudano-sahélienne;0.0;1.0;61000;3560000;0.0;29.0;10.0;780;840;4;84;2.1;7.0;0;0;1;1;0;0;1;1750;1920
2024-12;Soja;Oléagineux et Légumineuses;Adamaoua;Centre;Savane guinéenne;0.0;1.0;10300;3560000;0.0;24.0;10.0;750;840;4;84;2.1;7.0;0;0;1;0;0;0;1;1580;1750
2024-12;Niébé;Oléagineux et Légumineuses;Extrême-Nord;Extrême-Nord;Soudano-sahélienne;0.0;1.0;44000;4900000;0.0;30.5;12.0;790;840;4;84;2.1;7.0;0;0;1;1;0;0;1;1680;1850
2024-12;Haricot sec;Oléagineux et Légumineuses;Ouest;Littoral;Hauts Plateaux;0.0;1.0;41000;3650000;10.5;23.0;8.0;730;840;4;84;2.1;7.0;0;0;1;0;0;0;1;1590;1750
2024-12;Huile de palme;Oléagineux et Légumineuses;Littoral;Centre;Forêt monomodale;0.0;1.0;64000;3560000;50.0;27.0;5.0;880;840;4;84;2.1;7.0;0;0;1;0;0;0;1;2350;2600
2024-12;Ananas;Fruits;Littoral;Centre;Forêt monomodale;0.0;1.0;10300;3560000;50.0;27.0;18.0;710;840;4;84;2.1;7.0;0;0;1;0;0;0;1;1360;1500
2024-12;Papaye;Fruits;Centre;Centre;Forêt bimodale;0.0;1.0;4400;3560000;20.0;25.0;35.0;660;840;4;84;2.1;7.0;0;0;1;0;0;0;1;1280;1420
2024-12;Mangue;Fruits;Nord;Centre;Soudano-sahélienne;0.0;1.0;8300;3560000;0.0;29.0;40.0;630;840;4;84;2.1;7.0;0;0;1;1;0;0;1;210;230
2024-12;Avocat;Fruits;Ouest;Littoral;Hauts Plateaux;0.0;1.0;16500;3650000;10.5;23.0;25.0;650;840;4;84;2.1;7.0;0;0;1;0;0;0;1;1260;1400
2024-12;Safou;Fruits;Littoral;Centre;Forêt monomodale;0.0;1.0;5400;3560000;50.0;27.0;40.0;670;840;4;84;2.1;7.0;0;0;1;0;0;0;1;1480;1620
2024-12;Citron;Fruits;Centre;Centre;Forêt bimodale;0.0;1.0;3400;3560000;20.0;25.0;20.0;660;840;4;84;2.1;7.0;0;0;1;0;0;0;1;1320;1450
2024-12;Orange;Fruits;Centre;Centre;Forêt bimodale;0.0;1.0;5400;3560000;20.0;25.0;20.0;680;840;4;84;2.1;7.0;0;0;1;0;0;0;1;1280;1420
2024-12;Banane douce;Fruits;Sud-Ouest;Littoral;Forêt monomodale;0.0;1.0;22500;3650000;50.0;27.0;30.0;700;840;4;168;2.1;7.0;0;0;1;1;0;0;1;3550;3950
2024-12;Cacao;Cultures de Rente et Stimulants;Centre;Littoral;Forêt bimodale;0.0;1.0;255000;3650000;20.0;25.0;6.0;920;840;4;84;2.1;7.0;0;0;1;0;0;0;1;8500;9000
2024-12;Café;Cultures de Rente et Stimulants;Ouest;Littoral;Hauts Plateaux;0.0;1.0;110000;3650000;10.5;23.0;5.0;880;840;4;84;2.1;7.0;0;0;1;0;0;0;1;4450;4850
2025-07;Maïs;Céréales;Ouest;Centre;Hauts Plateaux;-0.5;-0.866;62500;3660000;260.0;21.5;16.5;650;840;1;336;2.2;6.0;0;0;0;0;0;0;1;720;780
2025-07;Riz;Céréales;Extrême-Nord;Centre;Soudano-sahélienne;-0.5;-0.866;30500;3660000;110.0;30.0;8.5;690;840;1;336;2.2;6.0;1;0;0;1;0;0;1;1780;1850
2025-07;Mil-Sorgho;Céréales;Nord;Extrême-Nord;Soudano-sahélienne;-0.5;-0.866;61500;5000000;110.0;30.0;16.0;670;840;1;336;2.2;6.0;0;0;0;1;0;0;1;1050;1120
2025-07;Blé;Céréales;Littoral(Import);Centre;Forêt monomodale;-0.5;-0.866;0;3660000;310.0;24.5;5.0;0;840;1;336;2.2;6.0;1;0;0;0;0;0;1;2350;2450
2025-07;Manioc;"Tubercules, Racines et Plantains";Centre;Centre;Forêt bimodale;-0.5;-0.866;130000;3660000;310.0;23.5;43.5;630;840;1;336;2.2;6.0;0;0;0;0;0;0;1;1180;1260
2025-07;Plantain;"Tubercules, Racines et Plantains";Sud-Ouest;Littoral;Forêt monomodale;-0.5;-0.866;41500;3750000;380.0;25.0;38.5;720;840;1;420;2.2;6.0;0;0;0;1;0;0;1;3950;4200
2025-07;Macabo-Taro;"Tubercules, Racines et Plantains";Littoral;Littoral;Forêt monomodale;-0.5;-0.866;23000;3750000;380.0;25.0;41.0;660;840;1;336;2.2;6.0;0;0;0;0;0;0;1;1320;1450
2025-07;Igname;"Tubercules, Racines et Plantains";Adamaoua;Centre;Savane guinéenne;-0.5;-0.866;26000;3660000;180.0;22.5;36.5;740;840;1;336;2.2;6.0;0;0;0;0;0;0;1;1580;1720
2025-07;Pomme de terre;"Tubercules, Racines et Plantains";Ouest;Littoral;Hauts Plateaux;-0.5;-0.866;20000;3750000;260.0;21.5;35.0;760;840;1;336;2.2;6.0;0;0;0;0;0;0;1;1800;1950
2025-07;Patate douce;"Tubercules, Racines et Plantains";Ouest;Centre;Hauts Plateaux;-0.5;-0.866;10000;3660000;260.0;21.5;35.0;640;840;1;336;2.2;6.0;0;0;0;0;0;0;1;1200;1320
2025-07;Tomate;Maraîchers;Ouest;Centre;Hauts Plateaux;-0.5;-0.866;17000;3660000;260.0;21.5;42.0;840;840;1;336;2.2;6.0;0;0;0;0;0;0;1;2780;2950
2025-07;Oignon;Maraîchers;Extrême-Nord;Centre;Soudano-sahélienne;-0.5;-0.866;27000;3660000;110.0;30.0;36.5;710;840;1;336;2.2;6.0;0;0;0;1;0;0;1;2250;2400
2025-07;Gombo;Maraîchers;Centre;Centre;Forêt bimodale;-0.5;-0.866;6000;3660000;310.0;23.5;57.0;680;840;1;336;2.2;6.0;0;0;0;0;0;0;1;1720;1850
2025-07;Piment;Maraîchers;Extrême-Nord;Littoral;Soudano-sahélienne;-0.5;-0.866;4500;3750000;110.0;30.0;44.0;820;840;1;336;2.2;6.0;0;0;0;1;0;0;1;2950;3120
2025-07;Poivron;Maraîchers;Extrême-Nord;Centre;Soudano-sahélienne;-0.5;-0.866;3800;3660000;110.0;30.0;49.0;800;840;1;336;2.2;6.0;0;0;0;1;0;0;1;3050;3200
2025-07;Ail;Maraîchers;Extrême-Nord;Centre;Soudano-sahélienne;-0.5;-0.866;1700;3660000;110.0;30.0;28.5;850;840;1;336;2.2;6.0;0;0;0;1;0;0;1;6200;6450
2025-07;Basilic;Maraîchers;Centre;Centre;Forêt bimodale;-0.5;-0.866;1300;3660000;310.0;23.5;69.0;690;840;1;336;2.2;6.0;0;0;0;0;0;0;1;1920;2100
2025-07;Légumes feuilles;Maraîchers;Centre;Centre;Forêt bimodale;-0.5;-0.866;8500;3660000;310.0;23.5;62.0;670;840;1;336;2.2;6.0;0;0;0;0;0;0;1;1550;1680
2025-07;Choux;Maraîchers;Ouest;Littoral;Hauts Plateaux;-0.5;-0.866;5500;3750000;260.0;21.5;46.0;740;840;1;336;2.2;6.0;0;0;0;0;0;0;1;1920;2080
2025-07;Pastèque;Maraîchers;Extrême-Nord;Centre;Soudano-sahélienne;-0.5;-0.866;3500;3660000;110.0;30.0;33.5;720;840;1;336;2.2;6.0;0;0;0;1;0;0;1;1180;1260
2025-07;Arachide;Oléagineux et Légumineuses;Nord;Centre;Soudano-sahélienne;-0.5;-0.866;62000;3660000;110.0;29.5;19.5;810;840;1;336;2.2;6.0;0;0;0;1;0;0;1;2250;2420
2025-07;Soja;Oléagineux et Légumineuses;Adamaoua;Centre;Savane guinéenne;-0.5;-0.866;10500;3660000;180.0;22.5;19.0;780;840;1;336;2.2;6.0;0;0;0;0;0;0;1;2050;2200
2025-07;Niébé;Oléagineux et Légumineuses;Extrême-Nord;Extrême-Nord;Soudano-sahélienne;-0.5;-0.866;45000;5000000;110.0;30.0;21.0;820;840;1;336;2.2;6.0;0;0;0;1;0;0;1;2150;2350
2025-07;Haricot sec;Oléagineux et Légumineuses;Ouest;Littoral;Hauts Plateaux;-0.5;-0.866;42000;3750000;260.0;21.5;18.5;760;840;1;336;2.2;6.0;0;0;0;0;0;0;1;2020;2180
2025-07;Huile de palme;Oléagineux et Légumineuses;Littoral;Centre;Forêt monomodale;-0.5;-0.866;65000;3660000;380.0;25.0;13.5;910;840;1;336;2.2;6.0;0;0;0;0;0;0;1;2950;3150
2025-07;Ananas;Fruits;Littoral;Centre;Forêt monomodale;-0.5;-0.866;10500;3660000;380.0;25.0;29.5;740;840;1;336;2.2;6.0;0;0;0;0;0;0;1;1680;1820
2025-07;Papaye;Fruits;Centre;Centre;Forêt bimodale;-0.5;-0.866;4500;3660000;310.0;23.5;50.0;690;840;1;336;2.2;6.0;0;0;0;0;0;0;1;1600;1750
2025-07;Mangue;Fruits;Nord;Centre;Soudano-sahélienne;-0.5;-0.866;8500;3660000;110.0;29.5;53.0;660;840;1;336;2.2;6.0;0;0;0;1;0;0;1;190;170
2025-07;Avocat;Fruits;Ouest;Littoral;Hauts Plateaux;-0.5;-0.866;17000;3750000;260.0;21.5;40.0;680;840;1;336;2.2;6.0;0;0;0;0;0;0;1;1580;1720
2025-07;Safou;Fruits;Littoral;Centre;Forêt monomodale;-0.5;-0.866;5500;3660000;380.0;25.0;55.0;700;840;1;336;2.2;6.0;0;0;0;0;0;0;1;1900;2050
2025-07;Citron;Fruits;Centre;Centre;Forêt bimodale;-0.5;-0.866;3500;3660000;310.0;23.5;34.0;690;840;1;336;2.2;6.0;0;0;0;0;0;0;1;1680;1820
2025-07;Orange;Fruits;Centre;Centre;Forêt bimodale;-0.5;-0.866;5500;3660000;310.0;23.5;34.0;710;840;1;336;2.2;6.0;0;0;0;0;0;0;1;1620;1780
2025-07;Banane douce;Fruits;Sud-Ouest;Littoral;Forêt monomodale;-0.5;-0.866;23000;3750000;380.0;25.0;43.5;730;840;1;420;2.2;6.0;0;0;0;1;0;0;1;4200;4550
2025-07;Cacao;Cultures de Rente et Stimulants;Centre;Littoral;Forêt bimodale;-0.5;-0.866;260000;3750000;310.0;23.5;10.5;950;840;1;336;2.2;6.0;0;0;0;0;0;0;1;9200;9450
2025-07;Café;Cultures de Rente et Stimulants;Ouest;Littoral;Hauts Plateaux;-0.5;-0.866;112000;3750000;260.0;21.5;9.5;910;840;1;336;2.2;6.0;0;0;0;0;0;0;1;5500;5850
2025-08;Maïs;Céréales;Ouest;Centre;Hauts Plateaux;-0.866;-0.5;62500;3660000;300.0;21.0;17.5;650;840;1;336;2.2;6.0;0;0;0;0;0;0;1;780;840
2025-08;Riz;Céréales;Extrême-Nord;Centre;Soudano-sahélienne;-0.866;-0.5;30500;3660000;160.0;29.0;9.5;690;840;1;336;2.2;6.0;1;0;0;1;0;0;1;1850;1920
2025-08;Mil-Sorgho;Céréales;Nord;Extrême-Nord;Soudano-sahélienne;-0.866;-0.5;61500;5000000;160.0;29.0;17.0;670;840;1;336;2.2;6.0;0;0;0;1;0;0;1;1120;1200
2025-08;Blé;Céréales;Littoral(Import);Centre;Forêt monomodale;-0.866;-0.5;0;3660000;400.0;24.0;5.5;0;840;1;336;2.2;6.0;1;0;0;0;0;0;1;2450;2580
2025-08;Manioc;"Tubercules, Racines et Plantains";Centre;Centre;Forêt bimodale;-0.866;-0.5;130000;3660000;380.0;23.0;45.5;630;840;1;336;2.2;6.0;0;0;0;0;0;0;1;1260;1350
2025-08;Plantain;"Tubercules, Racines et Plantains";Sud-Ouest;Littoral;Forêt monomodale;-0.866;-0.5;41500;3750000;450.0;24.5;40.5;720;840;1;420;2.2;6.0;0;0;0;1;0;0;1;4200;4450
2025-08;Macabo-Taro;"Tubercules, Racines et Plantains";Littoral;Littoral;Forêt monomodale;-0.866;-0.5;23000;3750000;450.0;24.5;43.0;660;840;1;336;2.2;6.0;0;0;0;0;0;0;1;1450;1580
2025-08;Igname;"Tubercules, Racines et Plantains";Adamaoua;Centre;Savane guinéenne;-0.866;-0.5;26000;3660000;250.0;22.0;38.5;740;840;1;336;2.2;6.0;0;0;0;0;0;0;1;1720;1850
2025-08;Pomme de terre;"Tubercules, Racines et Plantains";Ouest;Littoral;Hauts Plateaux;-0.866;-0.5;20000;3750000;320.0;21.0;37.0;760;840;1;336;2.2;6.0;0;0;0;0;0;0;1;1950;2120
2025-08;Patate douce;"Tubercules, Racines et Plantains";Ouest;Centre;Hauts Plateaux;-0.866;-0.5;10000;3660000;320.0;21.0;37.0;640;840;1;336;2.2;6.0;0;0;0;0;0;0;1;1320;1450
2025-08;Tomate;Maraîchers;Ouest;Centre;Hauts Plateaux;-0.866;-0.5;17000;3660000;320.0;21.0;45.0;840;840;1;336;2.2;6.0;0;0;0;0;0;0;1;2950;3250
2025-08;Oignon;Maraîchers;Extrême-Nord;Centre;Soudano-sahélienne;-0.866;-0.5;27000;3660000;160.0;29.0;38.5;710;840;1;336;2.2;6.0;0;0;0;1;0;0;1;2400;2650
2025-08;Gombo;Maraîchers;Centre;Centre;Forêt bimodale;-0.866;-0.5;6000;3660000;380.0;23.0;59.0;680;840;1;336;2.2;6.0;0;0;0;0;0;0;1;1850;2020
2025-08;Piment;Maraîchers;Extrême-Nord;Littoral;Soudano-sahélienne;-0.866;-0.5;4500;3750000;160.0;29.0;46.0;820;840;1;336;2.2;6.0;0;0;0;1;0;0;1;3120;3450
2025-08;Poivron;Maraîchers;Extrême-Nord;Centre;Soudano-sahélienne;-0.866;-0.5;3800;3660000;160.0;29.0;51.0;800;840;1;336;2.2;6.0;0;0;0;1;0;0;1;3200;3520
2025-08;Ail;Maraîchers;Extrême-Nord;Centre;Soudano-sahélienne;-0.866;-0.5;1700;3660000;160.0;29.0;30.5;850;840;1;336;2.2;6.0;0;0;0;1;0;0;1;6450;6950
2025-08;Basilic;Maraîchers;Centre;Centre;Forêt bimodale;-0.866;-0.5;1300;3660000;380.0;23.0;71.0;690;840;1;336;2.2;6.0;0;0;0;0;0;0;1;2100;2280
2025-08;Légumes feuilles;Maraîchers;Centre;Centre;Forêt bimodale;-0.866;-0.5;8500;3660000;380.0;23.0;64.0;670;840;1;336;2.2;6.0;0;0;0;0;0;0;1;1680;1850
2025-08;Choux;Maraîchers;Ouest;Littoral;Hauts Plateaux;-0.866;-0.5;5500;3750000;320.0;21.0;48.0;740;840;1;336;2.2;6.0;0;0;0;0;0;0;1;2080;2250
2025-08;Pastèque;Maraîchers;Extrême-Nord;Centre;Soudano-sahélienne;-0.866;-0.5;3500;3660000;160.0;29.0;35.5;720;840;1;336;2.2;6.0;0;0;0;1;0;0;1;1260;1380
2025-08;Arachide;Oléagineux et Légumineuses;Nord;Centre;Soudano-sahélienne;-0.866;-0.5;62000;3660000;160.0;28.5;21.5;810;840;1;336;2.2;6.0;0;0;0;1;0;0;1;2420;2650
2025-08;Soja;Oléagineux et Légumineuses;Adamaoua;Centre;Savane guinéenne;-0.866;-0.5;10500;3660000;250.0;22.0;21.0;780;840;1;336;2.2;6.0;0;0;0;0;0;0;1;2200;2420
2025-08;Niébé;Oléagineux et Légumineuses;Extrême-Nord;Extrême-Nord;Soudano-sahélienne;-0.866;-0.5;45000;5000000;160.0;29.0;23.0;820;840;1;336;2.2;6.0;0;0;0;1;0;0;1;2350;2580
2025-08;Haricot sec;Oléagineux et Légumineuses;Ouest;Littoral;Hauts Plateaux;-0.866;-0.5;42000;3750000;320.0;21.0;20.5;760;840;1;336;2.2;6.0;0;0;0;0;0;0;1;2180;2380
2025-08;Huile de palme;Oléagineux et Légumineuses;Littoral;Centre;Forêt monomodale;-0.866;-0.5;65000;3660000;450.0;24.5;15.5;910;840;1;336;2.2;6.0;0;0;0;0;0;0;1;3150;3450
2025-08;Ananas;Fruits;Littoral;Centre;Forêt monomodale;-0.866;-0.5;10500;3660000;450.0;24.5;31.5;740;840;1;336;2.2;6.0;0;0;0;0;0;0;1;1820;1950
2025-08;Papaye;Fruits;Centre;Centre;Forêt bimodale;-0.866;-0.5;4500;3660000;380.0;23.0;52.0;690;840;1;336;2.2;6.0;0;0;0;0;0;0;1;1750;1880
2025-08;Mangue;Fruits;Nord;Centre;Soudano-sahélienne;-0.866;-0.5;8500;3660000;160.0;28.5;55.0;660;840;1;336;2.2;6.0;0;0;0;1;0;0;1;170;150
2025-08;Avocat;Fruits;Ouest;Littoral;Hauts Plateaux;-0.866;-0.5;17000;3750000;320.0;21.0;42.0;680;840;1;336;2.2;6.0;0;0;0;0;0;0;1;1720;1880
2025-08;Safou;Fruits;Littoral;Centre;Forêt monomodale;-0.866;-0.5;5500;3660000;450.0;24.5;57.0;700;840;1;336;2.2;6.0;0;0;0;0;0;0;1;2050;2220
2025-08;Citron;Fruits;Centre;Centre;Forêt bimodale;-0.866;-0.5;3500;3660000;380.0;23.0;36.0;690;840;1;336;2.2;6.0;0;0;0;0;0;0;1;1820;1980
2025-08;Orange;Fruits;Centre;Centre;Forêt bimodale;-0.866;-0.5;5500;3660000;380.0;23.0;36.0;710;840;1;336;2.2;6.0;0;0;0;0;0;0;1;1780;1950
2025-08;Banane douce;Fruits;Sud-Ouest;Littoral;Forêt monomodale;-0.866;-0.5;23000;3750000;450.0;24.5;45.5;730;840;1;420;2.2;6.0;0;0;0;1;0;0;1;4550;4950
2025-08;Cacao;Cultures de Rente et Stimulants;Centre;Littoral;Forêt bimodale;-0.866;-0.5;260000;3750000;380.0;23.0;11.5;950;840;1;336;2.2;6.0;0;0;0;0;0;0;1;9450;9650
2025-08;Café;Cultures de Rente et Stimulants;Ouest;Littoral;Hauts Plateaux;-0.866;-0.5;112000;3750000;320.0;21.0;10.5;910;840;1;336;2.2;6.0;0;0;0;0;0;0;1;5850;6200
2025-09;Maïs;Céréales;Ouest;Centre;Hauts Plateaux;-1.0;0.0;62500;3660000;250.0;22.0;13.5;650;840;2;252;2.2;6.0;0;0;0;0;0;0;1;840;790
2025-09;Riz;Céréales;Extrême-Nord;Centre;Soudano-sahélienne;-1.0;0.0;30500;3660000;110.0;30.0;7.5;690;840;2;252;2.2;6.0;1;0;0;1;0;0;1;1920;1780
2025-09;Mil-Sorgho;Céréales;Nord;Extrême-Nord;Soudano-sahélienne;-1.0;0.0;61500;5000000;80.0;31.0;14.0;670;840;2;252;2.2;6.0;0;0;0;1;0;0;1;1200;1120
2025-09;Blé;Céréales;Littoral(Import);Centre;Forêt monomodale;-1.0;0.0;0;3660000;350.0;25.0;5.0;0;840;2;252;2.2;6.0;1;0;0;0;0;0;1;2580;2350
2025-09;Manioc;"Tubercules, Racines et Plantains";Centre;Centre;Forêt bimodale;-1.0;0.0;130000;3660000;150.0;24.0;38.0;630;840;2;252;2.2;6.0;0;0;0;0;0;0;1;1350;1250
2025-09;Plantain;"Tubercules, Racines et Plantains";Sud-Ouest;Littoral;Forêt monomodale;-1.0;0.0;41500;3750000;350.0;25.5;35.5;720;840;2;336;2.2;6.0;0;0;0;1;0;0;1;4450;4150
2025-09;Macabo-Taro;"Tubercules, Racines et Plantains";Littoral;Littoral;Forêt monomodale;-1.0;0.0;23000;3750000;350.0;25.5;38.0;660;840;2;252;2.2;6.0;0;0;0;0;0;0;1;1580;1450
2025-09;Igname;"Tubercules, Racines et Plantains";Adamaoua;Centre;Savane guinéenne;-1.0;0.0;26000;3660000;150.0;22.0;32.0;740;840;2;252;2.2;6.0;0;0;0;0;0;0;1;1850;1720
2025-09;Pomme de terre;"Tubercules, Racines et Plantains";Ouest;Littoral;Hauts Plateaux;-1.0;0.0;20000;3750000;200.0;21.0;30.0;760;840;2;252;2.2;6.0;0;0;0;0;0;0;1;2120;1950
2025-09;Patate douce;"Tubercules, Racines et Plantains";Ouest;Centre;Hauts Plateaux;-1.0;0.0;10000;3660000;200.0;21.0;32.0;640;840;2;252;2.2;6.0;0;0;0;0;0;0;1;1450;1320
2025-09;Tomate;Maraîchers;Ouest;Centre;Hauts Plateaux;-1.0;0.0;17000;3660000;200.0;21.0;40.0;840;840;2;252;2.2;6.0;0;0;0;0;0;0;1;3250;2950
2025-09;Oignon;Maraîchers;Extrême-Nord;Centre;Soudano-sahélienne;-1.0;0.0;27000;3660000;100.0;31.0;30.0;710;840;2;252;2.2;6.0;0;0;0;1;0;0;1;2650;2400
2025-09;Gombo;Maraîchers;Centre;Centre;Forêt bimodale;-1.0;0.0;6000;3660000;150.0;24.0;50.0;680;840;2;252;2.2;6.0;0;0;0;0;0;0;1;2020;1850
2025-09;Piment;Maraîchers;Extrême-Nord;Littoral;Soudano-sahélienne;-1.0;0.0;4500;3750000;100.0;31.0;38.0;820;840;2;252;2.2;6.0;0;0;0;1;0;0;1;3450;3150
2025-09;Poivron;Maraîchers;Extrême-Nord;Centre;Soudano-sahélienne;-1.0;0.0;3800;3660000;100.0;31.0;42.0;800;840;2;252;2.2;6.0;0;0;0;1;0;0;1;3520;3250
2025-09;Ail;Maraîchers;Extrême-Nord;Centre;Soudano-sahélienne;-1.0;0.0;1700;3660000;100.0;31.0;25.0;850;840;2;252;2.2;6.0;0;0;0;1;0;0;1;6950;6400
2025-09;Basilic;Maraîchers;Centre;Centre;Forêt bimodale;-1.0;0.0;1300;3660000;150.0;24.0;60.0;690;840;2;252;2.2;6.0;0;0;0;0;0;0;1;2280;2080
2025-09;Légumes feuilles;Maraîchers;Centre;Centre;Forêt bimodale;-1.0;0.0;8500;3660000;150.0;24.0;55.0;670;840;2;252;2.2;6.0;0;0;0;0;0;0;1;1850;1680
2025-09;Choux;Maraîchers;Ouest;Littoral;Hauts Plateaux;-1.0;0.0;5500;3750000;200.0;21.0;40.0;740;840;2;252;2.2;6.0;0;0;0;0;0;0;1;2250;2050
2025-09;Pastèque;Maraîchers;Extrême-Nord;Centre;Soudano-sahélienne;-1.0;0.0;3500;3660000;100.0;31.0;26.0;720;840;2;252;2.2;6.0;0;0;0;1;0;0;1;1380;1250
2025-09;Arachide;Oléagineux et Légumineuses;Nord;Centre;Soudano-sahélienne;-1.0;0.0;62000;3660000;80.0;30.0;16.0;810;840;2;252;2.2;6.0;0;0;0;1;0;0;1;2650;2400
2025-09;Soja;Oléagineux et Légumineuses;Adamaoua;Centre;Savane guinéenne;-1.0;0.0;10500;3660000;150.0;22.0;16.0;780;840;2;252;2.2;6.0;0;0;0;0;0;0;1;2420;2200
2025-09;Niébé;Oléagineux et Légumineuses;Extrême-Nord;Extrême-Nord;Soudano-sahélienne;-1.0;0.0;45000;5000000;100.0;31.0;14.0;820;840;2;252;2.2;6.0;0;0;0;1;0;0;1;2580;2350
2025-09;Haricot sec;Oléagineux et Légumineuses;Ouest;Littoral;Hauts Plateaux;-1.0;0.0;42000;3750000;200.0;21.0;14.0;760;840;2;252;2.2;6.0;0;0;0;0;0;0;1;2380;2150
2025-09;Huile de palme;Oléagineux et Légumineuses;Littoral;Centre;Forêt monomodale;-1.0;0.0;65000;3660000;350.0;25.5;9.0;910;840;2;252;2.2;6.0;0;0;0;0;0;0;1;3450;3150
2025-09;Ananas;Fruits;Littoral;Centre;Forêt monomodale;-1.0;0.0;10500;3660000;350.0;25.5;28.0;740;840;2;252;2.2;6.0;0;0;0;0;0;0;1;1950;1780
2025-09;Papaye;Fruits;Centre;Centre;Forêt bimodale;-1.0;0.0;4500;3660000;150.0;24.0;45.0;690;840;2;252;2.2;6.0;0;0;0;0;0;0;1;1880;1720
2025-09;Mangue;Fruits;Nord;Centre;Soudano-sahélienne;-1.0;0.0;8500;3660000;80.0;30.0;48.0;660;840;2;252;2.2;6.0;0;0;0;1;0;0;1;150;170
2025-09;Avocat;Fruits;Ouest;Littoral;Hauts Plateaux;-1.0;0.0;17000;3750000;200.0;21.0;35.0;680;840;2;252;2.2;6.0;0;0;0;0;0;0;1;1880;1720
2025-09;Safou;Fruits;Littoral;Centre;Forêt monomodale;-1.0;0.0;5500;3660000;350.0;25.5;48.0;700;840;2;252;2.2;6.0;0;0;0;0;0;0;1;2220;2050
2025-09;Citron;Fruits;Centre;Centre;Forêt bimodale;-1.0;0.0;3500;3660000;150.0;24.0;30.0;690;840;2;252;2.2;6.0;0;0;0;0;0;0;1;1980;1820
2025-09;Orange;Fruits;Centre;Centre;Forêt bimodale;-1.0;0.0;5500;3660000;150.0;24.0;30.0;710;840;2;252;2.2;6.0;0;0;0;0;0;0;1;1950;1780
2025-09;Banane douce;Fruits;Sud-Ouest;Littoral;Forêt monomodale;-1.0;0.0;23000;3750000;350.0;25.5;40.0;730;840;2;336;2.2;6.0;0;0;0;1;0;0;1;4950;4500
2025-09;Cacao;Cultures de Rente et Stimulants;Centre;Littoral;Forêt bimodale;-1.0;0.0;260000;3750000;280.0;24.0;9.0;950;840;2;252;2.2;6.0;0;0;0;0;0;0;1;9650;9800
2025-09;Café;Cultures de Rente et Stimulants;Ouest;Littoral;Hauts Plateaux;-1.0;0.0;112000;3750000;200.0;21.0;8.0;910;840;2;252;2.2;6.0;0;0;0;0;0;0;1;6200;6450
2025-10;Maïs;Céréales;Ouest;Centre;Hauts Plateaux;-0.866;0.5;62500;3660000;150.0;23.0;10.0;650;840;3;168;2.2;6.0;0;1;1;0;1;0;1;790;980
2025-10;Riz;Céréales;Extrême-Nord;Centre;Soudano-sahélienne;-0.866;0.5;30500;3660000;40.0;31.5;5.5;690;840;3;168;2.2;6.0;1;1;1;1;1;0;1;1680;1950
2025-10;Mil-Sorgho;Céréales;Nord;Extrême-Nord;Soudano-sahélienne;-0.866;0.5;61500;5000000;40.0;32.0;13.0;670;840;3;168;2.2;6.0;0;1;1;1;1;0;1;1120;1350
2025-10;Blé;Céréales;Littoral(Import);Centre;Forêt monomodale;-0.866;0.5;0;3660000;250.0;26.0;3.0;0;840;3;168;2.2;6.0;1;1;1;0;1;0;1;2350;2650
2025-10;Manioc;"Tubercules, Racines et Plantains";Centre;Centre;Forêt bimodale;-0.866;0.5;130000;3660000;100.0;25.0;34.0;630;840;3;168;2.2;6.0;0;1;1;0;1;0;1;1250;1480
2025-10;Plantain;"Tubercules, Racines et Plantains";Sud-Ouest;Littoral;Forêt monomodale;-0.866;0.5;41500;3750000;250.0;26.5;30.0;720;840;3;252;2.2;6.0;0;1;1;1;1;0;1;4150;4850
2025-10;Macabo-Taro;"Tubercules, Racines et Plantains";Littoral;Littoral;Forêt monomodale;-0.866;0.5;23000;3750000;250.0;26.5;33.0;660;840;3;168;2.2;6.0;0;1;1;0;1;0;1;1450;1680
2025-10;Igname;"Tubercules, Racines et Plantains";Adamaoua;Centre;Savane guinéenne;-0.866;0.5;26000;3660000;50.0;23.0;28.0;740;840;3;168;2.2;6.0;0;1;1;0;1;0;1;1720;1950
2025-10;Pomme de terre;"Tubercules, Racines et Plantains";Ouest;Littoral;Hauts Plateaux;-0.866;0.5;20000;3750000;100.0;23.0;25.0;760;840;3;168;2.2;6.0;0;1;1;0;1;0;1;1950;2250
2025-10;Patate douce;"Tubercules, Racines et Plantains";Ouest;Centre;Hauts Plateaux;-0.866;0.5;10000;3660000;100.0;23.0;26.0;640;840;3;168;2.2;6.0;0;1;1;0;1;0;1;1320;1550
2025-10;Tomate;Maraîchers;Ouest;Centre;Hauts Plateaux;-0.866;0.5;17000;3660000;100.0;23.0;30.0;840;840;3;168;2.2;6.0;0;1;1;0;1;0;1;2950;3450
2025-10;Oignon;Maraîchers;Extrême-Nord;Centre;Soudano-sahélienne;-0.866;0.5;27000;3660000;30.0;33.0;28.0;710;840;3;168;2.2;6.0;0;1;1;1;1;0;1;2400;2820
2025-10;Gombo;Maraîchers;Centre;Centre;Forêt bimodale;-0.866;0.5;6000;3660000;100.0;25.0;45.0;680;840;3;168;2.2;6.0;0;1;1;0;1;0;1;1850;2150
2025-10;Piment;Maraîchers;Extrême-Nord;Littoral;Soudano-sahélienne;-0.866;0.5;4500;3750000;30.0;33.0;34.0;820;840;3;168;2.2;6.0;0;1;1;1;1;0;1;3150;3650
2025-10;Poivron;Maraîchers;Extrême-Nord;Centre;Soudano-sahélienne;-0.866;0.5;3800;3660000;30.0;33.0;38.0;800;840;3;168;2.2;6.0;0;1;1;1;1;0;1;3250;3750
2025-10;Ail;Maraîchers;Extrême-Nord;Centre;Soudano-sahélienne;-0.866;0.5;1700;3660000;30.0;33.0;22.0;850;840;3;168;2.2;6.0;0;1;1;1;1;0;1;6400;7200
2025-10;Basilic;Maraîchers;Centre;Centre;Forêt bimodale;-0.866;0.5;1300;3660000;100.0;25.0;55.0;690;840;3;168;2.2;6.0;0;1;1;0;1;0;1;2080;2420
2025-10;Légumes feuilles;Maraîchers;Centre;Centre;Forêt bimodale;-0.866;0.5;8500;3660000;100.0;25.0;50.0;670;840;3;168;2.2;6.0;0;1;1;0;1;0;1;1680;1950
2025-10;Choux;Maraîchers;Ouest;Littoral;Hauts Plateaux;-0.866;0.5;5500;3750000;100.0;23.0;34.0;740;840;3;168;2.2;6.0;0;1;1;0;1;0;1;2050;2380
2025-10;Pastèque;Maraîchers;Extrême-Nord;Centre;Soudano-sahélienne;-0.866;0.5;3500;3660000;30.0;33.0;24.0;720;840;3;168;2.2;6.0;0;1;1;1;1;0;1;1250;1480
2025-10;Arachide;Oléagineux et Légumineuses;Nord;Centre;Soudano-sahélienne;-0.866;0.5;62000;3660000;20.0;32.0;12.0;810;840;3;168;2.2;6.0;0;1;1;1;1;0;1;2400;2820
2025-10;Soja;Oléagineux et Légumineuses;Adamaoua;Centre;Savane guinéenne;-0.866;0.5;10500;3660000;50.0;23.0;12.0;780;840;3;168;2.2;6.0;0;1;1;0;1;0;1;2200;2580
2025-10;Niébé;Oléagineux et Légumineuses;Extrême-Nord;Extrême-Nord;Soudano-sahélienne;-0.866;0.5;45000;5000000;30.0;33.0;12.0;820;840;3;168;2.2;6.0;0;1;1;1;1;0;1;2350;2750
2025-10;Haricot sec;Oléagineux et Légumineuses;Ouest;Littoral;Hauts Plateaux;-0.866;0.5;42000;3750000;100.0;23.0;11.0;760;840;3;168;2.2;6.0;0;1;1;0;1;0;1;2150;2520
2025-10;Huile de palme;Oléagineux et Légumineuses;Littoral;Centre;Forêt monomodale;-0.866;0.5;65000;3660000;250.0;26.5;7.0;910;840;3;168;2.2;6.0;0;1;1;0;1;0;1;3150;3680
2025-10;Ananas;Fruits;Littoral;Centre;Forêt monomodale;-0.866;0.5;10500;3660000;250.0;26.5;22.0;740;840;3;168;2.2;6.0;0;1;1;0;1;0;1;1780;2080
2025-10;Papaye;Fruits;Centre;Centre;Forêt bimodale;-0.866;0.5;4500;3660000;100.0;25.0;38.0;690;840;3;168;2.2;6.0;0;1;1;0;1;0;1;1720;2020
2025-10;Mangue;Fruits;Nord;Centre;Soudano-sahélienne;-0.866;0.5;8500;3660000;20.0;32.0;42.0;660;840;3;168;2.2;6.0;0;1;1;1;1;0;1;170;195
2025-10;Avocat;Fruits;Ouest;Littoral;Hauts Plateaux;-0.866;0.5;17000;3750000;100.0;23.0;28.0;680;840;3;168;2.2;6.0;0;1;1;0;1;0;1;1720;2020
2025-10;Safou;Fruits;Littoral;Centre;Forêt monomodale;-0.866;0.5;5500;3660000;250.0;26.5;42.0;700;840;3;168;2.2;6.0;0;1;1;0;1;0;1;2050;2420
2025-10;Citron;Fruits;Centre;Centre;Forêt bimodale;-0.866;0.5;3500;3660000;100.0;25.0;24.0;690;840;3;168;2.2;6.0;0;1;1;0;1;0;1;1820;2150
2025-10;Orange;Fruits;Centre;Centre;Forêt bimodale;-0.866;0.5;5500;3660000;100.0;25.0;24.0;710;840;3;168;2.2;6.0;0;1;1;0;1;0;1;1780;2100
2025-10;Banane douce;Fruits;Sud-Ouest;Littoral;Forêt monomodale;-0.866;0.5;23000;3750000;250.0;26.5;33.0;730;840;3;252;2.2;6.0;0;1;1;1;1;0;1;4500;5250
2025-10;Cacao;Cultures de Rente et Stimulants;Centre;Littoral;Forêt bimodale;-0.866;0.5;260000;3750000;100.0;25.0;7.0;950;840;3;168;2.2;6.0;0;1;1;0;1;0;1;9800;10800
2025-10;Café;Cultures de Rente et Stimulants;Ouest;Littoral;Hauts Plateaux;-0.866;0.5;112000;3750000;100.0;23.0;7.0;910;840;3;168;2.2;6.0;0;1;1;0;1;0;1;6450;7200
2025-11;Maïs;Céréales;Ouest;Centre;Hauts Plateaux;-0.5;0.866;62500;3660000;50.0;24.0;8.0;650;840;4;84;2.2;6.0;0;1;1;0;1;0;1;980;1120
2025-11;Riz;Céréales;Extrême-Nord;Centre;Soudano-sahélienne;-0.5;0.866;30500;3660000;0.0;31.0;5.0;690;840;4;84;2.2;6.0;1;1;1;1;1;0;1;1950;2180
2025-11;Mil-Sorgho;Céréales;Nord;Extrême-Nord;Soudano-sahélienne;-0.5;0.866;61500;5000000;0.0;32.0;12.0;670;840;4;84;2.2;6.0;0;1;1;1;1;0;1;1350;1520
2025-11;Blé;Céréales;Littoral(Import);Centre;Forêt monomodale;-0.5;0.866;0;3660000;100.0;27.0;2.0;0;840;4;84;2.2;6.0;1;1;1;0;1;0;1;2650;2950
2025-11;Manioc;"Tubercules, Racines et Plantains";Centre;Centre;Forêt bimodale;-0.5;0.866;130000;3660000;50.0;26.0;30.0;630;840;4;84;2.2;6.0;0;1;1;0;1;0;1;1480;1680
2025-11;Plantain;"Tubercules, Racines et Plantains";Sud-Ouest;Littoral;Forêt monomodale;-0.5;0.866;41500;3750000;100.0;28.0;25.0;720;840;4;168;2.2;6.0;0;1;1;1;1;0;1;4850;5450
2025-11;Macabo-Taro;"Tubercules, Racines et Plantains";Littoral;Littoral;Forêt monomodale;-0.5;0.866;23000;3750000;100.0;28.0;28.0;660;840;4;84;2.2;6.0;0;1;1;0;1;0;1;1680;1920
2025-11;Igname;"Tubercules, Racines et Plantains";Adamaoua;Centre;Savane guinéenne;-0.5;0.866;26000;3660000;10.0;24.0;25.0;740;840;4;84;2.2;6.0;0;1;1;0;1;0;1;1950;2220
2025-11;Pomme de terre;"Tubercules, Racines et Plantains";Ouest;Littoral;Hauts Plateaux;-0.5;0.866;20000;3750000;50.0;24.0;22.0;760;840;4;84;2.2;6.0;0;1;1;0;1;0;1;2250;2580
2025-11;Patate douce;"Tubercules, Racines et Plantains";Ouest;Centre;Hauts Plateaux;-0.5;0.866;10000;3660000;50.0;24.0;23.0;640;840;4;84;2.2;6.0;0;1;1;0;1;0;1;1550;1780
2025-11;Tomate;Maraîchers;Ouest;Centre;Hauts Plateaux;-0.5;0.866;17000;3660000;50.0;24.0;22.0;840;840;4;84;2.2;6.0;0;1;1;0;1;0;1;3450;3950
2025-11;Oignon;Maraîchers;Extrême-Nord;Centre;Soudano-sahélienne;-0.5;0.866;27000;3660000;0.0;31.0;25.0;710;840;4;168;2.2;6.0;0;1;1;1;1;0;1;2820;3250
2025-11;Gombo;Maraîchers;Centre;Centre;Forêt bimodale;-0.5;0.866;6000;3660000;50.0;26.0;42.0;680;840;4;84;2.2;6.0;0;1;1;0;1;0;1;2150;2480
2025-11;Piment;Maraîchers;Extrême-Nord;Littoral;Soudano-sahélienne;-0.5;0.866;4500;3750000;0.0;31.0;30.0;820;840;4;168;2.2;6.0;0;1;1;1;1;0;1;3650;4200
2025-11;Poivron;Maraîchers;Extrême-Nord;Centre;Soudano-sahélienne;-0.5;0.866;3800;3660000;0.0;31.0;35.0;800;840;4;168;2.2;6.0;0;1;1;1;1;0;1;3750;4300
2025-11;Ail;Maraîchers;Extrême-Nord;Centre;Soudano-sahélienne;-0.5;0.866;1700;3660000;0.0;31.0;18.0;850;840;4;168;2.2;6.0;0;1;1;1;1;0;1;7200;8150
2025-11;Basilic;Maraîchers;Centre;Centre;Forêt bimodale;-0.5;0.866;1300;3660000;50.0;26.0;52.0;690;840;4;84;2.2;6.0;0;1;1;0;1;0;1;2420;2780
2025-11;Légumes feuilles;Maraîchers;Centre;Centre;Forêt bimodale;-0.5;0.866;8500;3660000;50.0;26.0;45.0;670;840;4;84;2.2;6.0;0;1;1;0;1;0;1;1950;2250
2025-11;Choux;Maraîchers;Ouest;Littoral;Hauts Plateaux;-0.5;0.866;5500;3750000;50.0;24.0;30.0;740;840;4;84;2.2;6.0;0;1;1;0;1;0;1;2380;2750
2025-11;Pastèque;Maraîchers;Extrême-Nord;Centre;Soudano-sahélienne;-0.5;0.866;3500;3660000;0.0;31.0;20.0;720;840;4;168;2.2;6.0;0;1;1;1;1;0;1;1480;1720
2025-11;Arachide;Oléagineux et Légumineuses;Nord;Centre;Soudano-sahélienne;-0.5;0.866;62000;3660000;0.0;30.0;10.0;810;840;4;168;2.2;6.0;0;1;1;1;1;0;1;2820;3250
2025-11;Soja;Oléagineux et Légumineuses;Adamaoua;Centre;Savane guinéenne;-0.5;0.866;10500;3660000;10.0;24.0;10.0;780;840;4;84;2.2;6.0;0;1;1;0;1;0;1;2580;2980
2025-11;Niébé;Oléagineux et Légumineuses;Extrême-Nord;Extrême-Nord;Soudano-sahélienne;-0.5;0.866;45000;5000000;0.0;31.0;12.0;820;840;4;168;2.2;6.0;0;1;1;1;1;0;1;2750;3180
2025-11;Haricot sec;Oléagineux et Légumineuses;Ouest;Littoral;Hauts Plateaux;-0.5;0.866;42000;3750000;50.0;24.0;8.0;760;840;4;84;2.2;6.0;0;1;1;0;1;0;1;2520;2920
2025-11;Huile de palme;Oléagineux et Légumineuses;Littoral;Centre;Forêt monomodale;-0.5;0.866;65000;3660000;100.0;28.0;5.0;910;840;4;84;2.2;6.0;0;1;1;0;1;0;1;3680;4200
2025-11;Ananas;Fruits;Littoral;Centre;Forêt monomodale;-0.5;0.866;10500;3660000;100.0;28.0;18.0;740;840;4;84;2.2;6.0;0;1;1;0;1;0;1;2080;2420
2025-11;Papaye;Fruits;Centre;Centre;Forêt bimodale;-0.5;0.866;4500;3660000;50.0;26.0;35.0;690;840;4;84;2.2;6.0;0;1;1;0;1;0;1;2020;2350
2025-11;Mangue;Fruits;Nord;Centre;Soudano-sahélienne;-0.5;0.866;8500;3660000;0.0;30.0;40.0;660;840;4;168;2.2;6.0;0;1;1;1;1;0;1;195;230
2025-11;Avocat;Fruits;Ouest;Littoral;Hauts Plateaux;-0.5;0.866;17000;3750000;50.0;24.0;25.0;680;840;4;84;2.2;6.0;0;1;1;0;1;0;1;2020;2350
2025-11;Safou;Fruits;Littoral;Centre;Forêt monomodale;-0.5;0.866;5500;3660000;100.0;28.0;40.0;700;840;4;84;2.2;6.0;0;1;1;0;1;0;1;2420;2800
2025-11;Citron;Fruits;Centre;Centre;Forêt bimodale;-0.5;0.866;3500;3660000;50.0;26.0;20.0;690;840;4;84;2.2;6.0;0;1;1;0;1;0;1;2150;2500
2025-11;Orange;Fruits;Centre;Centre;Forêt bimodale;-0.5;0.866;5500;3660000;50.0;26.0;20.0;710;840;4;84;2.2;6.0;0;1;1;0;1;0;1;2100;2450
2025-11;Banane douce;Fruits;Sud-Ouest;Littoral;Forêt monomodale;-0.5;0.866;23000;3750000;100.0;28.0;30.0;730;840;4;168;2.2;6.0;0;1;1;1;1;0;1;5250;6150
2025-11;Cacao;Cultures de Rente et Stimulants;Centre;Littoral;Forêt bimodale;-0.5;0.866;260000;3750000;50.0;26.0;6.0;950;840;4;84;2.2;6.0;0;1;1;0;1;0;1;10800;12500
2025-11;Café;Cultures de Rente et Stimulants;Ouest;Littoral;Hauts Plateaux;-0.5;0.866;112000;3750000;50.0;24.0;5.0;910;840;4;84;2.2;6.0;0;1;1;0;1;0;1;7200;8350
2025-12;Maïs;Céréales;Ouest;Centre;Hauts Plateaux;0.0;1.0;62500;3660000;10.5;23.0;8.0;650;840;4;84;2.2;6.0;0;0;1;0;0;0;1;1120;1250
2025-12;Riz;Céréales;Extrême-Nord;Centre;Soudano-sahélienne;0.0;1.0;30500;3660000;0.0;30.5;5.0;690;840;4;84;2.2;6.0;1;0;1;1;0;0;1;2180;2450
2025-12;Mil-Sorgho;Céréales;Nord;Extrême-Nord;Soudano-sahélienne;0.0;1.0;61500;5000000;0.0;32.0;12.0;670;840;4;84;2.2;6.0;0;0;1;1;0;0;1;1520;1700
2025-12;Blé;Céréales;Littoral(Import);Centre;Forêt monomodale;0.0;1.0;0;3660000;50.0;27.0;2.0;0;840;4;84;2.2;6.0;1;0;1;0;0;0;1;2950;3300
2025-12;Manioc;"Tubercules, Racines et Plantains";Centre;Centre;Forêt bimodale;0.0;1.0;130000;3660000;20.0;25.0;30.0;630;840;4;84;2.2;6.0;0;0;1;0;0;0;1;1680;1880
2025-12;Plantain;"Tubercules, Racines et Plantains";Sud-Ouest;Littoral;Forêt monomodale;0.0;1.0;41500;3750000;50.0;27.0;25.0;720;840;4;168;2.2;6.0;0;0;1;1;0;0;1;5450;6150
2025-12;Macabo-Taro;"Tubercules, Racines et Plantains";Littoral;Littoral;Forêt monomodale;0.0;1.0;23000;3750000;50.0;27.0;28.0;660;840;4;84;2.2;6.0;0;0;1;0;0;0;1;1920;2150
2025-12;Igname;"Tubercules, Racines et Plantains";Adamaoua;Centre;Savane guinéenne;0.0;1.0;26000;3660000;0.0;24.0;25.0;740;840;4;84;2.2;6.0;0;0;1;0;0;0;1;2220;2500
2025-12;Pomme de terre;"Tubercules, Racines et Plantains";Ouest;Littoral;Hauts Plateaux;0.0;1.0;20000;3750000;10.5;23.0;22.0;760;840;4;84;2.2;6.0;0;0;1;0;0;0;1;2580;2900
2025-12;Patate douce;"Tubercules, Racines et Plantains";Ouest;Centre;Hauts Plateaux;0.0;1.0;10000;3660000;10.5;23.0;23.0;640;840;4;84;2.2;6.0;0;0;1;0;0;0;1;1780;2020
2025-12;Tomate;Maraîchers;Ouest;Centre;Hauts Plateaux;0.0;1.0;17000;3660000;10.5;23.0;22.0;840;840;4;84;2.2;6.0;0;0;1;0;0;0;1;3950;4450
2025-12;Oignon;Maraîchers;Extrême-Nord;Centre;Soudano-sahélienne;0.0;1.0;27000;3660000;0.0;30.5;25.0;710;840;4;168;2.2;6.0;0;0;1;1;0;0;1;3250;3650
2025-12;Gombo;Maraîchers;Centre;Centre;Forêt bimodale;0.0;1.0;6000;3660000;20.0;25.0;42.0;680;840;4;84;2.2;6.0;0;0;1;0;0;0;1;2480;2800
2025-12;Piment;Maraîchers;Extrême-Nord;Littoral;Soudano-sahélienne;0.0;1.0;4500;3750000;0.0;30.5;30.0;820;840;4;168;2.2;6.0;0;0;1;1;0;0;1;4200;4750
2025-12;Poivron;Maraîchers;Extrême-Nord;Centre;Soudano-sahélienne;0.0;1.0;3800;3660000;0.0;30.5;35.0;800;840;4;168;2.2;6.0;0;0;1;1;0;0;1;4300;4850
2025-12;Ail;Maraîchers;Extrême-Nord;Centre;Soudano-sahélienne;0.0;1.0;1700;3660000;0.0;30.5;18.0;850;840;4;168;2.2;6.0;0;0;1;1;0;0;1;8150;9200
2025-12;Basilic;Maraîchers;Centre;Centre;Forêt bimodale;0.0;1.0;1300;3660000;20.0;25.0;52.0;690;840;4;84;2.2;6.0;0;0;1;0;0;0;1;2780;3150
2025-12;Légumes feuilles;Maraîchers;Centre;Centre;Forêt bimodale;0.0;1.0;8500;3660000;20.0;25.0;45.0;670;840;4;84;2.2;6.0;0;0;1;0;0;0;1;2250;2550
2025-12;Choux;Maraîchers;Ouest;Littoral;Hauts Plateaux;0.0;1.0;5500;3750000;10.5;23.0;30.0;740;840;4;84;2.2;6.0;0;0;1;0;0;0;1;2750;3100
2025-12;Pastèque;Maraîchers;Extrême-Nord;Centre;Soudano-sahélienne;0.0;1.0;3500;3660000;0.0;30.5;20.0;720;840;4;168;2.2;6.0;0;0;1;1;0;0;1;1720;1950
2025-12;Arachide;Oléagineux et Légumineuses;Nord;Centre;Soudano-sahélienne;0.0;1.0;62000;3660000;0.0;29.0;10.0;810;840;4;168;2.2;6.0;0;0;1;1;0;0;1;3250;3650
2025-12;Soja;Oléagineux et Légumineuses;Adamaoua;Centre;Savane guinéenne;0.0;1.0;10500;3660000;0.0;24.0;10.0;780;840;4;84;2.2;6.0;0;0;1;0;0;0;1;2980;3350
2025-12;Niébé;Oléagineux et Légumineuses;Extrême-Nord;Extrême-Nord;Soudano-sahélienne;0.0;1.0;45000;5000000;0.0;30.5;12.0;820;840;4;168;2.2;6.0;0;0;1;1;0;0;1;3180;3600
2025-12;Haricot sec;Oléagineux et Légumineuses;Ouest;Littoral;Hauts Plateaux;0.0;1.0;42000;3750000;10.5;23.0;8.0;760;840;4;84;2.2;6.0;0;0;1;0;0;0;1;2920;3300
2025-12;Huile de palme;Oléagineux et Légumineuses;Littoral;Centre;Forêt monomodale;0.0;1.0;65000;3660000;50.0;27.0;5.0;910;840;4;84;2.2;6.0;0;0;1;0;0;0;1;4200;4750
2025-12;Ananas;Fruits;Littoral;Centre;Forêt monomodale;0.0;1.0;10500;3660000;50.0;27.0;18.0;740;840;4;84;2.2;6.0;0;0;1;0;0;0;1;2420;2750
2025-12;Papaye;Fruits;Centre;Centre;Forêt bimodale;0.0;1.0;4500;3660000;20.0;25.0;35.0;690;840;4;84;2.2;6.0;0;0;1;0;0;0;1;2350;2650
2025-12;Mangue;Fruits;Nord;Centre;Soudano-sahélienne;0.0;1.0;8500;3660000;0.0;29.0;40.0;660;840;4;168;2.2;6.0;0;0;1;1;0;0;1;230;265
2025-12;Avocat;Fruits;Ouest;Littoral;Hauts Plateaux;0.0;1.0;17000;3750000;10.5;23.0;25.0;680;840;4;84;2.2;6.0;0;0;1;0;0;0;1;2350;2650
2025-12;Safou;Fruits;Littoral;Centre;Forêt monomodale;0.0;1.0;5500;3660000;50.0;27.0;40.0;700;840;4;84;2.2;6.0;0;0;1;0;0;0;1;2800;3150
2025-12;Citron;Fruits;Centre;Centre;Forêt bimodale;0.0;1.0;3500;3660000;20.0;25.0;20.0;690;840;4;84;2.2;6.0;0;0;1;0;0;0;1;2500;2850
2025-12;Orange;Fruits;Centre;Centre;Forêt bimodale;0.0;1.0;5500;3660000;20.0;25.0;20.0;710;840;4;84;2.2;6.0;0;0;1;0;0;0;1;2450;2780
2025-12;Banane douce;Fruits;Sud-Ouest;Littoral;Forêt monomodale;0.0;1.0;23000;3750000;50.0;27.0;30.0;730;840;4;168;2.2;6.0;0;0;1;1;0;0;1;6150;6950
2025-12;Cacao;Cultures de Rente et Stimulants;Centre;Littoral;Forêt bimodale;0.0;1.0;260000;3750000;20.0;25.0;6.0;950;840;4;84;2.2;6.0;0;0;1;0;0;0;1;12500;14200
2025-12;Café;Cultures de Rente et Stimulants;Ouest;Littoral;Hauts Plateaux;0.0;1.0;112000;3750000;10.5;23.0;5.0;910;840;4;84;2.2;6.0;0;0;1;0;0;0;1;8350;9450
2026-01;Maïs;Céréales;Ouest;Centre;Hauts Plateaux;0.5;0.866;63000;3760000;10.5;23.0;8.0;640;840;4;84;2.2;6.0;0;0;0;0;0;0;1;640;580
2026-01;Riz;Céréales;Extrême-Nord;Centre;Soudano-sahélienne;0.5;0.866;31000;3760000;0.0;30.5;5.0;680;840;4;84;2.2;6.0;1;0;0;1;0;0;1;1550;1420
2026-01;Mil-Sorgho;Céréales;Nord;Extrême-Nord;Soudano-sahélienne;0.5;0.866;62000;5100000;0.0;32.0;12.0;660;840;4;84;2.2;6.0;0;0;0;1;0;0;1;900;830
2026-01;Blé;Céréales;Littoral(Import);Centre;Forêt monomodale;0.5;0.866;0;3760000;25.0;27.0;2.0;0;840;4;84;2.2;6.0;1;0;0;0;0;0;1;1950;1820
2026-01;Manioc;"Tubercules, Racines et Plantains";Centre;Centre;Forêt bimodale;0.5;0.866;131000;3760000;15.0;25.0;30.0;620;840;4;84;2.2;6.0;0;0;0;0;0;0;1;1020;920
2026-01;Plantain;"Tubercules, Racines et Plantains";Sud-Ouest;Littoral;Forêt monomodale;0.5;0.866;42000;3850000;35.0;26.5;25.0;710;840;3;168;2.2;6.0;0;0;0;1;0;0;1;3800;3250
2026-01;Macabo-Taro;"Tubercules, Racines et Plantains";Littoral;Littoral;Forêt monomodale;0.5;0.866;23500;3850000;35.0;26.5;28.0;650;840;4;84;2.2;6.0;0;0;0;0;0;0;1;1160;1050
2026-01;Igname;"Tubercules, Racines et Plantains";Adamaoua;Centre;Savane guinéenne;0.5;0.866;26500;3760000;0.0;24.0;25.0;730;840;4;84;2.2;6.0;0;0;0;0;0;0;1;1480;1280
2026-01;Pomme de terre;"Tubercules, Racines et Plantains";Ouest;Littoral;Hauts Plateaux;0.5;0.866;20500;3850000;10.5;23.0;22.0;750;840;4;84;2.2;6.0;0;0;0;0;0;0;1;1600;1450
2026-01;Patate douce;"Tubercules, Racines et Plantains";Ouest;Centre;Hauts Plateaux;0.5;0.866;10200;3760000;10.5;23.0;23.0;630;840;4;84;2.2;6.0;0;0;0;0;0;0;1;1120;980
2026-01;Tomate;Maraîchers;Ouest;Centre;Hauts Plateaux;0.5;0.866;17500;3760000;10.5;23.0;22.0;830;840;4;84;2.2;6.0;0;0;0;0;0;0;1;2600;1950
2026-01;Oignon;Maraîchers;Extrême-Nord;Centre;Soudano-sahélienne;0.5;0.866;27500;3760000;0.0;30.5;25.0;700;840;4;168;2.2;6.0;0;0;0;1;0;0;1;1900;1720
2026-01;Gombo;Maraîchers;Centre;Centre;Forêt bimodale;0.5;0.866;6200;3760000;15.0;25.0;42.0;660;840;4;84;2.2;6.0;0;0;0;0;0;0;1;1520;1380
2026-01;Piment;Maraîchers;Extrême-Nord;Littoral;Soudano-sahélienne;0.5;0.866;4600;3850000;0.0;30.5;30.0;810;840;4;168;2.2;6.0;0;0;0;1;0;0;1;2550;2320
2026-01;Poivron;Maraîchers;Extrême-Nord;Centre;Soudano-sahélienne;0.5;0.866;3900;3760000;0.0;30.5;35.0;790;840;4;168;2.2;6.0;0;0;0;1;0;0;1;2650;2400
2026-01;Ail;Maraîchers;Extrême-Nord;Centre;Soudano-sahélienne;0.5;0.866;1750;3760000;0.0;30.5;18.0;840;840;4;168;2.2;6.0;0;0;0;1;0;0;1;5300;4950
2026-01;Basilic;Maraîchers;Centre;Centre;Forêt bimodale;0.5;0.866;1350;3760000;15.0;25.0;52.0;680;840;4;84;2.2;6.0;0;0;0;0;0;0;1;1680;1550
2026-01;Légumes feuilles;Maraîchers;Centre;Centre;Forêt bimodale;0.5;0.866;8700;3760000;15.0;25.0;48.0;660;840;4;84;2.2;6.0;0;0;0;0;0;0;1;1350;1220
2026-01;Choux;Maraîchers;Ouest;Littoral;Hauts Plateaux;0.5;0.866;5600;3850000;10.5;23.0;30.0;730;840;4;84;2.2;6.0;0;0;0;0;0;0;1;1640;1480
2026-01;Pastèque;Maraîchers;Extrême-Nord;Centre;Soudano-sahélienne;0.5;0.866;3600;3760000;0.0;30.5;20.0;710;840;4;168;2.2;6.0;0;0;0;1;0;0;1;1040;950
2026-01;Arachide;Oléagineux et Légumineuses;Nord;Centre;Soudano-sahélienne;0.5;0.866;63000;3760000;0.0;29.0;10.0;800;840;4;168;2.2;6.0;0;0;0;1;0;0;1;1920;1750
2026-01;Soja;Oléagineux et Légumineuses;Adamaoua;Centre;Savane guinéenne;0.5;0.866;10700;3760000;0.0;24.0;10.0;770;840;4;84;2.2;6.0;0;0;0;0;0;0;1;1750;1580
2026-01;Niébé;Oléagineux et Légumineuses;Extrême-Nord;Extrême-Nord;Soudano-sahélienne;0.5;0.866;46000;5100000;0.0;30.5;12.0;810;840;4;168;2.2;6.0;0;0;0;1;0;0;1;1850;1680
2026-01;Haricot sec;Oléagineux et Légumineuses;Ouest;Littoral;Hauts Plateaux;0.5;0.866;43000;3850000;10.5;23.0;8.0;750;840;4;84;2.2;6.0;0;0;0;0;0;0;1;1750;1550
2026-01;Huile de palme;Oléagineux et Légumineuses;Littoral;Centre;Forêt monomodale;0.5;0.866;66000;3760000;25.0;27.0;5.0;900;840;4;84;2.2;6.0;0;0;0;0;0;0;1;2600;2350
2026-01;Ananas;Fruits;Littoral;Centre;Forêt monomodale;0.5;0.866;10700;3760000;25.0;27.0;18.0;730;840;4;84;2.2;6.0;0;0;0;0;0;0;1;1500;1350
2026-01;Papaye;Fruits;Centre;Centre;Forêt bimodale;0.5;0.866;4600;3760000;15.0;25.0;35.0;680;840;4;84;2.2;6.0;0;0;0;0;0;0;1;1420;1280
2026-01;Mangue;Fruits;Nord;Centre;Soudano-sahélienne;0.5;0.866;8700;3760000;0.0;29.0;40.0;650;840;4;168;2.2;6.0;0;0;0;1;0;0;1;230;210
2026-01;Avocat;Fruits;Ouest;Littoral;Hauts Plateaux;0.5;0.866;17500;3850000;10.5;23.0;25.0;670;840;4;84;2.2;6.0;0;0;0;0;0;0;1;1400;1250
2026-01;Safou;Fruits;Littoral;Centre;Forêt monomodale;0.5;0.866;5600;3760000;25.0;27.0;40.0;690;840;4;84;2.2;6.0;0;0;0;0;0;0;1;1620;1480
2026-01;Citron;Fruits;Centre;Centre;Forêt bimodale;0.5;0.866;3600;3760000;15.0;25.0;20.0;680;840;4;84;2.2;6.0;0;0;0;0;0;0;1;1450;1320
2026-01;Orange;Fruits;Centre;Centre;Forêt bimodale;0.5;0.866;5600;3760000;15.0;25.0;20.0;700;840;4;84;2.2;6.0;0;0;0;0;0;0;1;1420;1280
2026-01;Banane douce;Fruits;Sud-Ouest;Littoral;Forêt monomodale;0.5;0.866;23500;3850000;35.0;26.5;30.0;720;840;3;168;2.2;6.0;0;0;0;1;0;0;1;3950;3450
2026-01;Cacao;Cultures de Rente et Stimulants;Centre;Littoral;Forêt bimodale;0.5;0.866;265000;3850000;15.0;25.0;6.0;940;840;4;84;2.2;6.0;0;0;0;0;0;0;1;9000;8600
2026-01;Café;Cultures de Rente et Stimulants;Ouest;Littoral;Hauts Plateaux;0.5;0.866;114000;3850000;10.5;23.0;5.0;900;840;4;84;2.2;6.0;0;0;0;0;0;0;1;4850;4550
2026-02;Maïs;Céréales;Ouest;Centre;Hauts Plateaux;0.866;0.5;63000;3760000;15.5;24.0;8.5;640;840;4;84;2.2;6.0;0;0;0;0;0;0;1;580;540
2026-02;Riz;Céréales;Extrême-Nord;Centre;Soudano-sahélienne;0.866;0.5;31000;3760000;0.0;31.5;5.0;680;840;4;84;2.2;6.0;1;0;0;1;0;0;1;1420;1350
2026-02;Mil-Sorgho;Céréales;Nord;Extrême-Nord;Soudano-sahélienne;0.866;0.5;62000;5100000;0.0;33.0;12.5;660;840;4;84;2.2;6.0;0;0;0;1;0;0;1;830;780
2026-02;Blé;Céréales;Littoral(Import);Centre;Forêt monomodale;0.866;0.5;0;3760000;30.0;28.0;2.0;0;840;4;84;2.2;6.0;1;0;0;0;0;0;1;1820;1700
2026-02;Manioc;"Tubercules, Racines et Plantains";Centre;Centre;Forêt bimodale;0.866;0.5;131000;3760000;20.0;26.0;30.5;620;840;4;84;2.2;6.0;0;0;0;0;0;0;1;920;850
2026-02;Plantain;"Tubercules, Racines et Plantains";Sud-Ouest;Littoral;Forêt monomodale;0.866;0.5;42000;3850000;40.0;27.5;25.0;710;840;3;168;2.2;6.0;0;0;0;1;0;0;1;3250;2950
2026-02;Macabo-Taro;"Tubercules, Racines et Plantains";Littoral;Littoral;Forêt monomodale;0.866;0.5;23500;3850000;40.0;27.5;28.5;650;840;4;84;2.2;6.0;0;0;0;0;0;0;1;1050;960
2026-02;Igname;"Tubercules, Racines et Plantains";Adamaoua;Centre;Savane guinéenne;0.866;0.5;26500;3760000;0.0;25.0;26.0;730;840;4;84;2.2;6.0;0;0;0;0;0;0;1;1280;1160
2026-02;Pomme de terre;"Tubercules, Racines et Plantains";Ouest;Littoral;Hauts Plateaux;0.866;0.5;20500;3850000;15.5;24.0;21.0;750;840;4;84;2.2;6.0;0;0;0;0;0;0;1;1450;1300
2026-02;Patate douce;"Tubercules, Racines et Plantains";Ouest;Centre;Hauts Plateaux;0.866;0.5;10200;3760000;15.5;24.0;23.0;630;840;4;84;2.2;6.0;0;0;0;0;0;0;1;980;890
2026-02;Tomate;Maraîchers;Ouest;Centre;Hauts Plateaux;0.866;0.5;17500;3760000;15.5;24.0;25.5;830;840;4;84;2.2;6.0;0;0;0;0;0;0;1;1950;1650
2026-02;Oignon;Maraîchers;Extrême-Nord;Centre;Soudano-sahélienne;0.866;0.5;27500;3760000;0.0;31.5;26.0;700;840;4;168;2.2;6.0;0;0;0;1;0;0;1;1720;1580
2026-02;Gombo;Maraîchers;Centre;Centre;Forêt bimodale;0.866;0.5;6200;3760000;20.0;26.0;42.0;660;840;4;84;2.2;6.0;0;0;0;0;0;0;1;1380;1260
2026-02;Piment;Maraîchers;Extrême-Nord;Littoral;Soudano-sahélienne;0.866;0.5;4600;3850000;0.0;31.5;32.0;810;840;4;168;2.2;6.0;0;0;0;1;0;0;1;2320;2150
2026-02;Poivron;Maraîchers;Extrême-Nord;Centre;Soudano-sahélienne;0.866;0.5;3900;3760000;0.0;31.5;37.0;790;840;4;168;2.2;6.0;0;0;0;1;0;0;1;2400;2220
2026-02;Ail;Maraîchers;Extrême-Nord;Centre;Soudano-sahélienne;0.866;0.5;1750;3760000;0.0;31.5;18.0;840;840;4;168;2.2;6.0;0;0;0;1;0;0;1;4950;4600
2026-02;Basilic;Maraîchers;Centre;Centre;Forêt bimodale;0.866;0.5;1350;3760000;20.0;26.0;55.0;680;840;4;84;2.2;6.0;0;0;0;0;0;0;1;1550;1420
2026-02;Légumes feuilles;Maraîchers;Centre;Centre;Forêt bimodale;0.866;0.5;8700;3760000;20.0;26.0;48.0;660;840;4;84;2.2;6.0;0;0;0;0;0;0;1;1220;1120
2026-02;Choux;Maraîchers;Ouest;Littoral;Hauts Plateaux;0.866;0.5;5600;3850000;15.5;24.0;32.0;730;840;4;84;2.2;6.0;0;0;0;0;0;0;1;1480;1360
2026-02;Pastèque;Maraîchers;Extrême-Nord;Centre;Soudano-sahélienne;0.866;0.5;3600;3760000;0.0;31.5;22.0;710;840;4;168;2.2;6.0;0;0;0;1;0;0;1;950;860
2026-02;Arachide;Oléagineux et Légumineuses;Nord;Centre;Soudano-sahélienne;0.866;0.5;63000;3760000;0.0;33.0;11.0;800;840;4;168;2.2;6.0;0;0;0;1;0;0;1;1750;1620
2026-02;Soja;Oléagineux et Légumineuses;Adamaoua;Centre;Savane guinéenne;0.866;0.5;10700;3760000;0.0;25.0;10.5;770;840;4;84;2.2;6.0;0;0;0;0;0;0;1;1580;1460
2026-02;Niébé;Oléagineux et Légumineuses;Extrême-Nord;Extrême-Nord;Soudano-sahélienne;0.866;0.5;46000;5100000;0.0;31.5;12.5;810;840;4;168;2.2;6.0;0;0;0;1;0;0;1;1680;1550
2026-02;Haricot sec;Oléagineux et Légumineuses;Ouest;Littoral;Hauts Plateaux;0.866;0.5;43000;3850000;15.5;24.0;8.5;750;840;4;84;2.2;6.0;0;0;0;0;0;0;1;1550;1420
2026-02;Huile de palme;Oléagineux et Légumineuses;Littoral;Centre;Forêt monomodale;0.866;0.5;66000;3760000;30.0;28.0;6.0;900;840;4;84;2.2;6.0;0;0;0;0;0;0;1;2350;2150
2026-02;Ananas;Fruits;Littoral;Centre;Forêt monomodale;0.866;0.5;10700;3760000;30.0;28.0;16.5;730;840;4;84;2.2;6.0;0;0;0;0;0;0;1;1350;1240
2026-02;Papaye;Fruits;Centre;Centre;Forêt bimodale;0.866;0.5;4600;3760000;20.0;26.0;36.0;680;840;4;84;2.2;6.0;0;0;0;0;0;0;1;1280;1180
2026-02;Mangue;Fruits;Nord;Centre;Soudano-sahélienne;0.866;0.5;8700;3760000;0.0;33.0;42.0;650;840;4;168;2.2;6.0;0;0;0;1;0;0;1;210;225
2026-02;Avocat;Fruits;Ouest;Littoral;Hauts Plateaux;0.866;0.5;17500;3850000;15.5;24.0;26.0;670;840;4;84;2.2;6.0;0;0;0;0;0;0;1;1250;1140
2026-02;Safou;Fruits;Littoral;Centre;Forêt monomodale;0.866;0.5;5600;3760000;30.0;28.0;41.0;690;840;4;84;2.2;6.0;0;0;0;0;0;0;1;1480;1350
2026-02;Citron;Fruits;Centre;Centre;Forêt bimodale;0.866;0.5;3600;3760000;20.0;26.0;21.0;680;840;4;84;2.2;6.0;0;0;0;0;0;0;1;1320;1200
2026-02;Orange;Fruits;Centre;Centre;Forêt bimodale;0.866;0.5;5600;3760000;20.0;26.0;21.0;700;840;4;84;2.2;6.0;0;0;0;0;0;0;1;1280;1160
2026-02;Banane douce;Fruits;Sud-Ouest;Littoral;Forêt monomodale;0.866;0.5;23500;3850000;40.0;27.5;30.0;720;840;3;168;2.2;6.0;0;0;0;1;0;0;1;3450;3050
2026-02;Cacao;Cultures de Rente et Stimulants;Centre;Littoral;Forêt bimodale;0.866;0.5;265000;3850000;20.0;26.0;6.0;940;840;4;84;2.2;6.0;0;0;0;0;0;0;1;8600;8350
2026-02;Café;Cultures de Rente et Stimulants;Ouest;Littoral;Hauts Plateaux;0.866;0.5;114000;3850000;15.5;24.0;5.0;900;840;4;84;2.2;6.0;0;0;0;0;0;0;1;4550;4280
2026-03;Maïs;Céréales;Ouest;Centre;Hauts Plateaux;1.0;0.0;63000;3760000;55.0;24.0;10.5;650;840;3;168;2.2;6.0;0;0;0;0;0;0;1;540;565
2026-03;Riz;Céréales;Extrême-Nord;Centre;Soudano-sahélienne;1.0;0.0;31000;3760000;0.0;33.5;5.0;690;840;3;168;2.2;6.0;1;0;0;1;0;0;1;1350;1420
2026-03;Mil-Sorgho;Céréales;Nord;Extrême-Nord;Soudano-sahélienne;1.0;0.0;62000;5100000;0.0;35.0;12.5;670;840;3;168;2.2;6.0;0;0;0;1;0;0;1;780;820
2026-03;Blé;Céréales;Littoral(Import);Centre;Forêt monomodale;1.0;0.0;0;3760000;55.0;28.0;2.0;0;840;3;168;2.2;6.0;1;0;0;0;0;0;1;1700;1780
2026-03;Manioc;"Tubercules, Racines et Plantains";Centre;Centre;Forêt bimodale;1.0;0.0;131000;3760000;45.0;27.0;32.5;630;840;3;168;2.2;6.0;0;0;0;0;0;0;1;850;880
2026-03;Plantain;"Tubercules, Racines et Plantains";Sud-Ouest;Littoral;Forêt monomodale;1.0;0.0;42000;3850000;65.0;28.5;26.0;720;840;2;252;2.2;6.0;0;0;0;1;0;0;1;2950;3100
2026-03;Macabo-Taro;"Tubercules, Racines et Plantains";Littoral;Littoral;Forêt monomodale;1.0;0.0;23500;3850000;65.0;28.5;29.5;660;840;3;168;2.2;6.0;0;0;0;0;0;0;1;960;1020
2026-03;Igname;"Tubercules, Racines et Plantains";Adamaoua;Centre;Savane guinéenne;1.0;0.0;26500;3760000;10.0;26.0;26.5;740;840;3;168;2.2;6.0;0;0;0;0;0;0;1;1160;1220
2026-03;Pomme de terre;"Tubercules, Racines et Plantains";Ouest;Littoral;Hauts Plateaux;1.0;0.0;20500;3850000;55.0;24.0;23.0;760;840;3;168;2.2;6.0;0;0;0;0;0;0;1;1300;1380
2026-03;Patate douce;"Tubercules, Racines et Plantains";Ouest;Centre;Hauts Plateaux;1.0;0.0;10200;3760000;55.0;24.0;24.0;640;840;3;168;2.2;6.0;0;0;0;0;0;0;1;890;940
2026-03;Tomate;Maraîchers;Ouest;Centre;Hauts Plateaux;1.0;0.0;17500;3760000;55.0;24.0;28.5;840;840;3;168;2.2;6.0;0;0;0;0;0;0;1;1650;1750
2026-03;Oignon;Maraîchers;Extrême-Nord;Centre;Soudano-sahélienne;1.0;0.0;27500;3760000;0.0;34.0;26.5;710;840;2;252;2.2;6.0;0;0;0;1;0;0;1;1580;1680
2026-03;Gombo;Maraîchers;Centre;Centre;Forêt bimodale;1.0;0.0;6200;3760000;45.0;27.0;44.0;670;840;3;168;2.2;6.0;0;0;0;0;0;0;1;1260;1340
2026-03;Piment;Maraîchers;Extrême-Nord;Littoral;Soudano-sahélienne;1.0;0.0;4600;3850000;0.0;34.0;32.5;820;840;2;252;2.2;6.0;0;0;0;1;0;0;1;2150;2280
2026-03;Poivron;Maraîchers;Extrême-Nord;Centre;Soudano-sahélienne;1.0;0.0;3900;3760000;0.0;34.0;37.5;800;840;2;252;2.2;6.0;0;0;0;1;0;0;1;2220;2350
2026-03;Ail;Maraîchers;Extrême-Nord;Centre;Soudano-sahélienne;1.0;0.0;1750;3760000;0.0;34.0;18.5;850;840;2;252;2.2;6.0;0;0;0;1;0;0;1;4600;4850
2026-03;Basilic;Maraîchers;Centre;Centre;Forêt bimodale;1.0;0.0;1350;3760000;45.0;27.0;57.0;690;840;3;168;2.2;6.0;0;0;0;0;0;0;1;1420;1480
2026-03;Légumes feuilles;Maraîchers;Centre;Centre;Forêt bimodale;1.0;0.0;8700;3760000;45.0;27.0;50.0;670;840;3;168;2.2;6.0;0;0;0;0;0;0;1;1120;1180
2026-03;Choux;Maraîchers;Ouest;Littoral;Hauts Plateaux;1.0;0.0;5600;3850000;55.0;24.0;34.0;740;840;3;168;2.2;6.0;0;0;0;0;0;0;1;1360;1450
2026-03;Pastèque;Maraîchers;Extrême-Nord;Centre;Soudano-sahélienne;1.0;0.0;3600;3760000;0.0;34.0;22.5;720;840;2;252;2.2;6.0;0;0;0;1;0;0;1;860;910
2026-03;Arachide;Oléagineux et Légumineuses;Nord;Centre;Soudano-sahélienne;1.0;0.0;63000;3760000;0.0;34.5;11.5;810;840;2;252;2.2;6.0;0;0;0;1;0;0;1;1620;1720
2026-03;Soja;Oléagineux et Légumineuses;Adamaoua;Centre;Savane guinéenne;1.0;0.0;10700;3760000;10.0;26.0;11.0;780;840;3;168;2.2;6.0;0;0;0;0;0;0;1;1460;1550
2026-03;Niébé;Oléagineux et Légumineuses;Extrême-Nord;Extrême-Nord;Soudano-sahélienne;1.0;0.0;46000;5100000;0.0;34.0;13.0;820;840;3;168;2.2;6.0;0;0;0;1;0;0;1;1550;1660
2026-03;Haricot sec;Oléagineux et Légumineuses;Ouest;Littoral;Hauts Plateaux;1.0;0.0;43000;3850000;55.0;24.0;9.5;760;840;3;168;2.2;6.0;0;0;0;0;0;0;1;1420;1510
2026-03;Huile de palme;Oléagineux et Légumineuses;Littoral;Centre;Forêt monomodale;1.0;0.0;66000;3760000;65.0;28.5;6.5;910;840;3;168;2.2;6.0;0;0;0;0;0;0;1;2150;2280
2026-03;Ananas;Fruits;Littoral;Centre;Forêt monomodale;1.0;0.0;10700;3760000;65.0;28.5;18.0;740;840;3;168;2.2;6.0;0;0;0;0;0;0;1;1240;1320
2026-03;Papaye;Fruits;Centre;Centre;Forêt bimodale;1.0;0.0;4600;3760000;45.0;27.0;38.0;690;840;3;168;2.2;6.0;0;0;0;0;0;0;1;1180;1250
2026-03;Mangue;Fruits;Nord;Centre;Soudano-sahélienne;1.0;0.0;8700;3760000;0.0;34.5;43.0;660;840;2;252;2.2;6.0;0;0;0;1;0;0;1;225;255
2026-03;Avocat;Fruits;Ouest;Littoral;Hauts Plateaux;1.0;0.0;17500;3850000;55.0;24.0;28.0;680;840;3;168;2.2;6.0;0;0;0;0;0;0;1;1140;1220
2026-03;Safou;Fruits;Littoral;Centre;Forêt monomodale;1.0;0.0;5600;3760000;65.0;28.5;43.0;700;840;3;168;2.2;6.0;0;0;0;0;0;0;1;1350;1450
2026-03;Citron;Fruits;Centre;Centre;Forêt bimodale;1.0;0.0;3600;3760000;45.0;27.0;23.0;690;840;3;168;2.2;6.0;0;0;0;0;0;0;1;1200;1280
2026-03;Orange;Fruits;Centre;Centre;Forêt bimodale;1.0;0.0;5600;3760000;45.0;27.0;23.0;710;840;3;168;2.2;6.0;0;0;0;0;0;0;1;1160;1250
2026-03;Banane douce;Fruits;Sud-Ouest;Littoral;Forêt monomodale;1.0;0.0;23500;3850000;65.0;28.5;32.0;730;840;2;252;2.2;6.0;0;0;0;1;0;0;1;2950;3150
2026-03;Cacao;Cultures de Rente et Stimulants;Centre;Littoral;Forêt bimodale;1.0;0.0;265000;3850000;45.0;27.0;6.5;950;840;3;168;2.2;6.0;0;0;0;0;0;0;1;8350;8750
2026-03;Café;Cultures de Rente et Stimulants;Ouest;Littoral;Hauts Plateaux;1.0;0.0;114000;3850000;55.0;24.0;5.5;910;840;3;168;2.2;6.0;0;0;0;0;0;0;1;4280;4550
2026-04;Maïs;Céréales;Ouest;Centre;Hauts Plateaux;0.866;-0.5;63000;3760000;110.0;23.5;11.5;660;840;2;252;2.2;6.0;0;0;0;0;0;0;1;565;610
2026-04;Riz;Céréales;Extrême-Nord;Centre;Soudano-sahélienne;0.866;-0.5;31000;3760000;10.0;35.0;5.5;700;840;2;252;2.2;6.0;1;0;0;1;0;0;1;1420;1550
2026-04;Mil-Sorgho;Céréales;Nord;Extrême-Nord;Soudano-sahélienne;0.866;-0.5;62000;5100000;10.0;36.0;13.0;680;840;2;252;2.2;6.0;0;0;0;1;0;0;1;820;890
2026-04;Blé;Céréales;Littoral(Import);Centre;Forêt monomodale;0.866;-0.5;0;3760000;130.0;27.0;2.5;0;840;2;252;2.2;6.0;1;0;0;0;0;0;1;1780;1950
2026-04;Manioc;"Tubercules, Racines et Plantains";Centre;Centre;Forêt bimodale;0.866;-0.5;131000;3760000;130.0;26.0;35.5;640;840;2;252;2.2;6.0;0;0;0;0;0;0;1;880;960
2026-04;Plantain;"Tubercules, Racines et Plantains";Sud-Ouest;Littoral;Forêt monomodale;0.866;-0.5;42000;3850000;160.0;27.5;28.5;730;840;1;336;2.2;6.0;0;0;0;1;0;0;1;3100;3450
2026-04;Macabo-Taro;"Tubercules, Racines et Plantains";Littoral;Littoral;Forêt monomodale;0.866;-0.5;23500;3850000;160.0;27.5;32.0;670;840;2;252;2.2;6.0;0;0;0;0;0;0;1;1020;1120
2026-04;Igname;"Tubercules, Racines et Plantains";Adamaoua;Centre;Savane guinéenne;0.866;-0.5;26500;3760000;45.0;25.0;28.5;750;840;2;252;2.2;6.0;0;0;0;0;0;0;1;1220;1350
2026-04;Pomme de terre;"Tubercules, Racines et Plantains";Ouest;Littoral;Hauts Plateaux;0.866;-0.5;20500;3850000;110.0;23.5;26.0;770;840;2;252;2.2;6.0;0;0;0;0;0;0;1;1380;1520
2026-04;Patate douce;"Tubercules, Racines et Plantains";Ouest;Centre;Hauts Plateaux;0.866;-0.5;10200;3760000;110.0;23.5;27.0;650;840;2;252;2.2;6.0;0;0;0;0;0;0;1;940;1050
2026-04;Tomate;Maraîchers;Ouest;Centre;Hauts Plateaux;0.866;-0.5;17500;3760000;110.0;23.5;32.0;850;840;2;252;2.2;6.0;0;0;0;0;0;0;1;1750;2100
2026-04;Oignon;Maraîchers;Extrême-Nord;Centre;Soudano-sahélienne;0.866;-0.5;27500;3760000;10.0;35.0;28.5;720;840;2;252;2.2;6.0;0;0;0;1;0;0;1;1680;1850
2026-04;Gombo;Maraîchers;Centre;Centre;Forêt bimodale;0.866;-0.5;6200;3760000;130.0;26.0;48.0;680;840;2;252;2.2;6.0;0;0;0;0;0;0;1;1340;1480
2026-04;Piment;Maraîchers;Extrême-Nord;Littoral;Soudano-sahélienne;0.866;-0.5;4600;3850000;10.0;35.0;35.0;830;840;2;252;2.2;6.0;0;0;0;1;0;0;1;2280;2500
2026-04;Poivron;Maraîchers;Extrême-Nord;Centre;Soudano-sahélienne;0.866;-0.5;3900;3760000;10.0;35.0;40.0;810;840;2;252;2.2;6.0;0;0;0;1;0;0;1;2350;2600
2026-04;Ail;Maraîchers;Extrême-Nord;Centre;Soudano-sahélienne;0.866;-0.5;1750;3760000;10.0;35.0;20.5;860;840;2;252;2.2;6.0;0;0;0;1;0;0;1;4850;5350
2026-04;Basilic;Maraîchers;Centre;Centre;Forêt bimodale;0.866;-0.5;1350;3760000;130.0;26.0;60.0;700;840;2;252;2.2;6.0;0;0;0;0;0;0;1;1480;1650
2026-04;Légumes feuilles;Maraîchers;Centre;Centre;Forêt bimodale;0.866;-0.5;8700;3760000;130.0;26.0;53.0;680;840;2;252;2.2;6.0;0;0;0;0;0;0;1;1180;1320
2026-04;Choux;Maraîchers;Ouest;Littoral;Hauts Plateaux;0.866;-0.5;5600;3850000;110.0;23.5;37.0;750;840;2;252;2.2;6.0;0;0;0;0;0;0;1;1450;1620
2026-04;Pastèque;Maraîchers;Extrême-Nord;Centre;Soudano-sahélienne;0.866;-0.5;3600;3760000;10.0;35.0;24.5;730;840;2;252;2.2;6.0;0;0;0;1;0;0;1;910;1020
2026-04;Arachide;Oléagineux et Légumineuses;Nord;Centre;Soudano-sahélienne;0.866;-0.5;63000;3760000;10.0;35.5;12.5;820;840;2;252;2.2;6.0;0;0;0;1;0;0;1;1720;1900
2026-04;Soja;Oléagineux et Légumineuses;Adamaoua;Centre;Savane guinéenne;0.866;-0.5;10700;3760000;45.0;25.0;12.0;790;840;2;252;2.2;6.0;0;0;0;0;0;0;1;1550;1720
2026-04;Niébé;Oléagineux et Légumineuses;Extrême-Nord;Extrême-Nord;Soudano-sahélienne;0.866;-0.5;46000;5100000;10.0;35.0;14.0;830;840;2;252;2.2;6.0;0;0;0;1;0;0;1;1660;1850
2026-04;Haricot sec;Oléagineux et Légumineuses;Ouest;Littoral;Hauts Plateaux;0.866;-0.5;43000;3850000;110.0;23.5;11.0;770;840;2;252;2.2;6.0;0;0;0;0;0;0;1;1510;1680
2026-04;Huile de palme;Oléagineux et Légumineuses;Littoral;Centre;Forêt monomodale;0.866;-0.5;66000;3760000;160.0;27.5;7.5;920;840;2;252;2.2;6.0;0;0;0;0;0;0;1;2280;2550
2026-04;Ananas;Fruits;Littoral;Centre;Forêt monomodale;0.866;-0.5;10700;3760000;160.0;27.5;20.5;750;840;2;252;2.2;6.0;0;0;0;0;0;0;1;1320;1480
2026-04;Papaye;Fruits;Centre;Centre;Forêt bimodale;0.866;-0.5;4600;3760000;130.0;26.0;41.0;700;840;2;252;2.2;6.0;0;0;0;0;0;0;1;1250;1400
2026-04;Mangue;Fruits;Nord;Centre;Soudano-sahélienne;0.866;-0.5;8700;3760000;10.0;35.5;44.0;670;840;2;252;2.2;6.0;0;0;0;1;0;0;1;255;240
2026-04;Avocat;Fruits;Ouest;Littoral;Hauts Plateaux;0.866;-0.5;17500;3850000;110.0;23.5;31.0;690;840;2;252;2.2;6.0;0;0;0;0;0;0;1;1220;1350
2026-04;Safou;Fruits;Littoral;Centre;Forêt monomodale;0.866;-0.5;5600;3760000;160.0;27.5;46.0;710;840;2;252;2.2;6.0;0;0;0;0;0;0;1;1450;1620
2026-04;Citron;Fruits;Centre;Centre;Forêt bimodale;0.866;-0.5;3600;3760000;130.0;26.0;25.0;700;840;2;252;2.2;6.0;0;0;0;0;0;0;1;1280;1420
2026-04;Orange;Fruits;Centre;Centre;Forêt bimodale;0.866;-0.5;5600;3760000;130.0;26.0;25.0;720;840;2;252;2.2;6.0;0;0;0;0;0;0;1;1250;1380
2026-04;Banane douce;Fruits;Sud-Ouest;Littoral;Forêt monomodale;0.866;-0.5;23500;3850000;160.0;27.5;34.5;740;840;1;336;2.2;6.0;0;0;0;1;0;0;1;3150;3550
2026-04;Cacao;Cultures de Rente et Stimulants;Centre;Littoral;Forêt bimodale;0.866;-0.5;265000;3850000;130.0;26.0;7.5;960;840;2;252;2.2;6.0;0;0;0;0;0;0;1;8750;9050
2026-04;Café;Cultures de Rente et Stimulants;Ouest;Littoral;Hauts Plateaux;0.866;-0.5;114000;3850000;110.0;23.5;6.5;920;840;2;252;2.2;6.0;0;0;0;0;0;0;1;4550;4950
2026-05;Maïs;Céréales;Ouest;Centre;Hauts Plateaux;0.5;-0.866;63000;3760000;160.0;23.0;13.5;670;840;1;336;2.2;6.0;0;0;0;0;0;0;1;610;680
2026-05;Riz;Céréales;Extrême-Nord;Centre;Soudano-sahélienne;0.5;-0.866;31000;3760000;35.0;34.0;6.5;710;840;1;336;2.2;6.0;1;0;0;1;0;0;1;1550;1720
2026-05;Mil-Sorgho;Céréales;Nord;Extrême-Nord;Soudano-sahélienne;0.5;-0.866;62000;5100000;35.0;34.0;14.0;690;840;1;336;2.2;6.0;0;0;0;1;0;0;1;890;980
2026-05;Blé;Céréales;Littoral(Import);Centre;Forêt monomodale;0.5;-0.866;0;3760000;190.0;26.0;3.5;0;840;1;336;2.2;6.0;1;0;0;0;0;0;1;1950;2180
2026-05;Manioc;"Tubercules, Racines et Plantains";Centre;Centre;Forêt bimodale;0.5;-0.866;131000;3760000;190.0;25.0;38.5;650;840;1;336;2.2;6.0;0;0;0;0;0;0;1;960;1080
2026-05;Plantain;"Tubercules, Racines et Plantains";Sud-Ouest;Littoral;Forêt monomodale;0.5;-0.866;42000;3850000;230.0;26.5;32.5;740;840;1;420;2.2;6.0;0;0;0;1;0;0;1;3450;3850
2026-05;Macabo-Taro;"Tubercules, Racines et Plantains";Littoral;Littoral;Forêt monomodale;0.5;-0.866;23500;3850000;230.0;26.5;35.0;680;840;1;336;2.2;6.0;0;0;0;0;0;0;1;1120;1250
2026-05;Igname;"Tubercules, Racines et Plantains";Adamaoua;Centre;Savane guinéenne;0.5;-0.866;26500;3760000;90.0;24.0;31.5;760;840;1;336;2.2;6.0;0;0;0;0;0;0;1;1350;1520
2026-05;Pomme de terre;"Tubercules, Racines et Plantains";Ouest;Littoral;Hauts Plateaux;0.5;-0.866;20500;3850000;160.0;23.0;29.0;780;840;1;336;2.2;6.0;0;0;0;0;0;0;1;1520;1720
2026-05;Patate douce;"Tubercules, Racines et Plantains";Ouest;Centre;Hauts Plateaux;0.5;-0.866;10200;3760000;160.0;23.0;30.0;660;840;1;336;2.2;6.0;0;0;0;0;0;0;1;1050;1180
2026-05;Tomate;Maraîchers;Ouest;Centre;Hauts Plateaux;0.5;-0.866;17500;3760000;160.0;23.0;35.0;860;840;1;336;2.2;6.0;0;0;0;0;0;0;1;2100;2450
2026-05;Oignon;Maraîchers;Extrême-Nord;Centre;Soudano-sahélienne;0.5;-0.866;27500;3760000;35.0;34.0;31.5;730;840;1;336;2.2;6.0;0;0;0;1;0;0;1;1850;2080
2026-05;Gombo;Maraîchers;Centre;Centre;Forêt bimodale;0.5;-0.866;6200;3760000;190.0;25.0;51.0;690;840;1;336;2.2;6.0;0;0;0;0;0;0;1;1480;1650
2026-05;Piment;Maraîchers;Extrême-Nord;Littoral;Soudano-sahélienne;0.5;-0.866;4600;3850000;35.0;34.0;38.0;840;840;1;336;2.2;6.0;0;0;0;1;0;0;1;2500;2820
2026-05;Poivron;Maraîchers;Extrême-Nord;Centre;Soudano-sahélienne;0.5;-0.866;3900;3760000;35.0;34.0;43.0;820;840;1;336;2.2;6.0;0;0;0;1;0;0;1;2600;2920
2026-05;Ail;Maraîchers;Extrême-Nord;Centre;Soudano-sahélienne;0.5;-0.866;1750;3760000;35.0;34.0;23.5;870;840;1;336;2.2;6.0;0;0;0;1;0;0;1;5350;5950
2026-05;Basilic;Maraîchers;Centre;Centre;Forêt bimodale;0.5;-0.866;1350;3760000;190.0;25.0;63.0;710;840;1;336;2.2;6.0;0;0;0;0;0;0;1;1650;1850
2026-05;Légumes feuilles;Maraîchers;Centre;Centre;Forêt bimodale;0.5;-0.866;8700;3760000;190.0;25.0;56.0;690;840;1;336;2.2;6.0;0;0;0;0;0;0;1;1320;1480
2026-05;Choux;Maraîchers;Ouest;Littoral;Hauts Plateaux;0.5;-0.866;5600;3850000;160.0;23.0;40.0;760;840;1;336;2.2;6.0;0;0;0;0;0;0;1;1620;1820
2026-05;Pastèque;Maraîchers;Extrême-Nord;Centre;Soudano-sahélienne;0.5;-0.866;3600;3760000;35.0;34.0;27.5;740;840;1;336;2.2;6.0;0;0;0;1;0;0;1;1020;1150
2026-05;Arachide;Oléagineux et Légumineuses;Nord;Centre;Soudano-sahélienne;0.5;-0.866;63000;3760000;35.0;32.5;14.5;830;840;1;336;2.2;6.0;0;0;0;1;0;0;1;1900;2150
2026-05;Soja;Oléagineux et Légumineuses;Adamaoua;Centre;Savane guinéenne;0.5;-0.866;10700;3760000;90.0;24.0;14.0;800;840;1;336;2.2;6.0;0;0;0;0;0;0;1;1720;1920
2026-05;Niébé;Oléagineux et Légumineuses;Extrême-Nord;Extrême-Nord;Soudano-sahélienne;0.5;-0.866;46000;5100000;35.0;34.0;16.0;840;840;1;336;2.2;6.0;0;0;0;1;0;0;1;1850;2080
2026-05;Haricot sec;Oléagineux et Légumineuses;Ouest;Littoral;Hauts Plateaux;0.5;-0.866;43000;3850000;160.0;23.0;13.5;780;840;1;336;2.2;6.0;0;0;0;0;0;0;1;1680;1880
2026-05;Huile de palme;Oléagineux et Légumineuses;Littoral;Centre;Forêt monomodale;0.5;-0.866;66000;3760000;230.0;26.5;9.5;930;840;1;336;2.2;6.0;0;0;0;0;0;0;1;2550;2850
2026-05;Ananas;Fruits;Littoral;Centre;Forêt monomodale;0.5;-0.866;10700;3760000;230.0;26.5;23.5;760;840;1;336;2.2;6.0;0;0;0;0;0;0;1;1480;1650
2026-05;Papaye;Fruits;Centre;Centre;Forêt bimodale;0.5;-0.866;4600;3760000;190.0;25.0;44.0;710;840;1;336;2.2;6.0;0;0;0;0;0;0;1;1400;1550
2026-05;Mangue;Fruits;Nord;Centre;Soudano-sahélienne;0.5;-0.866;8700;3760000;35.0;32.5;47.0;680;840;1;336;2.2;6.0;0;0;0;1;0;0;1;240;220
2026-05;Avocat;Fruits;Ouest;Littoral;Hauts Plateaux;0.5;-0.866;17500;3850000;160.0;23.0;34.0;700;840;1;336;2.2;6.0;0;0;0;0;0;0;1;1350;1500
2026-05;Safou;Fruits;Littoral;Centre;Forêt monomodale;0.5;-0.866;5600;3760000;230.0;26.5;49.0;720;840;1;336;2.2;6.0;0;0;0;0;0;0;1;1620;1820
2026-05;Citron;Fruits;Centre;Centre;Forêt bimodale;0.5;-0.866;3600;3760000;190.0;25.0;28.0;710;840;1;336;2.2;6.0;0;0;0;0;0;0;1;1420;1580
2026-05;Orange;Fruits;Centre;Centre;Forêt bimodale;0.5;-0.866;5600;3760000;190.0;25.0;28.0;730;840;1;336;2.2;6.0;0;0;0;0;0;0;1;1380;1540
2026-05;Banane douce;Fruits;Sud-Ouest;Littoral;Forêt monomodale;0.5;-0.866;23500;3850000;230.0;26.5;37.5;750;840;1;420;2.2;6.0;0;0;0;1;0;0;1;3550;4050
2026-05;Cacao;Cultures de Rente et Stimulants;Centre;Littoral;Forêt bimodale;0.5;-0.866;265000;3850000;190.0;25.0;8.5;970;840;1;336;2.2;6.0;0;0;0;0;0;0;1;9050;9350
2026-05;Café;Cultures de Rente et Stimulants;Ouest;Littoral;Hauts Plateaux;0.5;-0.866;114000;3850000;160.0;23.0;7.5;930;840;1;336;2.2;6.0;0;0;0;0;0;0;1;4950;5350
























